SORT,Catalogue,Title,Opus,Type,Key,Workparts,Instrmentation,Note,Rec_recmd
1,BuxWV 1,"Accedite gentes, accurite populi",,Cantata,,,"Choir (SSATB), 2 Violins, Basso Continuo",,
2,BuxWV 2,Afferte Domino gloriam honorem,,Cantata,,,"SSB, Basso Continuo",,
3,BuxWV 3,All solch dein Gut wir preisen,,Cantata,,,"Choir (SSATB), 2 Violins, 2 Violas, Cello, Basso Continuo",,
4,BuxWV 4,"Alles, was ihr tut mit Worten oder mit Werken",,Cantata,,,"Choir (SATB), 2 Violins, 2 Violas, Cello, Basso Continuo",,
5,BuxWV 5,Also hat Gott die Welt geliebet,,Cantata,,,"S, 2 Violins, Viola da Gamba, Basso Continuo",,
6,BuxWV 6,"An filius non est Dei, fons gratiae salus rei",,Cantata,,,"ATB, 3 Violas da Gamba/3 Trombones, Basso Continuo",,
7,BuxWV 7,Aperite mihi portas justitiae,,Cantata,,,"ATB, 2 Violins, Basso Continuo",,
8,BuxWV 8,"Att du, Jesu, will mig hora",,Cantata,,,"S, 2 Violins, Basso Continuo",,
9,BuxWV 9,"Bedenke, Mensch, das Ende, bedenke dienen Tod",,Cantata,,,"SSB, 3 Violins, Cello, Basso Continuo",,
10,BuxWV 10,"Befiehl dem Engel, dass er komm",,Cantata,,,"Choir (SATB), 2 Violins, Cello, Basso Continuo",,
11,BuxWV 11,"Canite Jesu nostro citharae, cymbala, organa",,Cantata,,,"Choir (SSB), 2 Violins, Cello, Basso Continuo",,
12,BuxWV 12,Cantata Domino canticum novum,,Cantata,,,"SSB, Basso Continuo",,
13,BuxWV 13,"Das neugeborne Kindelein, das herzeliebe Jesulein",,Cantata,,,"Choir (SATB), 3 Violins, Cello/Bassoon, Basso Continuo",,
14,BuxWV 14,"Dein edles Herz, der Liebe Thron",,Cantata,,,"Choir (SATB), 2 Violins, 2 Violas, Cello, Basso Continuo",,
15,BuxWV 15,"Der Herr ist mit mir, darum furchte ich micht nicht",,Cantata,,,"Choir (SATB), 2 Violins, Cello, Basso Continuo",,
16,BuxWV 16,Dies ist der Tag,,Cantata,G major,,"S, 2 Violins, Cello, Basso Continuo",[perdu],
17,BuxWV 17,Dixit Dominus Domino meo,,Cantata,,,"S/T, 2 Violins, 2 Violas, Cello, Basso Continuo",,
18,BuxWV 18,"Domine, savum fac regem, exaudi nos",,Cantata,,,"Choir (SSATB), 2 Violins, 2 Violas, Cello, Basso Continuo",,
19,BuxWV 19,Drei schone Dinge sind,,Cantata,,,"SB, 2 Violins, Cello,, Basso Continuo",,
20,BuxWV 20,"Du Frieden-Furst, Herr Jesu Christ",,Cantata,,,"Choir (SSATB), 2 Violins, Cello, Basso Continuo",,
21,BuxWV 21,"Du Frieden-Furst, Herr Jesu Christ",,Cantata,,,"SSB, 2 Violins, 2 Violas, Cello/Bassoon, Basso Continuo",,
22,BuxWV 22,"Du Lebensfurst, Herr Jesu Christ",,Cantata,,,"solistes (SATB), Choir (SATB), 2 Violins, 2 violettas, Cello, Basso Continuo",,
23,BuxWV 23,Ecce nunc benedicite Domino,,Cantata,,,"Choir (ATTB), 2 Violins, Cello, Basso Continuo",,
24,BuxWV 24,Eins bitte ich vom Herrn,,Cantata,,,"Choir (SSATB), 2 Violins, 2 Flutes, 2 Violas, Cello, Basso Continuo",,
25,BuxWV 25,"Entreisst euch, meine Sinnen",,Cantata,,,"S, 2 Violins, Basso Continuo",,
26,BuxWV 26,"Erfreue dich, Erde! Du Himmel erschall!",,Cantata,,,"SSATB, 2 Trumpets, Timpani, 2 Violins, 2 Violas, Cello, Basso Continuo",[parodie de BuxWV 122],
27,BuxWV 27,"Erhalt uns, Herr, bei deinem Wort",,Cantata,,,"Choir (SATB), 2 Violins, Cello/Bassoon/Bombard, Basso Continuo (Organ)",,
28,BuxWV 28,Fallax mundus ornat vultus,,Cantata,,,"S, 2 Violins, Basso Continuo",,
29,BuxWV 29,Frohlocket mit Handen,,Cantata,,,"Choir (SSATB), 2 Trumpets, 2 Violins, 2 Violas, Cello, Basso Continuo",,
30,BuxWV 30,"Furchtet euch nicht, siehe ich verkundige euch grosse Freude",,Cantata,,,"SB, 2 Violins, Basso Continuo",,
31,BuxWV 31,"Furwahr, er trug unsere Krankheit",,Cantata,,,"SSATB, 2 Violins, 2 Violas da Gamba, Cello/Bassoon, Basso Continuo",,
32,BuxWV 32,Gen Himmel zu dem Vater mein,,Cantata,,,"S, Violin, Viola da Gamba, Basso Continuo",,
33,BuxWV 33,Gott fahret auf mit Jauchzen,,Cantata,,,"SSB, 2 Trumpets, 2 Trombones, 2 Horns, Bassoon, 2 Violins, 2 Violas, Basso Continuo",,
34,BuxWV 34,"Gott hilf mir, denn das Wasser geht mit bis an die Seele",,Cantata,,,"SSATBB, 2 Violins, 2 Violas, Cello, Basso Continuo",,
35,BuxWV 35,"Herr, auf dich traue ich",,Cantata,,,"S, 2 Violins, Basso Continuo",,
36,BuxWV 36,"Herr, ich lasse dich nicht",,Cantata,,,"TB, 2 Violins, 2 Violas, Cello/Viola da Gamba, Basso Continuo",,
37,BuxWV 37,"Herr, nun lasst du dienen Diener in Frieden fahren",,Cantata,,,"T, 2 Violins, Basso Continuo",,
38,BuxWV 38,"Herr, wenn ich nur dich hab",,Cantata,,,"S, 2 Violins, Basso Continuo",[1ère version],
39,BuxWV 39,"Herr, wenn ich nur dich habe",,Cantata,,,"S, 2 Violins, Cello/Viola da Gamba, Basso Continuo (Theorbo, Organ)",[2è version],
40,BuxWV 40,Herren var Gud - Der Herr erhore dich,,Cantata,,,"SATB, 2 Violins, Cello, Basso Continuo",,
41,BuxWV 41,"Herzlich lieb, had ich dich o Herr",,Cantata,,,"SSATB, 2 Trumpets, 2 Violins, 2 Violas, Cello/Bassoon, Basso Continuo",,
42,BuxWV 42,Herzlich tut mich verlangen,,Cantata,,,"S, 2 Violins, Basso Continuo",,
43,BuxWV 43,Heut triumphieret Gottes Sohn,,Cantata,,,"SSATB, 2 Trumpets, 2 Violins, 2 Violas, Cello, Basso Continuo",,
44,BuxWV 44,Ich bin die Auferstehung und das Leben,,Cantata,,,"B, 2 Trumpets, 2 Horns, Bassoon, 2 Violins, 2 Violas, Basso Continuo",,
45,BuxWV 45,Ich bin eine Blume zu Saron,,Cantata,,,"B, 2 Violins, Cello, Basso Continuo",,
46,BuxWV 46,Ich habe Lust abzuscheiden,,Cantata,,,"SSB, 2 Violins, Cello/Bassoon, Basso Continuo/Organ",[1ère version],
47,BuxWV 47,Ich habe Lust abzuscheiden,,Cantata,,,"SSB, 2 Violins, Cello, Basso Continuo",[2è version],
48,BuxWV 48,"Ich halte es dafur, dass dieser Zeit Leider der Herrlichkeit nicht wert sei",,Cantata,,,"SB, 2 Violins, Cello, Basso Continuo",,
49,BuxWV 49,Ich sprach in meinem Herzen,,Cantata,,,"S, 3 Violins, Bassoon, Basso Continuo",,
50,BuxWV 50,Ich suchte des Nachts in meinem Bette,,Cantata,,,"TB, 2 hautbois, 2 Violins, Cello, Basso Continuo",,
51,BuxWV 51,"Ihr lieben Christen, freut euch nun",,Cantata,,,"SSATB, Bassoon, 3 Horns, 2 Trumpets, 3 Trombones, 3 Violins, 2 Violas, Cello, Basso Continuo",,
52,BuxWV 52,"In dulci jubilo, nun singet und seid froh!",,Cantata,,,"SSB, 2 Violins, Basso Continuo",,
53,BuxWV 53,"In te, Domine, speravi. Non confundat in aeternum",,Cantata,,,"SAB, Basso Continuo",,
54,BuxWV 54,"Ist est recht, dass man dem Kaiser Zinse gebe oder nicht?",,Cantata,,,"SSATB, 2 Violins, 2 Violas, Cello, Basso Continuo",,
55,BuxWV 55,"Je hoher du bist, je mehr dich demutige",,Cantata,,,"SSB, 2 Violins, Cello, Basso Continuo",,
56,BuxWV 56,Jesu dulcis memoria,,Cantata,,,"SS, 2 Violins, Cello, Basso Continuo",,
57,BuxWV 57,Jesu dulcis memoria,,Cantata,,,"ATB, 2 Violins, Basso Continuo",,
58,BuxWV 58,Jesu komm mein Trost und Lachen,,Cantata,,,"ATB, 2 Violins, Viola, Cello, Basso Continuo",,
59,BuxWV 59,Jesu meine Freud und Lust,,Cantata,,,"A, 2 Violins, Viola, Cello, Basso Continuo",,
60,BuxWV 60,"Jesu meine Freude, meiner Herzens Weide",,Cantata,,,"SSB, 2 Violins, Bassoon, Basso Continuo",,
61,BuxWV 61,"Jesu, meiner Freuden Meister",,Cantata,,,"SATB, 3 Violas, Cello, Basso Continuo",,
62,BuxWV 62,"Jesu, meines Lebens Leben",,Cantata,,,"SATB, 2 Violins, 2 Violas, Cello, Basso Continuo",,
63,BuxWV 63,"Jesulin, du Tansendschon, Blulein aus dem Himmelsgarten",,Cantata,,,"ATB, 2 Violins, Cello/Bassoon, Basso Continuo",,
64,BuxWV 64,"Jubilate Domino, omnis terra",,Cantata,,,"A, Viola da Gamba, Basso Continuo",,
65,BuxWV 65,"Klinget mit Freuden, ihr klaron Klarinen",,Cantata,,,"SSB, 2 Trumpets, 2 Violins, Basso Continuo","Fête de la Circoncision, [parodie de BuxWV 119]",
66,BuxWV 66,"Kommst du, Licht der Heiden",,Cantata,,,"SSB, 2 Violins, 2 Violas, Cello, Basso Continuo",,
67,BuxWV 67,Lauda anima mea Dominum,,Cantata,,,"S, 2 Violins, Cello, Basso Continuo",,
68,BuxWV 68,Lauda Sion Salvatorem,,Cantata,,,"SSB, 2 Violins, Viola da Gamba, Basso Continuo",,
69,BuxWV 69,"Laudate pueri, Dominum, laudate nomen Domini",,Cantata,,,"SS, 5 Violas da Gamba, Cello, Basso Continuo",,
70,BuxWV 70,"Liebster, meine Seele saget mit durchaus verliebtem Sinn",,Cantata,,,"SS, 2 Violins, Basso Continuo",,
71,BuxWV 71,"Lobe den Herrn, meine Seele",,Cantata,,,"T, 3 Violins, 2 Violas, Basso Continuo",,
72,BuxWV 72,Mein Gemut erfreuet sich,,Cantata,,,"SAB, 2 Flutes, 3 Bassoons, 4 Horns, 2 Trumpets, 3 Trombones, 4 Violins, Basso Continuo",,
73,BuxWV 73,"Mein Herz ist bereit, Gott, dass ich singe und lobe",,Cantata,,,"B, 3 Violins, Cello, Basso Continuo",,
74,BuxWV 74,"Meine Seele, willtu ruhn",,Cantata,,,"SSB, 2 Violins, Cello, Basso Continuo",,
75,BuxWV 75,Membra Jesu Nostri,,Cantata,,,Cycle of 7 Cantatas,,
75.1,BuxWV 75a,Ad pedes: Ecce super montes,,Cantata,,,"SSATB, [2 Violins, Cello], Basso Continuo",,
75.2,BuxWV 75b,Ad genua: Ad ubera portabimini,,Cantata,,,"SSATB, [2 Violins, Cello], Basso Continuo",,
75.3,BuxWV 75c,Ad manus: Quid sunt plagae istae,,Cantata,,,"SSATB, [2 Violins, Cello], Basso Continuo",,
75.4,BuxWV 75d,Ad latus: Surge amica mea,,Cantata,,,"SSATB, [2 Violins, Cello], Basso Continuo",,
75.5,BuxWV 75e,Ad pectus: Sicut modo geniti infantes,,Cantata,,,"ATB, [2 Violins, Cello], Basso Continuo",,
75.6,BuxWV 75f,Ad cor: Vulnerasti cor meum,,Cantata,,,"SSB, 5 Violas da Gambas, Basso Continuo",,
75.7,BuxWV 75g,Ad faciem: Illustra faciem tuam,,Cantata,,,"SSATB, 2 Violins, Cello, Basso Continuo",,
76,BuxWV 76,Fried- und Freudenreiche Hinfahrt,,Cantata,,,ensemble de 2 Cantatas,[musique funèbre pour la mort de Johannes Buxtehude],
76.1,BuxWV 76a,Mit Fried und Freud,,Cantata,,,"SB, 3 instruments ou, Organ",,
76.2,BuxWV 76b,Klag-Lied: Muss der Tod denn auch entbinden,,Cantata,,,"S, [2 Violas], Basso Continuo",,
77,BuxWV 77,Nichts soll uns scheiden von der Liebe Gottes,,Cantata,,,"SAB, 2 Violins, Cello, Basso Continuo",,
78,BuxWV 78,"Nimm von uns, Herr, du treuer Gott",,Cantata,,,"SATB, 2 Violins, 2 Violas, Bassoon, Basso Continuo",,
79,BuxWV 79,Nun danket alle Gott,,Cantata,,,"SSATB, Bassoon, 2 Horns, 2 Trumpets, 2 Violins, Cello, Basso Continuo",,
80,BuxWV 80,"Nun freut euch, ihr Frommen, mit nir",,Cantata,,,"SS, 2 Violins, Basso Continuo",,
81,BuxWV 81,Nun lasst uns Gott dem Herren Dank sagen,,Cantata,,,"SATB, 2 Violins, Basso Continuo",,
82,BuxWV 82,"O clemens, o mitis, o coelestis Pater",,Cantata,,,"S, Violin, 2 Violas, Cello, Basso Continuo",,
83,BuxWV 83,"O dulcis Jesu, o amor cordis mei",,Cantata,,,"S, 2 Violins, Basso Continuo",,
84,BuxWV 84,"O frohliche Stunden, o froliche Zeit",,Cantata,,,"S, 2 Violins, Cello, Basso Continuo",,
85,BuxWV 85,"O frohliche Stunden, o herrliche Zeit",,Cantata,,,"SSAB, 2 Violins, 2 Violas, Cello, Basso Continuo",,
86,BuxWV 86,"O Gott, wir danken deiner Gut'",,Cantata,,,"SSATB, 2 Violins, Cello, Basso Continuo",,
87,BuxWV 87,"O Gottes Stadt, o guldnes Licht",,Cantata,,,"S, 2 Violins, Viola, Cello, Basso Continuo",,
88,BuxWV 88,O Jesu mi dulcissime,,Cantata,,,"SSB, 2 Violins, Cello, Basso Continuo",[fragment],
89,BuxWV 89,"O lux beata Trinitas, principalis unitas",,Cantata,,,"SS, 2 Violins, Cello/Bassoon, Basso Continuo",,
90,BuxWV 90,"O wie selig sind, die zu dem Abendmahl des Lammes berufen sind",,Cantata,,,"TB, 2 Violins, Cello, Basso Continuo",,
91,BuxWV 91,"Pange lingua gloriosi, corporis mysterium",,Cantata,,,"SSAB, 2 Violins, 2 Violas, Cello, Basso Continuo",,
92,BuxWV 92,Quemadmodum desiderat cervus,,Cantata,,,"T, 2 Violins, Basso Continuo",,
93,BuxWV 93,"Salve desiderium, salve clamor gentium",,Cantata,,,"SSB, 2 Violins, Cello/Bassoon, Basso Continuo",,
94,BuxWV 94,"Salve, Jesu, Patris gnate unigenite",,Cantata,,,"SS, 2 Violins, Basso Continuo",,
95,BuxWV 95,"Schaffe in mir, Gott, ein rein Herz",,Cantata,,,"S, 2 Violins, Cello, Basso Continuo",,
96,BuxWV 96,"Schwinget euch himmelan, Herzen und Sinnen",,Cantata,,,"SSATB, 3 Violins, Cello, Basso Continuo",,
97,BuxWV 97,Sicut Moses exaltavit serpentem,,Cantata,,,"S, 2 Violins, Viola da Gamba, Basso Continuo",,
98,BuxWV 98,Singet dem Herren ein neues Lied,,Cantata,,,"S, Violin, Basso Continuo",,
99,BuxWV 99,Surrexit Christus hodie,,Cantata,,,"SSB, 3 Violins, Bassoon, Basso Continuo",,
100,BuxWV 100,"Wachet auf, ruft uns die Stimme",,Cantata,,,"SSB, 3 Violins, Violin/Viola, Bassoon, Basso Continuo",,
101,BuxWV 101,"Wachet auf, ruft uns die Stimme",,Cantata,,,"ATB, 2 Violins, Basso Continuo",,
102,BuxWV 102,Was Gott nicht mit uns diese Zeit,,Cantata,,,"SATB, 2 Violins, Basso Continuo",,
103,BuxWV 103,"Walts Gott, mein Werk ich lasse",,Cantata,,,"SATB, 2 Violins, Viola, Basso Continuo",,
104,BuxWV 104,Was frag' ich nach der Welt und allen ihren Schatzen,,Cantata,,,"SAB, 2 Violins, Cello, Basso Continuo",,
105,BuxWV 105,Was micht auf dieser Welt betrubt,,Cantata,,,"S, 2 Violins, Basso Continuo",,
106,BuxWV 106,"Welt packe dich, ich sehne mich nur nach dem Himmel",,Cantata,,,"SSB, 2 Violins, Cello, Basso Continuo",,
107,BuxWV 107,"Wenn ich, Herr Jesu, habe dich",,Cantata,,,"A, 2 Violins, Basso Continuo",,
108,BuxWV 108,Wie schmekt es so lieblich und wohl,,Cantata,,,"SAB, 2 Violins, Cello, Basso Continuo",,
109,BuxWV 109,Wie soll ich dich empfangen,,Cantata,,,"SSB, 2 Violins, Bassoon, Basso Continuo",,
110,BuxWV 110,"Wie wird erneuet, wie wird erfreuet",,Cantata,,,"SSATTB, 3 Horns, 3 Trumpets, 3 Trombones, cymbales, 3 Violins, 2 Violas, Cello, Basso Continuo",,
111,BuxWV 111,Wo ist doch mein Freund gelieben?,,Cantata,,,"SB, 2 Violins, Bassoon, Basso Continuo","Dialogus inter Christum, fidelem animam",
112,BuxWV 112,Wo soll ich fliehen hin?,,Cantata,,,"SATB, 2 Violins, 2 Violas, Cello, continuo",,
113,BuxWV 113,Benedicam Dominum in omni tempore,,Motet,,,"SSATB, SATB, Bassoon, 2 Horns, 4 Trumpets, 4 Trombones, bombarde, 2 Violins, Cello, Basso Continuo",,
114,BuxWV 114,"Missa brevis, Kyrie, Gloria",,Mass,,"1. Kyrie (a)
2. Gloria (a)","SSATB, Basso Continuo",,
115,BuxWV 115,"Auf, Saiten, auf! Lasst euren Schall erklingen!",,Aria,,"Auf, Saiten, auf! (A)","S, 2 Violins, 2 Violas da Gamba, Basso Continuo",[3 strophes],
116,BuxWV 116,"Auf, stimmet die Saiten, Gott Phoebus tritt ein",,Aria,,,"AAB, Bassoon, 2 Trumpets, 2 Trombones, Basso Continuo",,
117,BuxWV 117,Deh credete il vostro vanto,,Aria,,,"S, 2 Violins, Basso Continuo",,
118,BuxWV 118,Gestreuet mit Bleumen,,Aria,,,"A, 2 Violins, 2 Violas, Bassoon, Basso Continuo",,
119,BuxWV 119,"Klinget fur Freuden, ihr larmen Klarinen",,Aria,,,"SSB, 2 Trumpets, 2 Violins, Cello, Basso Continuo",,
120,BuxWV 120,"O frohliche Stunden, o herrlicher Tag",,Aria,,,"S, 2 hautbois, Violin, Basso Continuo",,
121,BuxWV 121,Opachi boschetti,,Aria,,," S/T, 2 Violins, Basso Continuo",[fragment],
122,BuxWV 122,"Schlagt, Kunstler, die Pauken und Saiten",,Aria,,,"SSAB, 2 Trumpets, Timpani, 2 Violins, 2 Violas, Cello, Basso Continuo",,
123,BuxWV 123,"Canon duplex per Augmentationem
sans texte - 4 voix ""quatuor voces simul cantatur""",,Canon,,,,,
124,BuxWV 124,"Divertissons-nous aujourd'hui
canon à 3 in Epidiapente, Epidiapason",,Canon,,,,,
125,BuxWV 125,Christum lieb haben ist viel besser,,Motet,,,"SSATB, 11 instruments",[perdu],
126,BuxWV 126,Musique pour la dédicace de l'autel de Fredenhagen,,,,,"3 Choirs, Trumpets, Timpani",[perdu],
127,BuxWV 127,Pallidi salvete,,Motet,,,"4 voix, 6 instruments",[perdu],
128,BuxWV 128,Die Hochzeit des Lammes/Und die Freudenvolle Einholung der Braut zu derselben,,,,,,[perdu],
129,BuxWV 129,"Das allerschrocklichste und Allererfreulichste, memlich Ende der Zeit und Anfang der Ewigkeit",,,,,"5 voix, instruments",[perdu],
130,BuxWV 130,Himmlische Seelenlust auf Erden,,,,,,[perdu],
131,BuxWV 131,Der verlorene Sohn,,,,,,[perdu],
132,BuxWV 132,Hundertjahriges Gedichte,,,,,,[perdu],
133,BuxWV 133,Die Abendmusiken des Jahres 1700,,,,,,,
134,BuxWV 134,Castrum Doloris,,,,,,[perdu],
135,BuxWV 135,Templum Honoris,,,,,"solistes, Choir, 2 Choirs de Trumpets, Timpani, 2 Choirs de Horns, hautbois, cordes, Organ, Basso Continuo",[perdu],
136,BuxWV 136,,,Prelude,C major,,Organ,,
137,BuxWV 137,,,Prelude,C major,,Organ,"[Prélude, Fugue, Chaconne]",
138,BuxWV 138,,,Prelude,C major,,Organ,,
139,BuxWV 139,,,Prelude,D major,,Organ,,
140,BuxWV 140,,,Prelude,D minor,,Organ,,
141,BuxWV 141,,,Prelude,E major,,Organ,,
142,BuxWV 142,,,Prelude,E minor,,Organ,,
143,BuxWV 143,,,Prelude,E minor,,Organ,,
144,BuxWV 144,,,Prelude,F major,,Organ,,
145,BuxWV 145,,,Prelude,F major,,Organ,,
146,BuxWV 146,,,Prelude,F-sharp minor,,Organ,,
147,BuxWV 147,,,Prelude,G major,,Organ,,
148,BuxWV 148,,,Prelude,G minor,,Organ,,
149,BuxWV 149,,,Prelude,G minor,,Organ,,
150,BuxWV 150,,,Prelude,G minor,,Organ,,
151,BuxWV 151,,,Prelude,A major,,Organ,,
152,BuxWV 152,"Prélude ""Phrygisch""",,Prelude,,,Organ,,
153,BuxWV 153,,,Prelude,A minor,,Organ,,
154,BuxWV 154,,,Prelude,B-flat major,,Organ,[fragment],
155,BuxWV 155,,,Toccata,D minor,,Organ,,
156,BuxWV 156,,,Toccata,F major,,Organ,,
157,BuxWV 157,,,Toccata,F major,,Organ,,
158,BuxWV 158,Préambule,,,A minor,,Organ,,
159,BuxWV 159,,,Chaconne,C minor,,Organ,,
160,BuxWV 160,,,Chaconne,E minor,,Organ,,
161,BuxWV 161,"Passacaille, en ré mineur, pour Organ",,Passacaille,D minor,,Organ,,
162,BuxWV 162,,,Prelude,G major,,Organ (Keyboard),,
163,BuxWV 163,,,Prelude,G minor,,Organ (Keyboard),,
164,BuxWV 164,,,Toccata,G major,,Organ (Keyboard),,
165,BuxWV 165,,,Toccata,G major,,Organ (Keyboard),,
166,BuxWV 166,,,Canzona,C major,,Organ (Keyboard),,
167,BuxWV 167,,,Canzonetta,C major,,Organ (Keyboard),,
168,BuxWV 168,,,Canzonetta,D minor,,Organ (Keyboard),,
169,BuxWV 169,,,Canzonetta,E minor,,Organ (Keyboard),,
170,BuxWV 170,,,Canzona,G major,,Organ (Keyboard),,
171,BuxWV 171,,,Canzonetta,G major,,Organ (Keyboard),,
172,BuxWV 172,,,Canzonetta,G major,,Organ (Keyboard),,
173,BuxWV 173,,,Canzonetta,G minor,,Organ (Keyboard),,
174,BuxWV 174,,,Fugue,C major,,Organ (Keyboard),,
175,BuxWV 175,,,Fugue,G major,,Organ (Keyboard),,
176,BuxWV 176,,,Fugue,B-flat major,,Organ (Keyboard),,
177,BuxWV 177,Ach Gott und Herr,,Chorals,D minor,,Organ,[2 versets],
178,BuxWV 178,"Ach Herr, mich armen Sunder",,Chorals,A minor (Phrygian),,Organ,,
179,BuxWV 179,Auf meine lieben Gott,,Chorals,E minor,"1. Allemande, en mi mineur
2. Double, en mi mineur
3. Sarabande, en mi mineur
4. Courante, en mi mineur
5. Gigue, en mi mineur",Organ,,
180,BuxWV 180,"Christ, unser Herr, zum Jordan kam",,Chorals,Dorian,,Organ,,
181,BuxWV 181,"Danket dem Herrn, denn er ist sehr freundlich",,Chorals,G minor,,Organ,,
182,BuxWV 182,Der Tag der ist so freudenreich,,Chorals,G major,,Organ,,
183,BuxWV 183,Durch Adams Fall ist ganz verdebt,,Chorals,Dorian,,Organ,,
184,BuxWV 184,Ein feste Burg ist unser Gott,,Chorals,C major,,Organ,,
185,BuxWV 185,"Erhalt uns, Herr, bei deinem Wort",,Chorals,G minor,,Organ,,
186,BuxWV 186,Es ist das Heil uns kommen her,,Chorals,C major,,Organ,,
187,BuxWV 187,Es spricht der Unweisen Mund wohl,,Chorals,G major,,Organ,,
188,BuxWV 188,"Gelobet seist du, Jesu Christ",,Chorals,G major,,Organ,[fantaisie],
189,BuxWV 189,"Gelobet seist du, Jesu Christ",,Chorals,G major,,Organ,[fantaisie],
190,BuxWV 190,Gott der Vater wohn uns bei,,Chorals,C major,,Organ,,
191,BuxWV 191,"Herr Christ, der einig Gottes Sohn",,Chorals,G major,,Organ,,
192,BuxWV 192,"Herr Christ, der einig Gottes Sohn",,Chorals,G major,,Organ,,
193,BuxWV 193,"Herr Jesu Christ, ich weiss gar wohl",,Chorals,A minor,,Organ,,
194,BuxWV 194,"Ich dank dir, lieber Herre",,Chorals,F major,,Organ,,
195,BuxWV 195,Ich dank dir schon durch deinen Sohn,,Chorals,F major,,Organ,,
196,BuxWV 196,"Ich ruf zu dir, Herr Jesu Christ",,Chorals,D minor,,Organ,,
197,BuxWV 197,In dulci jubilo,,Chorals,G major,,Organ,,
198,BuxWV 198,"Jesus Christus, unser Heiland, der den Tod uberwand",,Chorals,G minor (Dorian),,Organ,,
199,BuxWV 199,"Komm, heiliger Geist, Herre Gott",,Chorals,F major,,Organ,,
200,BuxWV 200,"Komm, heiliger Geist, Herre Gott",,Chorals,F major,,Organ,,
201,BuxWV 201,"Kommt her zu mit, spricht Gottes Sohn",,Chorals,G minor,,Organ,,
202,BuxWV 202,"Lobt Gott, ihr Christen, allzugleich",,Chorals,G major,,Organ,,
203,BuxWV 203,Magnificat - primi toni,,Chorals,Dorian,,Organ,[fantaisie],
204,BuxWV 204,Magnificat - primi toni,,Chorals,Dorian,,Organ,,
205,BuxWV 205,Magnificat - noni toni,,Chorals,D minor,,Organ,[2 versets],
206,BuxWV 206,"Mensch, willt du leben seliglich",,Chorals,Phrygian,,Organ,,
207,BuxWV 207,"Nimm von uns, Herr, du treuer Gott",,Chorals,D minor,,Organ,[4 versets],
208,BuxWV 208,Nun bitten wir den Heilgen Geist,,Chorals,G major,,Organ,,
209,BuxWV 209,Nun bitten wir den Heilgen Geist,,Chorals,G major,,Organ,,
210,BuxWV 210,"Nun freut euch, lieben Christen g'mein",,Chorals,G major,,Organ,,
211,BuxWV 211,"Nun komm, der Heiden Heiland",,Chorals,G minor,,Organ,,
212,BuxWV 212,"Nun lob, mein Seel, den Herren",,Chorals,C major,,Organ,[en écho],
213,BuxWV 213,"Nun lob, mein Seel, den Herren",,Chorals,G major,,Organ,[3 versets],
214,BuxWV 214,"Nun lob, mein Seel, den Herren",,Chorals,G major,,Organ,[prélude de choral],
215,BuxWV 215,"Nun lob, mein Seel, den Herren",,Chorals,G major,,Organ,[prélude de choral],
216,BuxWV 216,O Lux beata Trinitas,,Chorals,,,Organ,[fragment],
217,BuxWV 217,Puer natus in Bethlehem,,Chorals,A minor,,Organ,,
218,BuxWV 218,Te Deum laudamus,,Chorals,Phrygian,,Organ,,
219,BuxWV 219,Vater unser in Himmelreich,,Chorals,D minor,,Organ,,
220,BuxWV 220,Von Gott will ich nicht lassen,,Chorals,A minor,,Organ,,
221,BuxWV 221,Von Gott will ich nicht lassen,,Chorals,A minor,,Organ,,
222,BuxWV 222,War Gott nicht mit uns diese Zeit,,Chorals,A minor,,Organ,,
223,BuxWV 223,Wie schon leuchtet der Morgenstern,,Chorals,G major,,Organ,,
224,BuxWV 224,"Wir danken dir, Herr Jesu Christ",,Chorals,Dorian,,Organ,,
225,BuxWV 225,,,Canzonetta,A minor,,Organ (Keyboard),,
226,BuxWV 226,,,Suite,C major,"1. Allemande, en do majeur
2. Courante, en do majeur
3. Sarabande, en do majeur
4. Sarabande, la seconde, en do majeur
5. Gigue, en do majeur",Keyboard,,
227,BuxWV 227,,,Suite,C major," 1. Allemande, en do majeur
2. Courante, en do majeur
3. Sarabande, en do majeur
4. Gigue, en do majeur",Keyboard,,
228,BuxWV 228,,,Suite,C major,"1. Allemande, en do majeur
2. Courante, en do majeur
3. Sarabande, en do majeur
4. Double, en do majeur
5. Gigue, en do majeur",Keyboard,,
229,BuxWV 229,,,Suite,C major,"1. Allemande, en do majeur
2. Courante, en do majeur
3. Sarabande, en do majeur",Keyboard,,
230,BuxWV 230,,,Suite,C major,"1. Allemande, en do majeur
2. Courante, en do majeur
3. Sarabande, en do majeur
4. Gigue, en do majeur",Keyboard,,
231,BuxWV 231,,,Suite,C major,"1. Allemande, en do majeur
2. Courante, en do majeur
3. Sarabande, en do majeur",Keyboard,,
232,BuxWV 232,,,Suite,D major,"1. Allemande, en ré majeur
2. Courante, en ré majeur",Keyboard,,
233,BuxWV 233,"Suite ""d'Amour""",,Suite,D minor,"1. Allemande d'amour, en ré mineur
2. Courante, en ré mineur
3. Sarabande d'amour, en ré mineur
4. Sarabande, en ré mineur
5. Gigue, en ré mineur",Keyboard,,
234,BuxWV 234,,,Suite,D minor,"1. Allemande, en ré mineur
2. Double, en ré mineur
3. Courante, en ré mineur
4. Double, en ré mineur
5. Sarabande I, en ré mineur
6. Sarabande II, en ré mineur",Keyboard,,
235,BuxWV 235,,,Suite,E minor,"1. Allemande, en mi mineur
2. Courante, en mi mineur
3. Sarabande, en mi mineur
4. Gigue, en mi mineur",Keyboard,,
236,BuxWV 236,,,Suite,E minor,"1. Allemande, en mi mineur
2. Courante, en mi mineur
3. Sarabande, en mi mineur
4. Gigue, en mi mineur",Keyboard,,
237,BuxWV 237,,,Suite,E minor,"1. Allemande, en mi mineur
2. Courante, en mi mineur
3. Sarabande I, en mi mineur
4. Sarabande II, en mi mineur
5. Gigue, en mi mineur",Keyboard,,
238,BuxWV 238,,,Suite,F major,"1. Allemande, en fa majeur
2. Courante, en fa majeur
3. Sarabande, en fa majeur
4. Gigue, en fa majeur",Keyboard,,
239,BuxWV 239,,,Suite,F major,"1. Allemande, en fa majeur
2. Courante, en fa majeur
3. Sarabande, en fa majeur
4. Gigue, en fa majeur",Keyboard,,
240,BuxWV 240,,,Suite,G major,"1. Allemande, en sol majeur
2. Courante, en sol majeur
3. Sarabande, en sol majeur
4. Gigue, en sol majeur",Keyboard,,
241,BuxWV 241,,,Suite,G minor,"1. Allemande, en sol mineur
2. Courante, en sol mineur
3. Sarabande, en sol mineur
4. Gigue, en sol mineur",Keyboard,,
242,BuxWV 242,,,Suite,G minor,"1. Allemande, en sol mineur
2. Courante, en sol mineur
3. Sarabande, en sol mineur
4. Gigue, en sol mineur",Keyboard,,
243,BuxWV 243,,,Suite,A major,"1. Allemande, en la majeur
2. Courante, en la majeur
3. Sarabande, en la majeur
4. Gigue, en la majeur",Keyboard,,
244,BuxWV 244,,,Suite,A minor,"1. Allemande, en la mineur
2. Courante, en la mineur
3. Sarabande, en la mineur
4. Gigue, en la mineur",Keyboard,,
245,BuxWV 245,Courant zimble (8 variations),,,A minor,,Keyboard,,
246,BuxWV 246,"Aria, variations (10)",,,C major,,Keyboard,,
247,BuxWV 247,More Palatino (12 variations),,,C major,,Keyboard,,
248,BuxWV 248,"Rofilis, (3 variations",,,A minor,,Keyboard,,
249,BuxWV 249,Air (3 variations),,,A minor,,Keyboard,,
250,BuxWV 250,"La Capricciosa, (32 variations)
Partite diverse (32) sopra una Aria d'Inventione detta La Cappriciosa",,,G major,,Keyboard,,
251,BuxWV 251,"7 Suites ""Die Natur und Eigenschaft der Planeten""",,Suite,,,Keyboard,[oeuvre non conservée],
252,BuxWV 252,,op. 1/1,Sonata,F major,"1. Vivace
2. Lento
3. Allegro
4. Adagio
5. Andante
6. Grave
7. Presto","Violin, Viola da Gamba, Basso Continuo",,https://open.spotify.com/track/5V2jyo36dQEe0p4Cz9E8ci?si=847f7f58ae0045d0
253,BuxWV 253,,op. 1/2,Sonata,G major,"1. Lento
2. Vivace
3. Adagio
4. Allegro
5. Largo
6. Arioso","Violin, Viola da Gamba, Basso Continuo",,https://open.spotify.com/track/2aQJ1oNCXSL9XWiTuUnUh5?si=fd373831f91c4d53
254,BuxWV 254,,op. 1/3,Sonata,A minor,"1. Adagio
2. Allegro
3. Lento
4. Vivace
5. Largo
6. Presto","Violin, Viola da Gamba, Basso Continuo",,https://open.spotify.com/track/0FbNGIBKxiHuNKHwBVa3KV?si=be7fa4ab5bb44070
255,BuxWV 255,,op. 1/4,Sonata,B-flat major,"1. Vivace
2. Lento
3. Allegro","Violin, Viola da Gamba, Basso Continuo",,https://open.spotify.com/track/41snipsr88aJQUoHA5QzG3?si=85e3ec6881d14bfe
256,BuxWV 256,,op. 1/5,Sonata,C major,"1. Vivace
2. Largo
3. Allegro
4. Adagio
5. Allegro","Violin, Viola da Gamba, Basso Continuo",,https://open.spotify.com/track/66Oq6njsbUCZu399cheY4q?si=3c2a19e57f834507
257,BuxWV 257,,op. 1/6,Sonata,D minor,"1. Grave
2. Allegro
3. Allegro
4. Vivace
5. Adagio
6. Poco Presto","Violin, Viola da Gamba, Basso Continuo",,https://open.spotify.com/track/2A4yXz2VhLVEBHAv4EdEBv?si=351ec16a12b242af
258,BuxWV 258,,op. 1/7,Sonata,E minor,"1. Allegro
2. Largo
3. Presto
4. Vivace
5. Adagio
6. Poco Presto
7. Prestissimo","Violin, Viola da Gamba, Basso Continuo",,https://open.spotify.com/track/0duf649xp9xw84aBwPsHKY?si=072c6e1d5f534488
259,BuxWV 259,Sonate en trio,op. 2/1,Sonata,B-flat major,"1. Allegro
2. Adagio
3. Allegro
4. Grave
5. Vivace
6. Poco Adagio
7. Presto","Violin, Viola da Gamba, Basso Continuo",,https://open.spotify.com/track/2MeB6etCEHNZixEffMDHV1?si=225bb02889a14429
260,BuxWV 260,Sonate en trio,op. 2/2,Sonata,D major,"1. Adagio
2. Allegro
3. Largo
4. Arietta (10 parties)
5. Largo
6. Vivace","Violin, Viola da Gamba, Basso Continuo",,https://open.spotify.com/track/1huvSof1V0V73f5FpE5RSI?si=9e8cb98ea5bc443c
261,BuxWV 261,Sonate en trio,op. 2/3,Sonata,G minor,"1. Vivace
2. Allegro
3. Andante
4. Grave
5. Gigue","Violin, Viola da Gamba, Basso Continuo",,https://open.spotify.com/track/3I9g7jkYe5sdW7DpIPdm55?si=d470f7acbb2640f2
262,BuxWV 262,Sonate en trio,op. 2/4,Sonata,C minor,"1. Poco Adagio
2. Allegro
3. Lento
4. Allegro
5. Vivace","Violin, Viola da Gamba, Basso Continuo",,https://open.spotify.com/track/3cBHUIZF9bPmf4DxkjOheq?si=f72f8f4b9f09441b
263,BuxWV 263,Sonate en trio,op. 2/5,Sonata,A major,"1. Allegro
2. Concitato
3. Adagio
4. Allegro
5. Presto","Violin, Viola da Gamba, Basso Continuo",,https://open.spotify.com/track/2C5lNDTCyHEdLR0tVMPeCX?si=c68919fe62d9499d
264,BuxWV 264,Sonate en trio,op. 2/6,Sonata,E major,"1. Grave
2. Vivace
3. Adagio
4. Poco presto
5. Lento
6. Allegro","Violin, Viola da Gamba, Basso Continuo",,https://open.spotify.com/track/23RsymnSa8BEbuUqnU8Ont?si=497b8360045f4eb0
265,BuxWV 265,Sonate en trio,op. 2/7,Sonata,F major,"1. Adagio
2. Allegro
3. Lento
4. Vivace
5. Largo
6. Allegro","Violin, Viola da Gamba, Basso Continuo",,https://open.spotify.com/track/3TcjNdWfOZdWci8D8iw6Oz?si=4cb233c5a63847af
266,BuxWV 266,,,Sonata,C major,"1. Adagio
2. Allegro
3. Presto
4. Adagio
5. Allegro
6. Adagio
7. Presto
8. Adagio
9. Lento","2 Violins, Viola da Gamba, Basso Continuo",,
267,BuxWV 267,,,Sonata,D major,"1. Adagio
2. Allegro
3. Adagio
4. Allegro
5. Poco Presto","Viola da Gamba, Cello, Basso Continuo",,
268,BuxWV 268,,,Sonata,D major,"1. …
2. …
3. Allegro","Viola da Gamba, Basso Continuo",,
269,BuxWV 269,,,Sonata,F major,"1. …, 2 Violins, Viola da Gamba, Basso Continuo
2. …, Violin II solo
3. …, Viola da Gamba solo
4. …, Violin I solo, Basso Continuo
5. …, 2 Violins, Viola da Gamba, Basso Continuo","2 Violins, Viola da Gamba, Basso Continuo",,
270,BuxWV 270,,,Sonata,F major,,"[2 Violins], Basso Continuo",[fragment],
271,BuxWV 271,,,Sonata,G major,"1. Allegro
2. Adagio
3. Allegro
4. Adagio
5. Allegro","2 Violins, Viola da Gamba, Basso Continuo",,
272,BuxWV 272,,,Sonata,A minor,"1. …
2. Adagio
3. …
4. …","Violin, Viola da Gamba, Basso Continuo",,
273,BuxWV 273,,,Sonata,B-flat major,"1. Allemande
2. Courante
3. Sarabande
4. Gigue
5. …
6. Adagio
7. …","Violin, Viola da Gamba, Basso Continuo","[version antérrieure de BuxWV 255, suite]",
274,BuxWV 274,"Sonate à 2, à 3 Violins, Viola da Gamba, Basso Continuo",,Sonata,,,,[perdue],
275,BuxWV 275,Sonatina forte con molti violini doi oboi,,Sonatina,,,,[perdue],