Name,Sort Name,Birth,Died,Era,Nationality,Nationality_2,alias_org,alias_en,alias_de,alias_fr,alias_jp,alias_cn
Dieterich Buxtehude,"Buxtehude, Dieterich",1637 c.,1707. 5. 9,Middle Baroque,DK,,Diderich Hansen Buxtehude,,,,ディートリヒ・ブクステフーデ,迪特里希·布克斯特胡德
Antonio Vivaldi,"Vivaldi, Antonio",1678. 3. 4,1741. 7. 28,Late Baroque,IT,,,,,,アントニオ・ヴィヴァルディ,安东尼奥·维瓦尔第
Georg Philipp Telemann,"Telemann, Georg Philipp",1681. 3. 14,1767. 6. 25,Late Baroque,DE,,,,,,ゲオルク・フィリップ・テレマン,格奥尔格·菲利普·泰勒曼
George Frideric Handel,"Handel, George Frideric",1685. 2. 23,1759. 4. 14,Late Baroque,DE,UK,George Frideric Händel,,,,ゲオルク・フリードリヒ・ヘンデル,乔治·弗里德里希·亨德尔
Johann Sebastian Bach,"Bach, Johann Sebastian",1685. 3. 31,1750. 7. 28,Late Baroque,DE,,,,,,ヨハン・ゼバスティアン・バッハ,约翰·塞巴斯蒂安·巴赫
Carl Philipp Emanuel Bach,"Bach, Carl Philipp Emanuel",1714. 3. 8,1788. 12. 14,Early Classical,DE,,,,,,カール・フィリップ・エマヌエル・バッハ,卡尔·菲利普·埃马努埃尔·巴赫
Joseph Haydn,"Haydn, Joseph",1732. 3. 31,1809. 5. 31,Classical,AT,,,,,,ヨーゼフ・ハイドン,约瑟夫·海顿
Wolfgang Amadeus Mozart,"Mozart, Wolfgang Amadeus",1756. 1. 27,1791. 12. 5,Classical,AT,,,,,,ヴォルフガング・アマデウス・モーツァルト,沃尔夫冈·阿马德乌斯·莫扎特
Felix Mendelssohn,"Mendelssohn, Felix",1809. 2. 3,1847. 11. 4,Early Romantic,DE,,Jakob Ludwig Felix Mendelssohn Bartholdy,,,,フェリックス・メンデルスゾーン,费利克斯·门德尔松
Maurice Ravel,"Ravel, Maurice",1875. 3. 7,1937. 12. 28,Early Modern,FR,,,,,,モーリス・ラヴェル,莫里斯·拉威尔