SORT,Opus,Key,Type,Movement,Note
1 ,op. 1/1,F,Sonate da chiesa,Grave - Allegro - Adagio - Allgero,"XII Sonate da chiesa a due violini, e violone o arcileuto col basso per l'organo, Der Königin Christine v. Schweden gewidmet, Opus I, Rom 1681"
2 ,op. 1/2,e,Sonate da chiesa,Grave - Vivace - Adagio - Allgero,"XII Sonate da chiesa a due violini, e violone o arcileuto col basso per l'organo, Der Königin Christine v. Schweden gewidmet, Opus I, Rom 1681"
3 ,op. 1/3,A,Sonate da chiesa,Grave - Allegro - Adagio - Allgero,"XII Sonate da chiesa a due violini, e violone o arcileuto col basso per l'organo, Der Königin Christine v. Schweden gewidmet, Opus I, Rom 1681"
4 ,op. 1/4,a,Sonate da chiesa,Vivace - Adagio - Allgero - Presto,"XII Sonate da chiesa a due violini, e violone o arcileuto col basso per l'organo, Der Königin Christine v. Schweden gewidmet, Opus I, Rom 1681"
5 ,op. 1/5,Bb,Sonate da chiesa,Grave - Allgero - Adagio (- Allegro) - Allgero,"XII Sonate da chiesa a due violini, e violone o arcileuto col basso per l'organo, Der Königin Christine v. Schweden gewidmet, Opus I, Rom 1681"
6 ,op. 1/6,b,Sonate da chiesa,Grave - Largo - Adagio - Allgero,"XII Sonate da chiesa a due violini, e violone o arcileuto col basso per l'organo, Der Königin Christine v. Schweden gewidmet, Opus I, Rom 1681"
7 ,op. 1/7,C,Sonate da chiesa,Allegro - Grave - Allegro,"XII Sonate da chiesa a due violini, e violone o arcileuto col basso per l'organo, Der Königin Christine v. Schweden gewidmet, Opus I, Rom 1681"
8 ,op. 1/8,c,Sonate da chiesa,Grave - Allegro - Largo - Vivace,"XII Sonate da chiesa a due violini, e violone o arcileuto col basso per l'organo, Der Königin Christine v. Schweden gewidmet, Opus I, Rom 1681"
9 ,op. 1/9,G,Sonate da chiesa,Allgero - Adagio (- Allegro) - Adagio - Allgero (- Adagio),"XII Sonate da chiesa a due violini, e violone o arcileuto col basso per l'organo, Der Königin Christine v. Schweden gewidmet, Opus I, Rom 1681"
10 ,op. 1/10,g,Sonate da chiesa,Grave - Allegro - Allegro - Adagio - Allgero,"XII Sonate da chiesa a due violini, e violone o arcileuto col basso per l'organo, Der Königin Christine v. Schweden gewidmet, Opus I, Rom 1681"
11 ,op. 1/11,d,Sonate da chiesa,Grave - Allegro - Adagio - Allgero,"XII Sonate da chiesa a due violini, e violone o arcileuto col basso per l'organo, Der Königin Christine v. Schweden gewidmet, Opus I, Rom 1681"
12 ,op. 1/12,D,Sonate da chiesa,Grave - Largo e puntato  - Grave - Allgero,"XII Sonate da chiesa a due violini, e violone o arcileuto col basso per l'organo, Der Königin Christine v. Schweden gewidmet, Opus I, Rom 1681"
13 ,op. 2/1,D,Sonate da camera,Preludio. Adagio - Allemanda. Largo - Corrente. Allegro - Gavotta. Allegro,"XII Sonate da camera a due violini, e violone o cimbalo, Benedetto Card. Pamphilj gewidmet, Opus II, Rom 1685"
14 ,op. 2/2,d,Sonate da camera,Allemanda. Adagio - Corrente. Allegro - Giga. Allegro,"XII Sonate da camera a due violini, e violone o cimbalo, Benedetto Card. Pamphilj gewidmet, Opus II, Rom 1685"
15 ,op. 2/3,C,Sonate da camera,Preludio. Largo - Allemanda. Allegro - Adagio - Allemanda. Presto,"XII Sonate da camera a due violini, e violone o cimbalo, Benedetto Card. Pamphilj gewidmet, Opus II, Rom 1685"
16 ,op. 2/4,e,Sonate da camera,Preludio. Adagio - Allemanda. Presto - Grave - Adagio - Giga. Allegro,"XII Sonate da camera a due violini, e violone o cimbalo, Benedetto Card. Pamphilj gewidmet, Opus II, Rom 1685"
17 ,op. 2/5,Bb,Sonate da camera,Preludio. Adagio - Allemanda. Allegro - Sarabanda. Adagio - Tempo di Gavotta. Allegro,"XII Sonate da camera a due violini, e violone o cimbalo, Benedetto Card. Pamphilj gewidmet, Opus II, Rom 1685"
18 ,op. 2/6,g,Sonate da camera,Allemanda. Largo - Corrente. Allegro - Giga. Allegro,"XII Sonate da camera a due violini, e violone o cimbalo, Benedetto Card. Pamphilj gewidmet, Opus II, Rom 1685"
19 ,op. 2/7,F,Sonate da camera,Preludio. Adagio - Allemanda. Allegro - Corrente. Allegro - Giga. Allegro,"XII Sonate da camera a due violini, e violone o cimbalo, Benedetto Card. Pamphilj gewidmet, Opus II, Rom 1685"
20 ,op. 2/8,b,Sonate da camera,Preludio. Adagio - Allemanda. Largo - Tempo di Sarabanda. Adagio - Tempo di Gavotta. Allegro,"XII Sonate da camera a due violini, e violone o cimbalo, Benedetto Card. Pamphilj gewidmet, Opus II, Rom 1685"
21 ,op. 2/9,F#,Sonate da camera,Allemanda. Largo - Tempo di Sarabanda. Largo - Giga. Allegro,"XII Sonate da camera a due violini, e violone o cimbalo, Benedetto Card. Pamphilj gewidmet, Opus II, Rom 1685"
22 ,op. 2/10,E,Sonate da camera,Preludio. Adagio - Allemanda. Allegro - Sarabanda. Largo - Corrente. Allegro,"XII Sonate da camera a due violini, e violone o cimbalo, Benedetto Card. Pamphilj gewidmet, Opus II, Rom 1685"
23 ,op. 2/11,Eb,Sonate da camera,Preludio. Adagio - Allemanda. Presto - Giga. Allegro,"XII Sonate da camera a due violini, e violone o cimbalo, Benedetto Card. Pamphilj gewidmet, Opus II, Rom 1685"
24 ,op. 2/12,G,Sonate da camera,Ciaccona. Largo (- Allegro),"XII Sonate da camera a due violini, e violone o cimbalo, Benedetto Card. Pamphilj gewidmet, Opus II, Rom 1685"
25 ,op. 3/1,F,Sonate da chiesa,Grave - Allegro - Vivace - Allgero,"XII Sonate da chiesa a due violini, e violone o arcileuto col basso per l'organo, Dem Herzog Francesco II, von Modena gewidmet, Opus III, Rom 1689"
26 ,op. 3/2,D,Sonate da chiesa,Grave - Allegro - Adagio - Allgero,"XII Sonate da chiesa a due violini, e violone o arcileuto col basso per l'organo, Dem Herzog Francesco II, von Modena gewidmet, Opus III, Rom 1689"
27 ,op. 3/3,Bb,Sonate da chiesa,Grave - Vivace - Largo - Allgero,"XII Sonate da chiesa a due violini, e violone o arcileuto col basso per l'organo, Dem Herzog Francesco II, von Modena gewidmet, Opus III, Rom 1689"
28 ,op. 3/4,b,Sonate da chiesa,Largo - Vivace - Adagio - Presto,"XII Sonate da chiesa a due violini, e violone o arcileuto col basso per l'organo, Dem Herzog Francesco II, von Modena gewidmet, Opus III, Rom 1689"
29 ,op. 3/5,d,Sonate da chiesa,Grave (- Andante) - Allegro - Largo - Allegro,"XII Sonate da chiesa a due violini, e violone o arcileuto col basso per l'organo, Dem Herzog Francesco II, von Modena gewidmet, Opus III, Rom 1689"
30 ,op. 3/6,G,Sonate da chiesa,Vivace - Grave - Allgero - Allegro,"XII Sonate da chiesa a due violini, e violone o arcileuto col basso per l'organo, Dem Herzog Francesco II, von Modena gewidmet, Opus III, Rom 1689"
31 ,op. 3/7,e,Sonate da chiesa,Grave - Allegro - Adagio - Allgero,"XII Sonate da chiesa a due violini, e violone o arcileuto col basso per l'organo, Dem Herzog Francesco II, von Modena gewidmet, Opus III, Rom 1689"
32 ,op. 3/8,C,Sonate da chiesa,Largo - Allegro - Largo - Allegro,"XII Sonate da chiesa a due violini, e violone o arcileuto col basso per l'organo, Dem Herzog Francesco II, von Modena gewidmet, Opus III, Rom 1689"
33 ,op. 3/9,f,Sonate da chiesa,Grave - Vivace - Largo - Allgero,"XII Sonate da chiesa a due violini, e violone o arcileuto col basso per l'organo, Dem Herzog Francesco II, von Modena gewidmet, Opus III, Rom 1689"
34 ,op. 3/10,a,Sonate da chiesa,Vivace - Allegro - Adagio - Allgero,"XII Sonate da chiesa a due violini, e violone o arcileuto col basso per l'organo, Dem Herzog Francesco II, von Modena gewidmet, Opus III, Rom 1689"
35 ,op. 3/11,g,Sonate da chiesa,Grave - Presto - Adagio - Allgero,"XII Sonate da chiesa a due violini, e violone o arcileuto col basso per l'organo, Dem Herzog Francesco II, von Modena gewidmet, Opus III, Rom 1689"
36 ,op. 3/12,a,Sonate da chiesa,Grave - Allegro (- Adagio) - Allegro - Vivace - Allgero (- Adagio)  - Allegro - Allegro,"XII Sonate da chiesa a due violini, e violone o arcileuto col basso per l'organo, Dem Herzog Francesco II, von Modena gewidmet, Opus III, Rom 1689"
37 ,op. 4/1,C,Sonate da camera,Preludio. Adagio - Corrente. Allegro - Adagio - Allemanda. Presto,"XII Sonate da camera a due violini, e violone o cimbalo, Pietro Card. Ottoboni gewidmet, Opus IV, Rom 1694"
38 ,op. 4/2,g,Sonate da camera,Preludio. Grave - Allemanda. Allegro - Grave - Corrente. Vivace,"XII Sonate da camera a due violini, e violone o cimbalo, Pietro Card. Ottoboni gewidmet, Opus IV, Rom 1694"
39 ,op. 4/3,A,Sonate da camera,Preludio. Largo - Corrente. Allegro - Sarabanda. Largo - Tempo di Gavotta. Allegro,"XII Sonate da camera a due violini, e violone o cimbalo, Pietro Card. Ottoboni gewidmet, Opus IV, Rom 1694"
40 ,op. 4/4,D,Sonate da camera,Preludio. Grave - Corrente. Allegro - Adagio - Giga. Allegro,"XII Sonate da camera a due violini, e violone o cimbalo, Pietro Card. Ottoboni gewidmet, Opus IV, Rom 1694"
41 ,op. 4/5,a,Sonate da camera,Preludio. Adagio - Allemanda. Allegro - Corrente. Vivace - Gavotta. Allegro,"XII Sonate da camera a due violini, e violone o cimbalo, Pietro Card. Ottoboni gewidmet, Opus IV, Rom 1694"
42 ,op. 4/6,E,Sonate da camera,Preludio. Adagio (- Allegro) - Allemanda. Allegro - Giga. Allegro,"XII Sonate da camera a due violini, e violone o cimbalo, Pietro Card. Ottoboni gewidmet, Opus IV, Rom 1694"
43 ,op. 4/7,F,Sonate da camera,Preludio. Largo - Corrente. Vivace - Grave - Sarabanda. Vivace - Giga. Allegro,"XII Sonate da camera a due violini, e violone o cimbalo, Pietro Card. Ottoboni gewidmet, Opus IV, Rom 1694"
44 ,op. 4/8,d,Sonate da camera,Preludio. Grave - Allemanda. Vivace - Sarabanda. Allegro,"XII Sonate da camera a due violini, e violone o cimbalo, Pietro Card. Ottoboni gewidmet, Opus IV, Rom 1694"
45 ,op. 4/9,Bb,Sonate da camera,Preludio. Largo - Corrente. Allegro - Grave - Tempo di Gavotta. Allegro,"XII Sonate da camera a due violini, e violone o cimbalo, Pietro Card. Ottoboni gewidmet, Opus IV, Rom 1694"
46 ,op. 4/10,G,Sonate da camera,Preludio. Adagio (- Allegro - Adagio) - Grave - Tempo di Gavotta. Presto,"XII Sonate da camera a due violini, e violone o cimbalo, Pietro Card. Ottoboni gewidmet, Opus IV, Rom 1694"
47 ,op. 4/11,c,Sonate da camera,Preludio. Grave - Corrente. Allegro - Allemanda. Allegro,"XII Sonate da camera a due violini, e violone o cimbalo, Pietro Card. Ottoboni gewidmet, Opus IV, Rom 1694"
48 ,op. 4/12,b,Sonate da camera,Preludio. Largo - Allemanda. Presto - Giga. Allegro,"XII Sonate da camera a due violini, e violone o cimbalo, Pietro Card. Ottoboni gewidmet, Opus IV, Rom 1694"
49 ,op. 5/1,D,Sonate a violino solo,Grave - Allegro (- Adagio) - Allegro - Adagio - Allgero,"XII Sonate a violino solo e violone o cimbalo, Der Kurfürstin Sophie Chalotte von Brandenburg gewidmet, Opus V, Rom 1700"
50 ,op. 5/2,Bb,Sonate a violino solo,Grave - Allegro - Vivace - Adagio - Vivace,"XII Sonate a violino solo e violone o cimbalo, Der Kurfürstin Sophie Chalotte von Brandenburg gewidmet, Opus V, Rom 1700"
51 ,op. 5/3,C,Sonate a violino solo,Adagio - Allegro - Adagio - Allegro - Allegro,"XII Sonate a violino solo e violone o cimbalo, Der Kurfürstin Sophie Chalotte von Brandenburg gewidmet, Opus V, Rom 1700"
52 ,op. 5/4,F,Sonate a violino solo,Adagio - Allegro - Vivace - Adagio - Allegro,"XII Sonate a violino solo e violone o cimbalo, Der Kurfürstin Sophie Chalotte von Brandenburg gewidmet, Opus V, Rom 1700"
53 ,op. 5/5,G,Sonate a violino solo,Adagio - Vivace (- Adagio) - Adagio - Vivace - Giga. Allegro,"XII Sonate a violino solo e violone o cimbalo, Der Kurfürstin Sophie Chalotte von Brandenburg gewidmet, Opus V, Rom 1700"
54 ,op. 5/6,A,Sonate a violino solo,Grave - Allegro - Allegro - Adagio - Allgero,"XII Sonate a violino solo e violone o cimbalo, Der Kurfürstin Sophie Chalotte von Brandenburg gewidmet, Opus V, Rom 1700"
55 ,op. 5/7,d,Sonate a violino solo,Preludio. Vivace - Corrente. Allegro - Sarabanda. Largo - Giga. Allegro,"XII Sonate a violino solo e violone o cimbalo, Der Kurfürstin Sophie Chalotte von Brandenburg gewidmet, Opus V, Rom 1700"
56 ,op. 5/8,e,Sonate a violino solo,Preludio. Largo - Allemanda. Allegro - Sarabanda. Largo - Giga. Allegro,"XII Sonate a violino solo e violone o cimbalo, Der Kurfürstin Sophie Chalotte von Brandenburg gewidmet, Opus V, Rom 1700"
57 ,op. 5/9,A,Sonate a violino solo,Preludio. Largo - Giga. Allegro - Adagio - Tempo di Gavotta. Allegro,"XII Sonate a violino solo e violone o cimbalo, Der Kurfürstin Sophie Chalotte von Brandenburg gewidmet, Opus V, Rom 1700"
58 ,op. 5/10,F,Sonate a violino solo,Preludio. Adagio - Allemanda. Allegro - Sarabanda. Largo - Gavotta. Allegro - Giga. Allegro,"XII Sonate a violino solo e violone o cimbalo, Der Kurfürstin Sophie Chalotte von Brandenburg gewidmet, Opus V, Rom 1700"
59 ,op. 5/11,E,Sonate a violino solo,Preludio. Adagio - Allegro - Adagio - Vivace - Gavotta. Allegro,"XII Sonate a violino solo e violone o cimbalo, Der Kurfürstin Sophie Chalotte von Brandenburg gewidmet, Opus V, Rom 1700"
60 ,op. 5/12,d,"Sonate a violino solo ""Folia""",Adagio (- Allegro - Adagio - Vivace - Allegro - Andante - Allegro - Adagio - Allegro),"XII Sonate a violino solo e violone o cimbalo, Der Kurfürstin Sophie Chalotte von Brandenburg gewidmet, Opus V, Rom 1700"
61 ,op. 6/1,D,Concerto grosso,Largo (- Allegro) - Largo (- Allegro) - Allegro - Largo - Allegro - Allegro,"XII Concerti grossi, due violini e violoncello di concertino con due altri violini, viola e basso di concerto grosso, Dem Kurfürsten Johann Wilhelm von Pfalz-Neuburg gewidmet, Opus VI, Amsterdam 1714"
62 ,op. 6/2,F,Concerto grosso,Vivace (- Allegro - Adagio - Vivace - Allegro - Largo Andante) - Allegro - Grave (- Andante Largo) - Allegro,"XII Concerti grossi, due violini e violoncello di concertino con due altri violini, viola e basso di concerto grosso, Dem Kurfürsten Johann Wilhelm von Pfalz-Neuburg gewidmet, Opus VI, Amsterdam 1714"
63 ,op. 6/3,c,Concerto grosso,Largo - Allegro - Grave - Vivace - Allegro,"XII Concerti grossi, due violini e violoncello di concertino con due altri violini, viola e basso di concerto grosso, Dem Kurfürsten Johann Wilhelm von Pfalz-Neuburg gewidmet, Opus VI, Amsterdam 1714"
64 ,op. 6/4,D,Concerto grosso,Adagio (- Allegro) - Adagio - Vivace - Allegro - Allegro,"XII Concerti grossi, due violini e violoncello di concertino con due altri violini, viola e basso di concerto grosso, Dem Kurfürsten Johann Wilhelm von Pfalz-Neuburg gewidmet, Opus VI, Amsterdam 1714"
65 ,op. 6/5,Bb,Concerto grosso,Adagio (- Allegro - Adagio) - Adagio - Allegro (- Adagio) - Largo - Allegro,"XII Concerti grossi, due violini e violoncello di concertino con due altri violini, viola e basso di concerto grosso, Dem Kurfürsten Johann Wilhelm von Pfalz-Neuburg gewidmet, Opus VI, Amsterdam 1714"
66 ,op. 6/6,F,Concerto grosso,Adagio - Allegro - Largo - Vivace - Allegro,"XII Concerti grossi, due violini e violoncello di concertino con due altri violini, viola e basso di concerto grosso, Dem Kurfürsten Johann Wilhelm von Pfalz-Neuburg gewidmet, Opus VI, Amsterdam 1714"
67 ,op. 6/7,D,Concerto grosso,Vivace - Allegro (- Adagio) - Allgero - Andante Largo - Allegro - Vivace,"XII Concerti grossi, due violini e violoncello di concertino con due altri violini, viola e basso di concerto grosso, Dem Kurfürsten Johann Wilhelm von Pfalz-Neuburg gewidmet, Opus VI, Amsterdam 1714"
68 ,op. 6/8,g,Concerto grosso,"Vivace - Grave. Arcate, sostenuto e come stà - Allegro - Adagio (- Allegro - Adagio) - Vivace - Allegro - Largo. Pastorale ad libitum","XII Concerti grossi, due violini e violoncello di concertino con due altri violini, viola e basso di concerto grosso, Dem Kurfürsten Johann Wilhelm von Pfalz-Neuburg gewidmet, Opus VI, Amsterdam 1714"
69 ,op. 6/9,F,Concerto grosso,Preludio. Largo - Allemanda. Allegro - Corrente. Vivace - Gavotta. Allegro - Adagio - Mineutto. Vivace,"XII Concerti grossi, due violini e violoncello di concertino con due altri violini, viola e basso di concerto grosso, Dem Kurfürsten Johann Wilhelm von Pfalz-Neuburg gewidmet, Opus VI, Amsterdam 1714"
70 ,op. 6/10,C,Concerto grosso,Preludio. Andante Largo - Allemanda. Allegro - Adagio - Corrente. Vivace - Allegro - Minuetto. Vivace,"XII Concerti grossi, due violini e violoncello di concertino con due altri violini, viola e basso di concerto grosso, Dem Kurfürsten Johann Wilhelm von Pfalz-Neuburg gewidmet, Opus VI, Amsterdam 1714"
71 ,op. 6/11,Bb,Concerto grosso,Preludio. Andante Largo - Allemanda. Allegro - Adagio - Andante Largo - Sarabanda. Largo - Giga. Vivace,"XII Concerti grossi, due violini e violoncello di concertino con due altri violini, viola e basso di concerto grosso, Dem Kurfürsten Johann Wilhelm von Pfalz-Neuburg gewidmet, Opus VI, Amsterdam 1714"
72 ,op. 6/12,F,Concerto grosso,Preludio. Adagio - Allegro - Adagio - Sarabanda. Vivace - Giga. Allegro,"XII Concerti grossi, due violini e violoncello di concertino con due altri violini, viola e basso di concerto grosso, Dem Kurfürsten Johann Wilhelm von Pfalz-Neuburg gewidmet, Opus VI, Amsterdam 1714"
73 ,WoO 1,d,Sinfonia,Grave - Allegro - Adagio - Largo assai - Vivace,"Sinfonia, due violini e violoncello di concertino con due altri violini, violetta e basso di concerto grosso, Einleitung zu den Oratorium ""Santa Beatrice d'Este"" von Giovanni Lorenzo Lulier, Rom? 1689"
74 ,WoO 2,g,Sonata à quattro,Adagio - Andante Largo - Allegro - Grave - Presto - Vivace,"Due violini, violetta e basso"
75 ,WoO 3,G/e,Sonata à quattro,Grave - Largo e staccato - Allegro - Grave - Allegro,"Due violini, violetta e basso [fragment]"
76 ,WoO 4,D,Sonata à quattro,Adagio - Allegro - Grave - Spiritoso et Adagio - Allegro,"Tromba sola, due violini e basso"
77 ,WoO 5,A,Sonata à tre,Grave - Allegro - Adagio - Allgero,Due violini e violoncello col basso per l'organo
78 ,WoO 6,D,Sonata à tre,Adagio - Allegro - Vivace,Due violini e violoncello col basso per l'organo
79 ,WoO 7,D,Sonata à tre,Largo - Allegro - Grave - Allegro,Due violini e violoncello col basso per l'organo
80 ,WoO 8,D,Sonata à tre,Adagio - Allegro - Grave - Vivace,Due violini e violoncello col basso per l'organo
81 ,WoO 9,g,Sonata à tre,Largo - Allegro - Grave - Allegro,Due violini e violoncello col basso per l'organo
82 ,WoO 10,g,Sonata à tre,Adagio - Allegro - Adagio - Vivace,Due violini e violoncello col basso per l'organo