Date,Wotquenne,Helm,Title,Type,Key,Movement,Instrumentation,Note
1740,Wq. 7,H. 410,,Concerto,A major,"1. Allegro (A major)
2. Adagio (F-sharp minor)
3. Allegro (A major)","Harpsichord, 2 Violins, Viola, Basso",
1741,Wq. 8,H. 411,,Concerto,A major,"1. Allegro (A major)
2. Andante (A minor)
3. Allegro (A major)","Harpsichord, 2 Violins, Viola, Basso",
1746,Wq. 19,H. 422,,Concerto,A major,"1. Allegro (A major)
2. Andante (A minor)
3. Allegro assai (A major)","Harpsichord, 2 Violins, Viola, Basso",Attribué à Johann Friedrich Bach
1753,Wq. 29,H. 437,,Concerto,A major,"1. Allegro (A major)
2. Largo mesto (A minor)
3. Allegro (A major)","Harpsichord, 2 Violins, Viola, Basso","Aussi version pour flûte traversière et cordes (Wq 168/H 438);
violoncelle et cordes (Wq 172/H 439)"
1753,Wq. 168,H. 438,,Concerto,A major,"1. Allegro (A major)
2. Largo mesto (A minor)
3. Allegro (E major)","Transverse Flute, 2 Violins, Viola, Basso","Aussi version pour clavecin et cordes (Wq 29/H 437);
violoncelle et cordes (Wq 172/H 439)"
1753,Wq. 172,H. 439,,Concerto,A major,"1. Allegro (A major)
2. Largo mesto (A minor)
3. Allegro (E major)","Cello, 2 Violins, Viola, Basso","Aussi version pour clavecin et cordes (Wq 29/H 437);
flûte traversière et cordes (Wq 168/H 438)"
1733,Wq. 1,H. 403,,Concerto,A minor,"1. Allegretto (A minor)
2. Andante (F major)
3. Presto (A minor)","Harpsichord, 2 Violins, Viola, Basso",revised in 1744
1747,Wq. 21,H. 424,,Concerto,A minor,"1. Allegro (A minor)
2. Adagio (F major)
3. Allegro con spirito (A minor)","Harpsichord, 2 Violins, Viola, Basso",
1750,Wq. 26,H. 430,,Concerto,A minor,"1. Allegro assai (A minor)
2. Andante (C major)
3. Allegro assai (A minor)","Harpsichord, 2 Violins, Viola, Basso","Aussi version pour flûte traversière et cordes (Wq 166/H 431);
violoncelle et cordes (Wq 170/H 432)
Aussi arrangé pour 2 clavecins"
1750,Wq. 166,H. 431,,Concerto,A minor,"1. Allegro assai (A minor)
2. Andante (C major)
3. Allegro assai (A minor)","Transverse Flute, 2 Violins, Viola, Basso","Aussi version pour clavecin et cordes (Wq 26/H 430);
violoncelle et cordes (Wq 170/H 432)"
1750,Wq. 170,H. 432,,Concerto,A minor,"1. Allegro assai (A minor)
2. Andante (C major)
3. Allegro assai (A minor)","Cello, 2 Violins, Viola, Basso","Aussi version pour clavecin et cordes (Wq 26/H 430);
flûte traversière et cordes (Wq 166/H 431)"
1753,Wq. 30,H. 440,,Concerto,B minor,"1. Allegro di molto (B minor)
2. Adagio (G major)
3. Allegro (B minor)","Harpsichord, 2 Violins, Viola, Basso",
1742,Wq. 10,H. 413,,Concerto,B-flat major,"1. ... (B-flat major)
2. Largo (F major)
3. Presto, ma non tanto (B-flat major)","Harpsichord, 2 Violins, Viola, Basso",
1749,Wq. 25,H. 429,,Concerto,B-flat major,"1. Allegro di molto (B-flat major)
2. Largo mesto (D minor)
3. Prestissimo (B-flat major)","Harpsichord, 2 Violins, Viola, Basso",Aussi arrangé pour 2 clavecins
1751,Wq. 28,H. 434,,Concerto,B-flat major,"1. Allegretto (B-flat major)
2. Adagio (G minor)
3. Allegro assai (B-flat major)","Harpsichord, 2 Violins, Viola, Basso","Aussi version pour flûte traversière et cordes (Wq 167/H 435);
violoncelle et cordes (Wq 171/H 436)"
1751,Wq. 167,H. 435,,Concerto,B-flat major,"1. Allegretto (B-flat major)
2. Adagio (G minor)
3. Allegro assai (B-flat major)","Transverse Flute, 2 Violins, Viola, Basso","Aussi version pour clavecin et cordes (Wq 28/H 434);
violoncelle et cordes (Wq 171/H 436)"
1753,Wq. 171,H. 436,,Concerto,B-flat major,"1. Allegretto (B-flat major)
2. Adagio (G minor)
3. Allegro assai (B-flat major)","Cello, 2 Violins, Viola, Basso","Aussi version pour clavecin et cordes (Wq 28/H 434);
flûte traversière et cordes (Wq 167/H 435)"
1762,Wq. 36,H. 447,,Concerto,B-flat major,"1. Allegro (B-flat major)
2. Poco Adagio (E-flat major)
3. Allegro assai (B-flat major)","Harpsichord, 2 Violins, Viola, Basso",
1765,Wq. 39,H. 465,,Concerto,B-flat major,"1. Allegretto (B-flat major)
2. Largo e mesto (G minor)
3. Allegro moderato (B-flat major)","2 Solo Violins, Viola, Basso",Aussi version pour hautbois et cordes (Wq 164/H 466)
1765,Wq. 164,H. 466,,Concerto,B-flat major,"1. Allegretto (B-flat major)
2. Largo e mesto (G minor)
3. Allegro moderato (B-flat major)","Oboe, 2 Violins, Viola, Basso",Aussi version pour clavecin et cordes (Wq 39/H 465)
1746,Wq. 20,H. 423,,Concerto,C major,"1. Allegretto (C major)
2. Adagio ma non troppo (C minor)
3. Allegro assai (C major)","Harpsichord, 2 Violins, Viola, Basso",
1765,Wq. 112/1,H. 190,,Concerto,C major,,Clavier solo,
1771,Wq. 43/6,H. 476,,Concerto,C major,"1. Allegro di molto (C major)
2. Larghetto (D minor)
3. Allegro (C major)","2 Flutes, 2 Horns, 2 Violins, Viola, Basso",
1739,Wq. 5,H. 407,,Concerto,C minor,"1. Moderato (C minor)
2. Adagio non molto (E-flat major)
3. Vivace (C minor)","Harpsichord, 2 Violins, Viola, Basso",revised in 1762
1753,Wq. 31,H. 441,,Concerto,C minor,"1. Allegro di molto (C minor)
2. Adagio (A-flat major)
3. Allegretto (C minor)","Harpsichord, 2 Violins, Viola, Basso",
1762,Wq. 37,H. 448,,Concerto,C minor,"1. Allegro assai (C minor)
2. Andante ed arioso (C major)
3. Presto (C minor)","Harpsichord, 2 Horns, 2 Violins, Viola, Basso",
1771,Wq. 43/4,H. 474,,Concerto,C minor,"1. Allegro assai (C minor)
2. Poco Adagio (G minor)
3. Tempo di Minuetto (E-flat major)
4. Allegro assai (C minor)","Harpsichord, 2 Flutes adlib, 2 Violins, Viola, Basso",Aussi arrangé pour 2 clavecins solo
1743,Wq. 11,H. 414,,Concerto,D major,"1. Allegro di molto (D major)
2. Adagio non molto (D minor)
3. Allegro (D major)","Harpsichord, 2 Violins, Viola, Basso",Aussi version avec ajout de 2 trompettes et timbales ad lib
1744,Wq. 13,H. 416,,Concerto,D major,"1. Allegro (D major)
2. Un poco Andante (B minor)
3. Allegro assai (D major)","Harpsichord, 2 Violins, Viola, Basso",? Version pour flûte concertante
1745,Wq. 18,H. 421,,Concerto,D major,"1. Allegro (D major)
2. Andante (G major)
3. Allegro di molto (D major)","Harpsichord, 2 Violins, Viola, Basso",Aussi arrangé pour 2 clavecins solo
1750,Wq. 27,H. 433,,Concerto,D major,"1. Allegro (D major)
2. Siciliana (B minor)
3. Allegro (D major)","Harpsichord, 2 Violins, Viola, Basso","1ère version: 2 hautbois, 2 trompettes/cors, 2 flûtes ad lib et timpani;
2è version: cordes et 2 cors"
1771,Wq. 43/2,H. 472,,Concerto,D major,"1. Allegro di molto (D major)
2. Andante (G major)
3. Allegretto (D major)","2 Flutes, 2 Horns, 2 Violins, Viola, Basso",Aussi arrangé pour 2 clavecins solo
1778,Wq. 45,H. 478,,Concerto,D major,"1. Allegretto (D major)
2. Andantino (D minor)
3. Allegro (D major)","Harpsichord, 2 Horns, 2 Violins, Viola, Basso",
1745,Wq. 17,H. 420,,Concerto,D minor,"1. Allegro (D minor)
2. Un poco Adagio (B-flat major)
3. Allegro (D minor)","Harpsichord, 2 Violins, Viola, Basso",
1747,Wq. 22,H. 425,,Concerto,D minor,"1. Allegro (D minor)
2. Un poco Andante (D major)
3. Allegro di molto (D minor)","Harpsichord, 2 Violins, Viola, Basso",
1748,Wq. 23,H. 427,,Concerto,D minor,"1. Allegro (D minor)
2. Poco Andante (F major)
3. Allegro assai (D minor)","Harpsichord, 2 Violins, Viola, Basso",Aussi arrangé pour 2 clavecins
1744,Wq. 14,H. 417,,Concerto,E major,"1. Allegro (E major)
2. Poco Adagio (E minor)
3. Allegro assai (E major)","Harpsichord, 2 Violins, Viola, Basso",
1745,Wq. 15,H. 418,,Concerto,E minor,"1. Allegro (E minor)
2. Adagio (G major)
3. Vivace (E minor)","Harpsichord, 2 Violins, Viola, Basso",
1748,Wq. 24,H. 428,,Concerto,E minor,"1. Allegretto (E minor)
2. Largo (C major)
3. Allegretto (E minor)","Harpsichord, 2 Violins, Viola, Basso",? Révision d'une version antérieure
,Wq. 481.5,,,Concerto,E minor,"1. Allegretto (E minor)
2. Adagio (B minor)
3. Presto (E minor)",,Possiblement authentique
1734,Wq. 2,H. 404,,Concerto,E-flat major,"1. Allegro non molto (E-flat major)
2. Largo (C minor)
3. Allegro assai (E-flat major)","Harpsichord, 2 Violins, Viola, Basso",revised in 1743
1759,Wq. 35,H. 446,,Concerto,E-flat major,"1. Allegro ma non troppo (E-flat major)
2. Adagio sostenuto (A-flat major)
3. Allegro assai (E-flat major)","Organ/Harpsicord, 2 Horns, 2 Violins, Viola, Basso",Originalement pour orgue; autre version sans cors
1765,Wq. 40,H. 467,,Concerto,E-flat major,"1. Allegro (E-flat major)
2. Adagio ma non troppo (C minor)
3. Allegro ma non troppo (E-flat major)","Harpsichord, 2 Violins, Viola, Basso",Aussi version pour hautbois et cordes (Wq 165/H 468)
1765,Wq. 165,H. 468,,Concerto,E-flat major,"1. Allegro (E-flat major)
2. Adagio ma non troppo (C minor)
3. Allegro ma non troppo (E-flat major)","Oboe, 2 Violins, Viola, Basso",Aussi version pour clavecin et cordes (Wq 40/H 467)
1769,Wq. 41,H. 469,,Concerto,E-flat major,"1. Largo (E-flat major) / Prestissimo
2. Largo (C major)
3. Ziemlich geschwinde (E-flat major)","Harpsichord, 2 Flutes, 2 Horns, 2 Violins, Viola, Basso",
1771,Wq. 43/3,H. 473,,Concerto,E-flat major,"1. Allegro (E-flat major)
2. Larghetto (C major)
3. Presto (E-flat major)","2 Flutes, 2 Horns, 2 Violins, Viola, Basso",Aussi arrangé pour 2 clavecins solo
1788,Wq. 47,H. 479,Concerto doppio,Concerto,E-flat major,"1. Allegro di molto (E-flat major)
2. Larghetto (C major)
3. Presto (E-flat major)","Harpsichord, Pianoforte, 2 Flutes, 2 Horns, 2 Violins, Viola, Basso",Aussi arrangé pour 2 claviers solo ainsi que pour 3 pianos solo
1740,Wq. 46,H. 408,Concerto doppio,Concerto,F major,"1. Allegro (F major)
2. Largo (F minor)
3. Allegro assai (F major)","2 Harpsichords, 2 Horns, 2 Violins, Viola, Basso",2e version sans cors - ausi arrangé pour 2 clavecins solo
1744,Wq. 12,H. 415,,Concerto,F major,"1. Allegro (F major)
2. Largo e sostenuto (F minor)
3. Allegro assai (F major)","Harpsichord, 2 Violins, Viola, Basso",
1755,Wq. 33,H. 443,,Concerto,F major,"1. Allegretto (F major)
2. Adagio (B-flat major)
3. Allegro assai (F major)","Harpsichord, 2 Violins, Viola, Basso",
1763,Wq. 38,H. 454,,Concerto,F major,"1. Allegro di molto (F major)
2. Poco Adagio (D minor)
3. Allegro (F major)","Harpsichord, 2 Flutes adlib, 2 Violins, Viola, Basso",
1770,Wq. 42,H. 470,,Concerto,F major,"1. Allegro assai (F major)
2. Larghetto (C minor)
3. Poco Presto (F major)","Harpsichord, 2 Horns, 2 Violins, Viola, Basso",
1771,Wq. 43/1,H. 471,,Concerto,F major,"1. Allegro di molto (F major)
2. Andante (F minor)
3. Prestissimo (F major)","2 Flutes, 2 Horns, 2 Violins, Viola, Basso",
1737,Wq. 3,H. 405,,Concerto,G major,"1. Allegro di molto (G major)
2. Adagio (G minor)
3. Allegro (G major)","Harpsichord, 2 Violins, Viola, Basso",revised in 1745
1738,Wq. 4,H. 406,,Concerto,G major,"1. Allegro (G major)
2. Adagio (G minor)
3. Allegro (G major)","Harpsichord, 2 Violins, Viola, Basso",
1742,Wq. 9,H. 412,,Concerto,G major,"1. Allegro (G major)
2. Adagio (B minor)
3. Allegro assai (G major)","Harpsichord, 2 Violins, Viola, Basso",Aussi arrangé pour orgue et violon
1745,Wq. 16,H. 419,,Concerto,G major,"1. Allegro (G major)
2. Adagio (C major)
3. Allegretto (G major)","Harpsichord, 2 Violins, Viola, Basso",? Révision d'une version datant de 1738
1755,Wq. 34,H. 444,,Concerto,G major,"1. Allegro di molto (G major)
2. Largo (E minor)
3. Presto (G major)","Harpsichord, 2 Violins, Viola, Basso",Aussi version pour flûte traversière et cordes (Wq 169/H 445)
1755,Wq. 169,H. 445,,Concerto,G major,"1. Allegro di molto (G major)
2. Largo (E minor)
3. Presto (G major)","Transverse Flute, 2 Violins, Viola, Basso",Aussi version pour orgue/clavecin et cordes (Wq 34/H 444)
1771,Wq. 43/5,H. 475,,Concerto,G major,"1. Adagio (G major) / Presto
2. Allegro (C major)","2 Flutes, 2 Horns, 2 Violins, Viola, Basso",Aussi arrangé pour 2 clavecins solo
1778,Wq. 44,H. 477,,Concerto,G major,"1. Allegretto (G major)
2. Andantino (B minor)
3. Allegro (G major)","Harpsichord, 2 Horns, 2 Violins, Viola, Basso",
1740,Wq. 6,H. 409,,Concerto,G minor,"1. ... (G minor)
2. Largo (E-flat major)
3. Allegro (G minor)","Harpsichord, 2 Violins, Viola, Basso",
1754,Wq. 32,H. 442,,Concerto,G minor,"1. Allegretto (G minor)
2. Un poco Andante (G major)
3. Allegro (G minor)","Harpsichord, 2 Flutes adlib, 2 Violins, Viola, Basso","Autre version avec 2 violons, alto et basse"
,Wq. 481,,,Concerto,G minor,"1. Allegro (G minor)
2. Largo (B-flat major)
3. Presto di molto (G minor)",,Possiblement authentique
1771,Wq. 43,,6 Concertos,Concerto,,,"2 Flutes, 2 Horns, 2 Violins, Viola, Basso",
,Wq. 483,,Concertos,Concerto,,,"Harpsichord, Orchestra",
1768,Wq. 190/6,H. 627,Polonoise,Dance,A major,,"2 Violins, Basso",
1775,Wq. 193/14,H. 635/14,Polonoise II,Dance,A major,,,
s.d.,Wq. 116/34,H. 308,Polonoise,Dance,A major,,Clavier,
s.d.,Wq. 116/42,H. 316,Polonoise,Dance,A major,,Clavier,
1762.5,Wq. 112/5,H. 166,Alla polacca,Dance,A minor,,Clavier,
1762.5,Wq. 116/10,H. 166,Alla polacca,Dance,A minor,,Clavier,
1762.5,Wq. 190/3,H. 605,Polonoise,Dance,A minor,,"2 Violins, Basso",
1765,Wq. 113/5,H. 197,Alla polacca,Dance,A minor,,Clavier,
1775,Wq. 193/15,H. 635/15,Polonoise III,Dance,B-flat major,,,
s.d.,Wq. 116/43,H. 317,Polonoise,Dance,B-flat major,,Clavier,
1766,Wq. 116/4,H. 215,Alla polacca,Dance,C major,,Clavier,
1766,Wq. 190/5,H. 609,Polonoise,Dance,C major,,"2 Violins, Basso",
1762.5,Wq. 112/17,H. 170,Alla polacca,Dance,D major,,Clavier,
1762.5,Wq. 116/14,H. 170,Alla polacca,Dance,D major,,Clavier,
1762.5,Wq. 190/1,H. 604,Polonoise,Dance,D major,,"2 Clarinetts, 2 Horns, 2 Violins, Basso",
1765,Wq. 113/7,H. 199,Alla polacca,Dance,D major,,Clavier,
1766,Wq. 116/6,H. 217,Alla polacca,Dance,D major,,Clavier,
1766,Wq. 190/4,H. 608,Polonoise,Dance,D major,,"2 Clarinetts, 2 Violins, Basso",
1767,Wq. 114/5,H. 232,Alla polacca,Dance,D major,,Clavier,
1769,Wq. 82/7,H. 628/7,Alla polacca,Dance,D major,,3 Voices,
1775,Wq. 193/21,H. 635/21,Polonoise,Dance,D major,,"Flute, Harp",
s.d.,Wq. 116/49,H. 323,Polonoise,Dance,D major,,Clavier,
,Wq. 81/3,H. 600/3,Polacca,Dance,E minor,,,
1763,Wq. 116/2,H. 172,Polonoise,Dance,E-flat major,,Clavier,
1767,Wq. 114/6,H. 233,Alla polacca,Dance,E-flat major,,Clavier,
1775,Wq. 193/16,H. 635/16,Polonoise,Dance,E-flat major,,,
1775,Wq. 193/4,H. 635/4,Polacca,Dance,E-flat major,,,
s.d.,Wq. 116/44,H. 318,Polonoise,Dance,E-flat major,,Clavier,
1769,Wq. 82/8,H. 628/8,Alla polacca,Dance,F major,,2 Voices,
1775,Wq. 193/13,H. 635/13,Polonoise I,Dance,F major,,,
s.d.,Wq. 116/41,H. 315,Polonoise,Dance,F major,,Clavier,
1766,Wq. 116/8,H. 219,Alla polacca,Dance,G major,,Clavier,
1766,Wq. 190/2,H. 607,Polonoise,Dance,G major,,"2 Violins, Basso",
1775,Wq. 193/25,H. 635/25,Polonoise,Dance,G major,,2 Flutes,
1760,Wq. 116/22,H. 154,Polonoise,Dance,G minor,,Clavier,
1762.5,Wq. 112/11,H. 168,Alla polacca,Dance,G minor,,Clavier,
1762.5,Wq. 116/12,H. 168,Alla polacca,Dance,G minor,,Clavier,
1762.8,Wq. 190,,Polonoises,Dance,,,Various Instruments,
1767,Wq. 115/3,H. 612,,Duet,A minor,,2 Harpsichords,
1767,Wq. 115/1,H. 610,,Duet,B-flat major,,2 Harpsichords,
,Wq. 142,H. 636,,Duet,C major,,2 Clarinetts,
1752,Wq. 141,H. 599,,Duet,D minor,,2 Violins,
1748,Wq. 140,H. 598,,Duet,E minor,,"Flute, Violin",
1767,Wq. 115/4,H. 613,,Duet,E-flat major,,2 Harpsichords,
1767,Wq. 115/2,H. 611,,Duet,F major,,2 Harpsichords,
1767,Wq. 115,,,Duet,,,2 Harpsichords,
1782,Wq. 58/7,H. 278,,Fantasia,A major,,Clavier,
1759,Wq. 112/8,H. 146,,Fantasia,B-flat major,,Clavier,
1759,Wq. 117/9,H. 146,,Fantasia,B-flat major,,Clavier,
1786,Wq. 61/3,H. 289,,Fantasia,B-flat major,,Clavier,
1784,Wq. 59/6,H. 284,,Fantasia,C major,,Clavier,
1786,Wq. 61/6,H. 291,,Fantasia,C major,,Clavier,
1754,Wq. 119/7,H. 75.5,Fantaisie et fugue à 4,Fantasia,C minor,,Clavier,
1759,Wq. 112/2,H. 144,,Fantasia,D major,,Clavier,
1759,Wq. 117/8,H. 144,,Fantasia,D major,,Clavier,
1762,Wq. 117/14,H. 160,,Fantasia,D major,,Clavier,
1765,Wq. 113/3,H. 195,,Fantasia,D minor,,Clavier,
1765,Wq. 117/15,H. 195,,Fantasia,D minor,,Clavier,
1766,Wq. 117/12,H. 224,,Fantasia,D minor,,Clavier,
1767,Wq. 114/7,H. 234,,Fantasia,D minor,,Clavier,
1767,Wq. 117/16,H. 234,,Fantasia,D minor,,Clavier,
1782,Wq. 58/6,H. 277,,Fantasia,E-flat major,,Clavier,
1759,Wq. 112/15,H. 148,,Fantasia,F major,,Clavier,
1759,Wq. 117/10,H. 148,,Fantasia,F major,,Clavier,
1782,Wq. 59/5,H. 279,,Fantasia,F major,,Clavier,
1787,Wq. 67,H. 300,,Fantasia,F-sharp minor,,Clavier,
1787,Wq. 80,H. 536,"Fantaisie ""mit begleitung""",Fantasia,F-sharp minor,,"Violin, Harpsichord",
1766,Wq. 117/11,H. 223,,Fantasia,G major,,Clavier,
1766,Wq. 117/13,H. 225,,Fantasia,G minor,,Clavier,
1760,Wq. 118/2,H. 155,Clavierstück con 22 variazioni,Keyboard Variations,A major,,Clavier,
1750,Wq. 118/5,H. 65,Allegretto con 6 variazioni,Keyboard Variations,C major,,Clavier,
1777,Wq. 118/10,H. 259,Thema con variazioni,Keyboard Variations,C major,,Clavier,
1778,Wq. 118/9,H. 263,12 Variations,Keyboard Variations,D minor,,Clavier,
1747,Wq. 118/4,H. 54,Arioso con 7 variazioni,Keyboard Variations,F major,,Clavier,
1752,Wq. 118/1,H. 69,24 Variations,Keyboard Variations,F major,,Clavier,
1781,Wq. 118/8,H. 275,Canzonetta con 6 variazioni,Keyboard Variations,F major,,Clavier,
1766,Wq. 118/6,H. 226,Romance con 12 variazioni (12),Keyboard Variations,G major,,Clavier,
,Wq. 270,,Les Folies d'Espagne avec 12 variations,Keyboard Variations,,,,
1755,Wq. 119/4,H. 101,Fugue à 3 avec Anmerkungen,Klavierstück,A major,,Clavier,
1755,Wq. 116/16,H. 338/1,[no title],Klavierstück,A major,,Clavier,
1755,Wq. 117/34,H. 96,La Philippine,Klavierstück,A major,,Clavier,
1765,Wq. 113/8,H. 200,[no title],Klavierstück,A major,,Clavier,
1766,Wq. 117/4,H. 222,Solfeggio,Klavierstück,A major,,Clavier,
1767,Wq. 114/9,H. 236,[no title],Klavierstück,A major,,Clavier,
1770,Wq. 117/1,H. 241,Clavierstück,Klavierstück,A major,,Clavier,
1782,Wq. 58/1,H. 276,Rondo,Klavierstück,A major,,Clavier,
s.d.,Wq. 116/36,H. 310,[no title],Klavierstück,A major,,Clavier,
1755,Wq. 117/19,H. 89,La Gleim: rondeau,Klavierstück,A minor,,Clavier,
1755,Wq. 117/39,H. 98,La Caroline,Klavierstück,A minor,,Clavier,
1778,Wq. 56/5,H. 262,Rondo,Klavierstück,A minor,,Clavier,
s.d.,Wq. 116/39,H. 313,[no title],Klavierstück,A minor,,Clavier,
s.d.,Wq. 116/50,H. 324,[no title],Klavierstück,A minor,,Clavier,
1755,Wq. 117/20,H. 90,La Bergius,Klavierstück,B-flat major,,Clavier,
1756,Wq. 117/28,H. 109,La complaisante,Klavierstück,B-flat major,,Clavier,
1757,Wq. 117/40,H. 125,La Sophie: aria,Klavierstück,B-flat major,,Clavier,
1765,Wq. 113/10,H. 202,[no title],Klavierstück,B-flat major,,Clavier,
1767,Wq. 114/2,H. 229,[no title],Klavierstück,B-flat major,,Clavier,
1775,Wq. 116/27,H. 253,[no title],Klavierstück,B-flat major,,Clavier,
1779,Wq. 58/2,H. 267,Rondo,Klavierstück,B-flat major,,Clavier,
s.d.,Wq. 116/38,H. 312,[no title],Klavierstück,B-flat major,,Clavier,
1754,Wq. 117/18,H. 80,La Lott,Klavierstück,C major,,Clavier,
1755,Wq. 117/27,H. 95,L'Aly Rupalich,Klavierstück,C major,,Clavier,
1755,Wq. 117/35,H. 97,La Gabriel,Klavierstück,C major,,Clavier,
1759,Wq. 112/10,H. 147,Solfeggio,Klavierstück,C major,,Clavier,
1759,Wq. 117/6,H. 147,Solfeggio,Klavierstück,C major,,Clavier,
1767,Wq. 114/10,H. 237,[no title],Klavierstück,C major,,Clavier,
1775,Wq. 116/23,H. 249,[no title],Klavierstück,C major,,Clavier,
1778,Wq. 56/1,H. 260,Rondo,Klavierstück,C major,,Clavier,
s.d.,Wq. 116/51,H. 325,[no title],Klavierstück,C major,,Clavier,
s.d.,Wq. 116/53,H. 327,[no title],Klavierstück,C major,,Clavier,
s.d.,Wq. 116/57,H. 331,[no title],Klavierstück,C major,,Clavier,
1756,Wq. 117/30,H. 110,Les langueurs tendres,Klavierstück,C minor,,Clavier,
1756,Wq. 117/32,H. 112,La journalière,Klavierstück,C minor,,Clavier,
1766,Wq. 117/2,H. 220,Solfeggio,Klavierstück,C minor,,Clavier,
1767,Wq. 114/3,H. 230,[no title],Klavierstück,C minor,,Clavier,
1784,Wq. 59/4,H. 283,Rondo,Klavierstück,C minor,,Clavier,
1757,Wq. 117/29,H. 123,La Xénophon - La Sybille,Klavierstück,C-sharp major,,Clavier,
1754,Wq. 117/26,H. 81,La Boehmer,Klavierstück,D major,,Clavier,
1756,Wq. 117/36,H. 114,La Louise,Klavierstück,D major,,Clavier,
1757,Wq. 117/38,H. 124,L'Ernestine,Klavierstück,D major,,Clavier,
1765,Wq. 113/6,H. 198,[no title],Klavierstück,D major,,Clavier,
1775,Wq. 116/25,H. 251,[no title],Klavierstück,D major,,Clavier,
1775,Wq. 116/28,H. 254,[no title],Klavierstück,D major,,Clavier,
1778,Wq. 56/3,H. 261,Rondo,Klavierstück,D major,,Clavier,
s.d.,Wq. 116/20,H. 302,[no title],Klavierstück,D major,,Clavier,
s.d.,Wq. 116/56,H. 330,[no title],Klavierstück,D major,,Clavier,
1755,Wq. 117/24,H. 93,La Buchholz,Klavierstück,D minor,,Clavier,
1755,Wq. 117/25,H. 94,La Stahl,Klavierstück,D minor,,Clavier,
1755,Wq. 119/2,H. 99,Fugue à 2,Klavierstück,D minor,,Clavier,
1765,Wq. 113/11,H. 203,[no title],Klavierstück,D minor,,Clavier,
1767,Wq. 114/1,H. 228,[no title],Klavierstück,D minor,,Clavier,
1785,Wq. 61/4,H. 290,Rondo,Klavierstück,D minor,,Clavier,
1767,Wq. 114/8,H. 235,[no title],Klavierstück,E major,,Clavier,
1779,Wq. 57/1,H. 265,Rondo,Klavierstück,E major,,Clavier,
1781,Wq. 58/3,H. 274,Rondo,Klavierstück,E major,,Clavier,
s.d.,Wq. 116/37,H. 311,[no title],Klavierstück,E major,,Clavier,
1756,Wq. 117/33,H. 113,La capricieuse,Klavierstück,E minor,,Clavier,
1767,Wq. 114/11,H. 238,[no title],Klavierstück,E minor,,Clavier,
1781,Wq. 66,H. 272,Rondo,Klavierstück,E minor,,Clavier,
1766,Wq. 117/3,H. 221,Solfeggio,Klavierstück,E-flat major,,Clavier,
1786,Wq. 61/1,H. 288,Rondo,Klavierstück,E-flat major,,Clavier,
s.d.,Wq. 116/52,H. 326,[no title],Klavierstück,E-flat major,,Clavier,
s.d.,Wq. 116/55,H. 329,[no title],Klavierstück,E-flat major,,Clavier,
1754,Wq. 117/37,H. 82,La Gause,Klavierstück,F major,,Clavier,
1755,Wq. 119/3,H. 100,Fugue à 3,Klavierstück,F major,,Clavier,
1755,Wq. 117/21,H. 91,La Prinzette,Klavierstück,F major,,Clavier,
1756,Wq. 116/18,H. 108,[no title],Klavierstück,F major,,Clavier,
1775,Wq. 116/24,H. 250,[no title],Klavierstück,F major,,Clavier,
1779,Wq. 57/5,H. 266,Rondo,Klavierstück,F major,,Clavier,
s.d.,Wq. 116/19,H. 301,[no title],Klavierstück,F major,,Clavier,
1755,Wq. 119/6,H. 102,"Fugue à 4 avec Anmerkungen, en F minor, pour orgue",Klavierstück,F minor,,Organ,
1754,Wq. 117/17,H. 79,La Borchward: polonoise,Klavierstück,G major,,Clavier,
1755,Wq. 116/17,H. 338/2,[no title],Klavierstück,G major,,Clavier,
1756,Wq. 117/31,H. 111,L'irrésolue,Klavierstück,G major,,Clavier,
1759,Wq. 112/4,H. 145,Solfeggio,Klavierstück,G major,,Clavier,
1759,Wq. 117/5,H. 145,Solfeggio,Klavierstück,G major,,Clavier,
1759,Wq. 112/18,H. 149,Solfeggio,Klavierstück,G major,,Clavier,
1759,Wq. 117/7,H. 149,Solfeggio,Klavierstück,G major,,Clavier,
1765,Wq. 113/1,H. 193,[no title],Klavierstück,G major,,Clavier,
1775,Wq. 116/26,H. 252,[no title],Klavierstück,G major,,Clavier,
1779,Wq. 59/2,H. 268,Rondo,Klavierstück,G major,,Clavier,
1780,Wq. 57/3,H. 271,Rondo,Klavierstück,G major,,Clavier,
s.d.,Wq. 116/54,H. 328,[no title],Klavierstück,G major,,Clavier,
1755,Wq. 112/19,H. 101.5,Fugue à 3,Klavierstück,G minor,,Clavier,
1755,Wq. 119/5,H. 101.5,Fugue à 3,Klavierstück,G minor,,Clavier,
1755,Wq. 117/23,H. 92,L'Hermann,Klavierstück,G minor,,Clavier,
1765,Wq. 113/9,H. 201,[no title],Klavierstück,G minor,,Clavier,
,Wq. 271,,Solfeggio,Klavierstück,,,Harpsichord,
1754.5,Wq. 119,,Pièces pour clavecin ou orgue,Klavierstücke,,,Harpsichord/Organ,
1765,Wq. 113,,Pièces pour clavecin,Klavierstücke,,,Harpsichord,
1767,Wq. 114,,Pièces pour clavecin,Klavierstücke,,,Harpsichord,
1745-1781,Wq. 118,,Pièces pour clavecin,Klavierstücke,,,Harpsichord,
1754-1770,Wq. 117,,Pièces pour clavecin,Klavierstücke,,,Harpsichord,
1755-1775,Wq. 116,,Pièces pour clavecin,Klavierstücke,,,Harpsichord,
1759-1765,Wq. 112,,Pièces pour clavecin,Klavierstücke,,,Harpsichord,
,Wq. 260,,Funf kurze and leichte Clavierstucke mit fingersetzung,Klavierstücke,,,,
,Wq. 261,,Funf kurze und leichte Clavierstucke mit fingersetzung,Klavierstücke,,,,
,Wq. 262,,Funf kurze une leichte Clavierstucke mit fingersetzung,Klavierstücke,,,,
1741,Wq. 199/2,H. 670,"Schäferlied: Eilt, ihr Schafer, aus den Gründen",Lied,,,,
1756,Wq. 199/3,H. 679,Lied eines jungen Mägdchens: Nocbin icjung von Jahren,Lied,,,,
1764,Wq. 195/11,H. 696/11,"Morgengesang: Der junge Tag, zurückgekommen",Lied,,,,
1764,Wq. 195/3,H. 696/3,"Trost-Lied: Eile, Herr! mein Herz zu stärken",Lied,,,,
1767,Wq. 200/15,H. 706,"Gartenlied: Es schallt, o Gott, empor zu dir",Lied,,,,
1770,Wq. 202c/10,H. 718,"Loblied: So lang icathme, Gott!",Lied,,,,
1770,Wq. 202c/12,H. 720,"Schnitterlied: Die du dicmit Aehren kränzest, Blonde Ceres",Lied,,,,
1770,Wq. 202c/13,H. 721,Passionslied: Wie? Schönster! der mein Herze liebt,Lied,,,,
1773,Wq. 202f/1,H. 731,Vaterlandslied: Icbin ein deutsches Madchen!,Lied,,,,
1775,Wq. 202i/1,H. 738,"Trinklied für Freye: Mit Eichenlaub den Hut bekranzt, Wohlauf! Und trinkt den Wein",Lied,,,,
1780,Wq. 197/17,H. 749/17,"Sonntagslied: Dir, Jesu, dir sey dieser Tag",Lied,,,,
1780,Wq. 197/19,H. 749/19,Neujahrslied: Schon wieder ist von meiner Zeit,Lied,,,,
1780,Wq. 197/2,H. 749/2,"Passonslied: Einst, als dicihm Gerichte",Lied,,,,
1780,Wq. 197/20,H. 749/20,"Sommerlied: Allgütiger, dicwill icfühlen",Lied,,,,
1780,Wq. 197/25,H. 749/25,Morgenlied: Nun ist es Tag Mit frommen Dank,Lied,,,,
1780,Wq. 197/26,H. 749/26,"Abendlied: So flüchtig, als des Tages Stunden",Lied,,,,
1780,Wq. 197/28,H. 749/28,"Lobgesang: Unzählbar, Herr, sind deine Werke",Lied,,,,
1780,Wq. 197/3,H. 749/3,"Loblied für das Seelen-lieden Jesu: Sieh, Goteslamm, wir fallen Anbetend",Lied,,,,
1780,Wq. 197/4,H. 749/4,Osterlied: Amen! Lob and Preis und Stärke,Lied,,,,
1780,Wq. 197/5,H. 749/5,"Pflingstlied: Sey, Welt versöhner, sey gepreist!",Lied,,,,
1780,Wq. 197/6,H. 749/6,"Passionslied: Da stehest du, Sohn Gottes",Lied,,,,
1780,Wq. 202k/1,H. 750,Fischerlied: Wer gleichet uns freudigen Fischern im Kahn?,Lied,,,,
1781,Wq. 198/13,H. 752/13,Morgenlied: Des Morgens neue Sonne,Lied,,,,
1781,Wq. 198/14,H. 752/14,Lobgesang auf die Auferstehung Jesu: Hallelujah! Jesus lebet!,Lied,,,,
1781,Wq. 198/23,H. 752/23,Lobgesang auf den Tod Jesu: Hallelujah! Hallelujah!,Lied,,,,
1781,Wq. 198/6,H. 752/6,Passionslied: In Todes ängsten hängst du da,Lied,,,,
1781,Wq. 198/7,H. 752/7,Osterlied: Er lebt! Des Todes Sieger lebt!,Lied,,,,
1781,Wq. 202l/1,H. 753,Lied: Icging unter Erlen am kühligen Bach,Lied,,,,
1782,Wq. 200/2,H. 755,"Lied der Schnitterinnen: Singend gehn wir, fröhlicsingend",Lied,,,,
1782,Wq. 200/3,H. 756,Nonnelied: Sist kein verdriesslicher Lebe,Lied,,,,
1783,Wq. 239,H. 779,Morgengesang am Schöpgungsfeste,Lied,,,,
1785,Wq. 231,H. 762,Freudenlied: Er lebt! Ihm tönen unsre,Lied,,,,
1788,Wq. 202n/10,H. 764/10,Lied: Hocwie des Adlers kühnster flug,Lied,,,,
1788,Wq. 202n/11,H. 764/11,"Lied: Für euch, ihr Schönen, Soll er ertönen",Lied,,,,
1788,Wq. 202n/6,H. 764/6,"Lied: Brüder, unsre Säulen stehen",Lied,,,,
1788,Wq. 202n/8,H. 764/8,Lied: Die ihr im sichern Heiligthum,Lied,,,,
1788,Wq. 202n/9,H. 764/9,"Trinklied bey der Tafel: Trink, trinkt von diesen frischen Wein!",Lied,,,,
1750-1753,Wq. 199/5,H. 674,Trinklied: Den fluchtigen Tagen wehrt keine Gewalt,Lied,,,,
1757-1758,Wq. 194/1,H. 686/1,"Abendlied: Für alle Gute sey gepreist, Gott Vater",Lied,,,,
1757-1758,Wq. 194/10,H. 686/10,"Osterlied: Jesus lebt, mit ihm aucich",Lied,,,,
1757-1758,Wq. 194/14,H. 686/14,"Passionslied: Erforsche mich, erfahr mein Herz",Lied,,,,
1757-1758,Wq. 194/15,H. 686/15,Morgengesang: Mein erst Gefühl sey Preis und Dank!,Lied,,,,
1757-1758,Wq. 194/22,H. 686/22,Osterlied: Freywillig hab ichs dargebracht,Lied,,,,
1757-1758,Wq. 194/23,H. 686/23,"Passionslied: Herr, stärke mich, dein Leiden zu bedenken",Lied,,,,
1757-1758,Wq. 194/32,H. 686/32,"Abendlied: Herr, der du mir das Leben",Lied,,,,
1757-1758,Wq. 194/38,H. 686/38,Lied am Geburstage: Dir dank icheute für mein Leben,Lied,,,,
1757-1758,Wq. 194/42,H. 686/42,"Osterlied: Erinnre dich, mein Geist",Lied,,,,
1772-1773,Wq. 202e/5,H. 728,"Osterlied: Wer ists, der mit Himmelslichte Verklärt",Lied,,,,
1775-1782,Wq. 200/13,H. 740,"Trinklied: Ein Leben, wie im Paradies, Gewährt uns",Lied,,,,
1776-1782,Wq. 200/1,H. 745,"Todtengräberlied: Grabe, Spaden, grabe!",Lied,,,,
,Wq. 200,,Lieders,Lied,,,,
1785,Wq. 204,H. 780,2 Litanies: Ewiger! Erbarme dich!,Litany,,,,
1749,Wq. 215,H. 772,Magnificat,Magnificat,,,,
1767,Wq. 185/2,H. 615,,March,C major,,"2 Oboes, 2 Clarinetts, Bassoon, 2 Horns",
1767,Wq. 188,H. 621,Marcia ... für die Arche,March,C major,,"3 Trumpets, Timpani",
1767,Wq. 185/1,H. 614,,March,D major,,"2 Oboes, 2 Clarinetts, Bassoon, 2 Horns",
1767,Wq. 185/6,H. 619,,March,D major,,"2 Oboes, 2 Clarinetts, Bassoon, 2 Horns",
1775,Wq. 193/18,H. 635/18,,March,D major,,,
s.d.,Wq. 116/46,H. 320,,March,D major,,Clavier,
,Wq. 187/2,H. 637/2,,March,D major,,"2 Oboes, 2 Horns, Bassoon",
1767,Wq. 185/5,H. 618,,March,E-flat major,,"2 Oboes, 2 Clarinetts, Bassoon, 2 Horns",
1767,Wq. 185/3,H. 616,,March,F major,,"2 Oboes, 2 Clarinetts, Bassoon, 2 Horns",
s.d.,Wq. 116/45,H. 319,,March,F major,,Clavier,
,Wq. 187/1,H. 637/1,,March,F major,,"2 Oboes, 2 Horns, Bassoon",
1767,Wq. 185/4,H. 617,,March,G major,,"2 Oboes, 2 Clarinetts, Bassoon, 2 Horns",
1775,Wq. 193/17,H. 635/17,,March,G major,,,
1767,Wq. 185,,,March,,,"2 Oboes, 2 Clarinetts, Bassoon, 2 Horns",
,Wq. 187,H. 637,,March,,,"2 Oboes, 2 Horns, Bassoon",
1762.5,Wq. 112/16,H. 169,,Menuet,A major,,Clavier,
1762.5,Wq. 116/13,H. 169,,Menuet,A major,,Clavier,
1731,Wq. 111,H. 1.5,,Menuet,C major,,Clavier,
1745,Wq. 118/3,H. 44,Menuet con 5 variazioni,Menuet,C major,,Clavier,
1762,Wq. 116/15,H. 159,,Menuet,C major,,Clavier,
1766,Wq. 116/5,H. 216,,Menuet,C major,,Clavier,
1775,Wq. 193/19,H. 635/19,Minuetto I,Menuet,C major,,"Flute, Harp",
1775,Wq. 193/22,H. 635/22,Minuetto,Menuet,C major,,2 Flutes,
s.d.,Wq. 116/47,H. 321,,Menuet,C major,,Clavier,
,Wq. 192,H. 601,,Menuet,C major,"1. … (C major)
2. … (C major)
3. ... (C major)
reprise du premier Menuet.","2 Recorders, 2 Bassoons, 2 Trumpetss, Timpani, 2 Violins, Basso","[Variante de Wq 116/15, H 159]"
1762.5,Wq. 112/3,H. 165,,Menuet,D major,,Clavier,
1762.5,Wq. 116/9,H. 165,,Menuet,D major,,Clavier,
1762.5,Wq. 112/9,H. 167,,Menuet,D major,,Clavier,
1762.5,Wq. 116/11,H. 167,,Menuet,D major,,Clavier,
1762.5,Wq. 189/1,H. 602,,Menuet,D major,,"2 Flutes, 2 Clarinetts, 2 Violins, Basso",
1762.5,Wq. 189/2,H. 603,,Menuet,D major,,"2 Flutes, 2 Clarinetts, 2 Violins, Basso",
1766,Wq. 116/3,H. 214,,Menuet,D major,,Clavier,
1766,Wq. 189/8,H. 606,,Menuet,D major,,"2 Flutes, 2 Clarinetts, 2 Horns, 2 Violins, Basso",
1768,Wq. 189/7,H. 626,,Menuet,D major,,"2 Flutes, 2 Horns, 2 Violins, Basso",
1775,Wq. 193/11,H. 635/11,Minuetto III,Menuet,D major,,,
s.d.,Wq. 116/33,H. 307,,Menuet,D major,,Clavier,
s.d.,Wq. 116/35,H. 309,,Menuet,D major,,Clavier,
s.d.,Wq. 116/40,H. 314,,Menuet,D major,,Clavier,
,Wq. 191,H. 638,,Menuet,D major,"1. Erste Menuet (D major)
2. Zweyte Menuet (D minor)
3. Erste Menuet (D major)
reprise du premier Menuet.","2 Flutes, 2 Oboes, 2 Horns, 3 Trumpets, Timpani, 2 Violins, Viola, Basso","[Variante de Wq 116/35, H 309]"
1763,Wq. 116/1,H. 171,,Menuet,E-flat major,,Clavier,
1765,Wq. 113/4,H. 196,,Menuet,F major,,Clavier,
1766,Wq. 116/7,H. 218,,Menuet,F major,,Clavier,
1768,Wq. 189/6,H. 625,,Menuet,F major,,"2 Flutes, 2 Horns, 2 Violins, Basso",
1775,Wq. 193/12,H. 635/12,Minuetto IV,Menuet,F major,,,
s.d.,Wq. 116/32,H. 306,,Menuet,F major,,Clavier,
1767,Wq. 114/4,H. 231,,Menuet,G major,,Clavier,
1768,Wq. 189/3,H. 622,,Menuet,G major,"1. Menuet (G major)
2. Trio (G minor)
3. Menuet (G major)
reprise du Menuet.","2 Flutes, Bassoon, 2 Horns, 2 Violins, Basso","[Variante de Wq 116/29, H 303"
1768,Wq. 189/4,H. 623,,Menuet,G major,,"2 Flutes, 2 Horns, 2 Violins, Basso",
1768,Wq. 189/5,H. 624,,Menuet,G major,,"2 Flutes, 2 Horns, 2 Violins, Basso",
1775,Wq. 193/20,H. 635/20,Minuetto II,Menuet,G major,,"Flute, Harp",
s.d.,Wq. 116/29,H. 303,Menuet-trio,Menuet,G major,,Clavier,
s.d.,Wq. 116/30,H. 304,,Menuet,G major,,Clavier,
s.d.,Wq. 116/31,H. 305,,Menuet,G major,,Clavier,
s.d.,Wq. 116/48,H. 322,,Menuet,G major,,Clavier,
,Wq. 118/7,H. 14,Menuet con 21 variazioni,Menuet,G major,,Clavier,
,Wq. 81/1,H. 600/1,Minuetto,Menuet,G major,,,
1775,Wq. 193/10,H. 635/10,Minuetto II,Menuet,G minor,,Harp,
1775,Wq. 193/9,H. 635/9,Minuetto I,Menuet,G minor,,Harp,
,Wq. 81/2,H. 600/2,Minuetto,Menuet,G minor,,,
1762.8,Wq. 189,,Menuets,Menuet,,,Various Instruments,
,Wq. 269,,Menuet de Locatelli avec 21 variations,Menuet,,,,
1767-1781,Wq. 208,H. 826,4 Motets,Motet,,,,
1778,Wq. 242,H. 804,Oratorio de Pâques,Oratario,,,,
1780,Wq. 241,H. 805,Oratorio de Pâques,Oratario,,,,
1786.7,Wq. 234,H. 800,Passion selon St-Luc,Passion,,"I. Choral „O Lamm Gottes unschuldig“ (F-Dur)
II. Chor „Mein Erlöser, Gottes Sohn“ (d-Moll)Largo
III. Arie „Dein Heil, o Christ, nicht zu“ (g-Moll)Nicht zu langsam · für Sopran
IV. Arie „Mitten unter deinen Schmerzen“ (B-Dur)Ein wenig langsam · für Bass
V. Rezitativ – Accompagnato „Trähnen bittrer Reue fliessen um von“ · für Bass
VI. Chor „Deinem Freunde bin icähnlich“ (B-Dur)
VII. Arie „Lob sey dem Mitter, Gottes Sohne“ (B-Dur)Lebhaft und prächtig · für Tenor
VIII. Arie „Erstaunend seh' icdieser Huld“ (e-Moll)Langsam · für Bass
IX. Arie „Wenn siczu jener“ (B-Dur)Angenehm · für Bass
X. Chor „Herr, dein Friede sey mit mir“ (d-Moll)Largo","Solo Voices, SATB, Strings, Flutes, Oboes, Bassoon",[partiellement perdu]
1788.9,Wq. 235,H. 802,Passion selon St-Matthieu,Passion,,"I. Choral „Jesu, meiner Seelen Licht“ (B-Dur)
II. Chor „O Jesu Christe, Gottes Sohn!“ (G-Dur)Sehr langsam
III. Rezitativ „Da kam Jesus mit ihnen zu einem“ · für Tenor
IV. Choral „Was mein Gott will, gescheallzeit!“ (D-Dur)
V. Rezitativ „Und er kam, und fand sie aber schlafend“ · für Tenor
VI. Arie „Die Bosheit giebt mit falschen Küssen“ (e-Moll)Andante · für Alt
VII. Rezitativ „Und also bald trat er zu Jesu und sprach“ · für Tenor
VIII. Rezitativ – Accompagnato „Die Frechen dürfen sicerhühnen“ · für Bass
IX. Arie „Du trägst die Fesseln deiner Feinde“ (C-Dur)Larghetto · für Bass
X. Choral „Entblösst von allem Reize“ (d-Moll)
XI. Rezitativ „Die aber Jesum gegriffen hatten“ · für Tenor
XII. Duett „Er hat gesagt: ickann den Tempel“ (d-Moll)für Alt und Tenor
XIII. Rezitativ „Und der Hohepriester stund auf“ · für Tenor
XIV. Chor „Er ist des Todes schuldig“ (f-Moll)Poco allegro
XV. Rezitativ „Dann speyeten sie aus in sein Angesicht“ · für Tenor
XVI. Chor „Weissage uns, Christe, wer ists“ (F-Dur)Allegretto
XVII. Choral „Aucicund meine Sünden“ (F-Dur)
XVIII. Rezitativ „Petrus aber sass draussen im Palast“ · für Tenor
XIX. Chor „Wahrlich, du bist auceiner von denen“ (D-Dur)Allegro ma non troppo
XX. Rezitativ „Da hub er an siczu verfluchen und zu“ · für Tenor
XXI. Arie „Im Staub gebückt wein icvor dir“ (g-Moll)Adagio · für Tenor
XXII. Rezitativ „Des Morgens aber hielten alle Hohenpriester“ · für Tenor
XXIII. Chor „Was gehet uns das an“ (A-Dur)Allegro
XXIV. Rezitativ „Und er warf die Silberlinge in den Tempel“ · für Tenor
XXV. Choral „Gieb bey allem, was mickränket“ (F-Dur)
XXVI. Rezitativ „Aber die Hohenpriester nahmen“ · für Tenor
XXVII. Chor „Es taugt nicht, dass wir sie“ (C-Dur)Andante
XXVIII. Rezitativ „Sie hielten aber einen Rath“ · für Tenor
XXIX. Rezitativ – Accompagnato „Die Feinde rüsten sich, mein Heiland“ · für Bass
XXX. Arie „Erfrecht eucnur, die Unschuld zu“ (B-Dur)Allegro · für Sopran
XXXI. Rezitativ „Auf das Fest aber hatte der Landpfleger“ · für Tenor
XXXII. Chor „Barrabam, Barrabam“ (G-Dur)Allegro
XXXIII. Rezitativ „Pilatus spraczu ihnen“ · für Tenor und Bass
XXXIV. Chor „Lass ihn creuze“ (a-Moll)
XXXV. Rezitativ „Der Landpfleger sagte“ · für Tenor und Bass
XXXVI. Choral „Wie wunderbarlicist docdiese Strafe!“ (h-Moll)
XXXVII. Rezitativ „Sie schreien aber nocmehr“ · für Tenor
XXXVIII. Chor „Lass ihn creuze“ (h-Moll)Allegro moderato
XXXIX. Rezitativ „Da aber Pilatus sahe“ · für Tenor
XL. Chor „Sein Blut kommen über uns“ (h-Moll)Allegro moderato
XLI. Rezitativ „Da gab er ihnen Barrabam los“ · für Tenor
XLII. Chor „Gegrüsset seyst du“ (C-Dur)Andantino
XLIII. Rezitativ „Und speyeten ihn an, und nahmen das“ · für Tenor
XLIV. Choral „Wie viel hast du erduldet, erhabner“ (d-Moll)
XLV. Rezitativ „Und da sie ihn verspottet hatten“ · für Tenor
XLVI. Arie „Verachtete verdammte Sünder“ (g-Moll)Sehr geschwinde · für Bass
XLVII. Rezitativ „Und in dem sie hinaus giengen“ · für Tenor
XLVIII. Chor „Der du den Tempel Gottes zerbricht“ (Fis-Dur)Allegro moderato
XLIX. Rezitativ „Desgleichen aucdie Hohenpriester spotteten“ · für Tenor
L. Chor „Andern hat er geholfen“ (G-Dur)Allegro moderato
LI. Rezitativ „Desgleichen schmäheten ihn aucdie Mörder“ · für Tenor
LII. Chor „Er rufet dem Elias“ (g-Moll)Allegro · für Chor
LIII. Rezitativ „Und bald lief einer unter ihnen“ · für Tenor
LIV. Chor „Halt! Lass sehen, ob Elias“ (g-Moll)Allegro
LV. Chor „O Jesu Christe, Gottes Sohn!“ (G-Dur)Sehr langsamRepetition of No. II.
LVI. Choral „Icdanke dir von Herzen“ (d-Moll)","2 Sopranos, 2 Tenors, 3 Basses, SATB, Strings, 2 Flutes, 2 Oboes, Bassoon",
1761,Wq. 205,H. 773,Psaume 2: Warum versammeln sicund drauen,Psaume,,,,
1761,Wq. 206,H. 774,Psaume 4: Wenn iczu dir in meinen Aengsten,Psaume,,,,
1764,Wq. 195/12,H. 696/12,"Psaume 88: Mein Heiland, mein Zuversicht!",Psaume,,,,
1764,Wq. 195/7,H. 696/7,Psaume 27: Den alle Himmel Herrscher nennen,Psaume,,,,
1764,Wq. 195/9,H. 696/9,Psaume 100: Ihr Völcker jaucht mit hohem Schall,Psaume,,,,
1774,Wq. 222,H. 831,Psaume 8: Wer ist so würdig als du,Psaume,,,,
1772-1773,Wq. 196/11,H. 733/11,"Paume 32: Heil dem, der nicht die Furcht, gestraft zu werden",Psaume,,,,
1773-1774,Wq. 196,H. 733,42 Psaumes,Psaume,,,,
1773-1774,Wq. 196/1,H. 733/1,"Psaume 1: Heil Heil dem Manne, der dem RatDer Frevler",Psaume,,,,
1773-1774,Wq. 196/10,H. 733/10,"Psaume 30: Dicpreis ich, Gott; denn du hast micerhoben",Psaume,,,,
1773-1774,Wq. 196/12,H. 733/12,"Psaume 33: Jauchzt, ihr Gerechten, dem Herrn, und lasset",Psaume,,,,
1773-1774,Wq. 196/13,H. 733/13,Psaume 38: Lass micnicht deinen Zorn empfinden,Psaume,,,,
1773-1774,Wq. 196/14,H. 733/14,"Psaume 42: Wie der Hirscin schwüler Zeit, Nacder frischen",Psaume,,,,
1773-1774,Wq. 196/15,H. 733/15,Psaume 46: Der Herr ist unsre Macht; ein Schutz in grossen,Psaume,,,,
1773-1774,Wq. 196/16,H. 733/16,"Psaume 47: Frohlocket, ihr Völker, frohlocket mit Händen",Psaume,,,,
1773-1774,Wq. 196/17,H. 733/17,"Psaume 65: Dich, Gott zu Sion, lobt mann in der",Psaume,,,,
1773-1774,Wq. 196/18,H. 733/18,"Psaume 67: Herr, unser Gott, dem wir vertrauen",Psaume,,,,
1773-1774,Wq. 196/19,H. 733/19,"Psaume 86: Herr, erhöre mein Klagen!",Psaume,,,,
1773-1774,Wq. 196/2,H. 733/2,Psaume 4: Wenn iczu dir in meinen Aengsten flehe,Psaume,,,,
1773-1774,Wq. 196/20,H. 733/20,"Psaume 88: Tag und Nacht, du Heil der Frommen",Psaume,,,,
1773-1774,Wq. 196/21,H. 733/21,"Psaume 90: Herr, unser Gott, du warst, du bist zu",Psaume,,,,
1773-1774,Wq. 196/33,H. 733/22,"Psaume 91: Wie selig ist, der Gott vertraut",Psaume,,,,
1773-1774,Wq. 196/23,H. 733/23,"Psaume 93: Jehova herrscht, ein König über alle",Psaume,,,,
1773-1774,Wq. 196/24,H. 733/24,Psaume 96: Erhebet Gott durcneue Lieder,Psaume,,,,
1773-1774,Wq. 196/25,H. 733/25,Psaume 97: Jehova regieret: Es jauchze die Erde,Psaume,,,,
1773-1774,Wq. 196/26,H. 733/26,Psaume 99: Der Herr regiert; die Völker zittern,Psaume,,,,
1773-1774,Wq. 196/27,H. 733/27,Psaume 100: Es jauchze Gott und preise Gott alle,Psaume,,,,
1773-1774,Wq. 196/28,H. 733/28,Psaume 103: Lobsinge Gott! Erwecke deine Kräfte,Psaume,,,,
1773-1774,Wq. 196/29,H. 733/29,"Psaume 104: Erheb, o meine Seele",Psaume,,,,
1773-1774,Wq. 196/3,H. 733/3,"Psaume 6: Fuhre Herr, micmicht im Grimme",Psaume,,,,
1773-1774,Wq. 196/30,H. 733/30,"Psaume 110: Jehova spraczu Gott, dem Sohne",Psaume,,,,
1773-1774,Wq. 196/31,H. 733/31,Psaume 111: Gelobt sey Gott! Ihm will icfröhlich,Psaume,,,,
1773-1774,Wq. 196/32,H. 733/32,"Psaume 116: Dess freu icmich, dass Gott zu meinen",Psaume,,,,
1773-1774,Wq. 196/33,H. 733/33,"Psaume 119: Heil denen, welche sicunsträflich",Psaume,,,,
1773-1774,Wq. 196/34,H. 733/34,"Psaume 121: Sieh, mein Auge, nacden Bergen",Psaume,,,,
1773-1774,Wq. 196/35,H. 733/35,Psaume 128: Die Gnade Gottes sey mit allen,Psaume,,,,
1773-1774,Wq. 196/36,H. 733/36,"Psaume 130: Aus der Tiefe ruf icdir, Höre",Psaume,,,,
1773-1774,Wq. 196/37,H. 733/37,"Psaume 139: Herr, du erforschest mich!",Psaume,,,,
1773-1774,Wq. 196/38,H. 733/38,"Psaume 142: Gott, es seufzet meine Stimme",Psaume,,,,
1773-1774,Wq. 196/39,H. 733/39,"Psaume 145: Icwill, mein Gott, du König, dir lobsingen",Psaume,,,,
1773-1774,Wq. 196/4,H. 733/4,"Paume 8: Wer ist do würdig als du, von uns bewundert",Psaume,,,,
1773-1774,Wq. 196/40,H. 733/40,Psaume 146: Es werde Gott von uns erhoben!,Psaume,,,,
1773-1774,Wq. 196/41,H. 733/41,Psaume 148: Preis sey dem Gotte Zebaoth!,Psaume,,,,
1773-1774,Wq. 196/42,H. 733/42,Psaume 150: Erhebt den Herrn,Psaume,,,,
1773-1774,Wq. 196/5,H. 733/5,Psaume 15: Wer darf im Zelte deines Ruhmes,Psaume,,,,
1773-1774,Wq. 196/6,H. 733/6,"Psaume 17: Erhöre, Gott, wenn icdir flehe",Psaume,,,,
1773-1774,Wq. 196/7,H. 733/7,"Psaume 19: Die Himmel rufen, jeder ehret Die",Psaume,,,,
1773-1774,Wq. 196/8,H. 733/8,Psaume 23: Gott ist mein Hirt,Psaume,,,,
1773-1774,Wq. 196/9,H. 733/9,"Psaume 25: Herr, mein einziges Verlangen, Gott",Psaume,,,,
1773,Wq. 182/4,H. 660,,Sinfonia,A major,,"2 Violins, Viola, Basso",
1754,Wq. 156,H. 582,,Sinfonia,A minor,,"2 Violins, Basso",
1773,Wq. 182/5,H. 661,,Sinfonia,B minor,,"2 Violins, Viola, Basso",
1773,Wq. 182/2,H. 658,,Sinfonia,B-flat major,,"2 Violins, Viola, Basso",
1773,Wq. 182/3,H. 659,,Sinfonia,C major,,"2 Violins, Viola, Basso",
1775.6,Wq. 183/1,H. 663,,Sinfonia,D major,,"2 Flutes, 2 Oboes, Bassoon, 2 Horns, 2 Violins, Viola, Cello, Double Bass",
1773,Wq. 182/6,H. 662,,Sinfonia,E major,,"2 Violins, Viola, Basso",
1775.6,Wq. 183/2,H. 664,,Sinfonia,E-flat major,,"2 Flutes, 2 Oboes, Bassoon, 2 Horns, 2 Violins, Viola, Cello, Double Bass",
1775.6,Wq. 183/3,H. 665,,Sinfonia,F major,,"2 Flutes, 2 Oboes, Bassoon, 2 Horns, 2 Violins, Viola, Cello, Double Bass",
1765,Wq. 112/13,H. 191,,Sinfonia,G major,,Clavier,
1773,Wq. 182/1,H. 657,,Sinfonia,G major,,"2 Violins, Viola, Basso",
1775.6,Wq. 183/4,H. 666,,Sinfonia,G major,,"2 Flutes, 2 Oboes, Bassoon, 2 Horns, 2 Violins, Viola, Cello, Double Bass",
1773,Wq. 182,,Sinfonias,Sinfonia,,,"2 Violins, Viola, Basso",
1775.6,Wq. 183,,Sinfonias,Sinfonia,,,12 Voices,
1746,Wq. 130,H. 560,,Solo,B-flat major,,"Transverse Flute, Basso",
1745,Wq. 136,H. 558,,Solo,C major,"1. Andante (C major)
2. Allegretto (C major)
3. Arioso (C major)","Viola da Gamba, Basso",
1746,Wq. 137,H. 559,,Solo,D major,"1. Adagio ma non tanto (D major)
2. Allegro di molto (D major)
3. Arioso (D major)","Viola da Gamba, Basso",
1747,Wq. 131,H. 561,,Solo,D major,,"Transverse Flute, Basso",
1762,Wq. 139,H. 563,,Solo,G major,"1. Adagio un poco (G major)
2. Allegro (G major)
3. Allegro (G major)",Harp,
1735,Wq. 135,H. 549,,Solo,G minor,"1. Adagio (G minor)
2. Allegro (G minor)
3. Vivace (G minor)","Oboe, Basso",
1740,Wq. 138,H. 557,,Solo,G minor,1. … (G minor),"Cello, Basso","[perdu], revised in 1769"
1731,Wq. 146,H. 570,,Sonata,A major,,"Flute, Violin, Basso",revised in 1747
1738,Wq. 65/10,H. 19,,Sonata,A major,,Clavier,revised in 1743
1742,Wq. 48/6,H. 29,,Sonata,A major,,Clavier,
1753,Wq. 63/3,H. 72,,Sonata,A major,,Clavier,
1758,Wq. 70/1,H. 133,,Sonata,A major,,Organ,
1758,Wq. 65/32,H. 135,,Sonata,A major,,Clavier,
1763,Wq. 65/37,H. 174,,Sonata,A major,,Clavier,
1765,Wq. 55/4,H. 186,,Sonata,A major,,Clavier,
1765.6,Wq. 65/43,H. 192,,Sonata,A major,,Clavier,
1766,Wq. 54/6,H. 207,,Sonata,A major,,Clavier,
1775,Wq. 184/5,H. 633,,Sonata,A major,,"2 Flutes, 2 Clarinetts, Bassoon, 2 Horns",
1775.6,Wq. 89/3,H. 527,,Sonata,A major,,"Violin, Cello, Harpsichord/Pianoforte",
1780,Wq. 56/6,H. 270,,Sonata,A major,,Clavier,
1732,Wq. 65/2,H. 4,,Sonata,A minor,,Clavier,revised in 1744
1735,Wq. 148,H. 572,,Sonata,A minor,,"Flute, Violin, Basso",revised in 1747
1740,Wq. 128,H. 555,,Sonata,A minor,,"Transverse Flute, Basso",
1742,Wq. 49/1,H. 30,,Sonata,A minor,,Clavier,
1747,Wq. 132,H. 562,,Sonata,A minor,"1. Poco Adagio (A minor)
2. Allegro (A minor)
3. Allegro (A minor)",Transverse Flute,
1755,Wq. 70/4,H. 85,,Sonata,A minor,,Organ,
1758,Wq. 62/21,H. 131,,Sonata,A minor,,Clavier,
1759,Wq. 50/3,H. 138,,Sonata,A minor,,Clavier,
1759,Wq. 65/33,H. 143,,Sonata,A minor,,Clavier,
1764,Wq. 53/3,H. 181,,Sonata,A minor,,Clavier,
1774,Wq. 57/2,H. 247,,Sonata,A minor,,Clavier,
1775,Wq. 90/1,H. 522,,Sonata,A minor,,"Violin, Cello, Harpsichord",
1788,Wq. 93,H. 537,,Sonata,A minor,,"Transverse Flute, Viola da Gamba, [Cello], Harpsichord",
1742,Wq. 49/2,H. 31,,Sonata,A-flat major,,Clavier,
1731,Wq. 143,H. 567,,Sonata,B minor,,"Flute, Violin, Basso",revised in 1747
1743,Wq. 65/13,H. 32.5,,Sonata,B minor,,Clavier,
1744,Wq. 49/6,H. 36,,Sonata,B minor,,Clavier,
1753,Wq. 63/4,H. 73,,Sonata,B minor,,Clavier,
1758,Wq. 62/22,H. 132,,Sonata,B minor,,Clavier,
1763,Wq. 76,H. 512,,Sonata,B minor,,"Violin, Harpsichord",
1763,,H. 565/2,,Sonata,B minor,"1. Largo (B minor)
2. Allegro (D major)
3. Adagio (D major)
4. Presto (D major)","Transverse Flute, Basso",Possiblement authentique
1764,Wq. 53/4,H. 182,,Sonata,B minor,,Clavier,
1774,Wq. 55/3,H. 245,,Sonata,B minor,,Clavier,
1731,Wq. 62/1,H. 2,,Sonata,B-flat major,,Clavier,revised in 1744
1737,Wq. 65/9,H. 18,,Sonata,B-flat major,,Clavier,revised in 1743
1738,Wq. 125,H. 552,,Sonata,B-flat major,,"Transverse Flute, Basso",
1740,Wq. 48/2,H. 25,,Sonata,B-flat major,,Clavier,
1742,Wq. 49/4,H. 32,,Sonata,B-flat major,,Clavier,
1747,Wq. 65/20,H. 51,"Sonata ""Grande sonate""",Sonata,B-flat major,,Clavier,
1748,Wq. 161/2,H. 578,,Sonata,B-flat major,,"Flute, Violin, Basso",
1754,Wq. 158,H. 584,,Sonata,B-flat major,,"2 Violins, Basso",
1755,Wq. 159,H. 587,,Sonata,B-flat major,,"2 Violins, Harpsichord",
1757,Wq. 62/16,H. 116,,Sonata,B-flat major,,Clavier,
1758,Wq. 50/5,H. 126,,Sonata,B-flat major,,Clavier,
1758,Wq. 70/2,H. 134,,Sonata,B-flat major,,Organ,
1760,Wq. 51/2,H. 151,,Sonata,B-flat major,,Clavier,
1760,Wq. 65/34,H. 152,,Sonata,B-flat major,,Clavier,
1763,Wq. 65/38,H. 175,,Sonata,B-flat major,,Clavier,
1763,Wq. 77,H. 513,,Sonata,B-flat major,,"Violin, Harpsichord",
1764,Wq. 53/2,H. 180,,Sonata,B-flat major,,Clavier,
1766,Wq. 54/4,H. 206,,Sonata,B-flat major,,Clavier,
1766,Wq. 65/45,H. 212,,Sonata,B-flat major,,Clavier,
1767,Wq. 92/4,H. 519,,Sonata,B-flat major,,"Clarinet, Bassoon, Harpsichord",
1767,Wq. 92/6,H. 521,,Sonata,B-flat major,,"Clarinet, Bassoon, Harpsichord",
1775.6,Wq. 89/1,H. 525,,Sonata,B-flat major,,"Violin, Cello, Harpsichord/Pianoforte",
1784,Wq. 59/3,H. 282,,Sonata,B-flat major,,Clavier,
1731,,H. 564.5,,Sonata,C major,"1. Andante (C major)
2. Allegro (C major)
3. Menuetto I (C major)
4. Adagio (A minor)
5. Menuetto II (C major)","Transverse Flute, Basso","[arrangement de la sonate pour flûte solo, BWV 1033, de J.S. Bach]
Possiblement authentique"
1731,Wq. 147,H. 571,,Sonata,C major,,"Flute, Violin, Basso",revised in 1747
1737,Wq. 65/8,H. 17,,Sonata,C major,,Clavier,revised in 1743
1741,Wq. 48/5,H. 28,,Sonata,C major,,Clavier,
1744,Wq. 62/7,H. 41,,Sonata,C major,,Clavier,
1745,Wq. 73,H. 504,,Sonata,C major,,"Violin, Harpsichord",
1745,Wq. 149,H. 573,,Sonata,C major,,"Flute, Violin, Basso",
1746,Wq. 65/16,H. 46,,Sonata,C major,,Clavier,
1749,Wq. 62/10,H. 59,,Sonata,C major,,Clavier,
1749,Wq. 65/25,H. 61,,Sonata,C major,,Clavier,
1753,Wq. 63/1,H. 70,,Sonata,C major,,Clavier,
1757,Wq. 62/20,H. 120,,Sonata,C major,,Clavier,
1760,Wq. 51/1,H. 150,,Sonata,C major,,Clavier,
1760,Wq. 65/35,H. 156,,Sonata,C major,,Clavier,
1760,Wq. 65/36,H. 157,,Sonata,C major,,Clavier,
1762,Wq. 53/1,H. 162,,Sonata,C major,,Clavier,
1762,Wq. 53/5,H. 163,,Sonata,C major,,Clavier,
1763,Wq. 65/41,H. 178,,Sonata,C major,,Clavier,
1766,Wq. 54/2,H. 205,,Sonata,C major,,Clavier,
1766,Wq. 87,H. 515,,Sonata,C major,,"Flute, Harpsichord",
1773,Wq. 55/1,H. 244,,Sonata,C major,,Clavier,
1775,Wq. 65/47,H. 248,,Sonata,C major,,Clavier,
1775,Wq. 90/3,H. 524,,Sonata,C major,,"Violin, Cello, Harpsichord",
1775,Wq. 184/6,H. 634,,Sonata,C major,,"2 Flutes, 2 Clarinetts, Bassoon, 2 Horns",
1775.6,Wq. 89/2,H. 526,,Sonata,C major,,"Violin, Cello, Harpsichord/Pianoforte",
1777,Wq. 91/4,H. 534,,Sonata,C major,,"Violin, Cello, Harpsichord/Pianoforte",
1741,Wq. 48/4,H. 27,,Sonata,C minor,,Clavier,
1749,Wq. 161/1,H. 579,,Sonata,C minor,,"2 Violins, Basso",
1757,Wq. 65/31,H. 121,,Sonata,C minor,,Clavier,
1758,Wq. 51/3,H. 127,,Sonata,C minor,,Clavier,
1759,Wq. 50/6,H. 140,,Sonata,C minor,,Clavier,
1763,Wq. 78,H. 514,,Sonata,C minor,,"Violin, Harpsichord",
1766,Wq. 60,H. 209,,Sonata,C minor,,Harpsichord,
1731,Wq. 71,H. 502,,Sonata,D major,,"Violin, Harpsichord",revised in 1746
1738,Wq. 126,H. 553,,Sonata,D major,,"Transverse Flute, Basso",
1740,Wq. 62/3,H. 22,,Sonata,D major,,Clavier,
1740,Wq. 129,H. 556,,Sonata,D major,,"Transverse Flute, Basso",
1744,Wq. 65/14,H. 42,,Sonata,D major,,Clavier,
1747,Wq. 83,H. 505,,Sonata,D major,,"Flute, Harpsichord",
1747,Wq. 151,H. 575,,Sonata,D major,,"Flute, Violin, Basso",
1752,Wq. 62/13,H. 67,,Sonata,D major,,Clavier,
1754,Wq. 74,H. 507,Sonate o vero sinfonia,Sonata,D major,,"Violin, Harpsichord",
1755,Wq. 70/5,H. 86,,Sonata,D major,,Organ,
1763,Wq. 65/40,H. 177,,Sonata,D major,,Clavier,
1765,Wq. 54/5,H. 185,,Sonata,D major,,Clavier,
1775,Wq. 184/1,H. 629,,Sonata,D major,,"2 Flutes, 2 Clarinetts, Bassoon, 2 Horns",
1775.6,Wq. 89/6,H. 530,,Sonata,D major,,"Violin, Cello, Harpsichord/Pianoforte",
1777,Wq. 91/3,H. 532,,Sonata,D major,,"Violin, Cello, Harpsichord/Pianoforte",
1785,Wq. 61/2,H. 286,,Sonata,D major,,Clavier,
1788,Wq. 94,H. 538,,Sonata,D major,,"Transverse Flute, Viola da Gamba, [Cello], Harpsichord",
1731,Wq. 72,H. 503,,Sonata,D minor,,"Violin, Harpsichord",revised in 1747
1731,Wq. 145,H. 569,,Sonata,D minor,"1. Allegretto (D minor)
[variante du 2e mouvement de BWV 1036]
2. Largo (F major)
[variante du 3e mouvement de BWV 1036]
3. Allegro (D minor)","Flute, Violin, Basso",revised in 1747
1732,Wq. 65/3,H. 5,,Sonata,D minor,,Clavier,revised in 1744
1744,Wq. 62/4,H. 38,,Sonata,D minor,,Clavier,
1747,Wq. 69,H. 53,,Sonata,D minor,,2 Harpsichords,
1748,Wq. 65/23,H. 57,,Sonata,D minor,,Clavier,
1749,Wq. 65/24,H. 60,,Sonata,D minor,,Clavier,
1753,Wq. 63/2,H. 71,,Sonata,D minor,,Clavier,
1756,Wq. 62/15,H. 105,,Sonata,D minor,,Clavier,
1758,Wq. 51/4,H. 128,,Sonata,D minor,,Clavier,
1759,Wq. 50/4,H. 139,,Sonata,D minor,,Clavier,
1759,Wq. 52/2,H. 142,,Sonata,D minor,,Clavier,
1763,Wq. 112/7,H. 179,,Sonata,D minor,,Clavier,
1765,Wq. 54/3,H. 184,,Sonata,D minor,,Clavier,
1766,Wq. 57/4,H. 208,,Sonata,D minor,,Clavier,
1741,Wq. 48/3,H. 26,,Sonata,E major,,Clavier,
1744,Wq. 62/5,H. 39,,Sonata,E major,,Clavier,
1749,Wq. 84,H. 506,,Sonata,E major,,"Flute, Harpsichord",
1749,Wq. 162,H. 580,,Sonata,E major,,"2 Flutes, Basso",
1755,Wq. 65/29,H. 83,,Sonata,E major,,Clavier,
1757,Wq. 62/17,H. 117,,Sonata,E major,,Clavier,
1762,Wq. 52/5,H. 161,,Sonata,E major,,Clavier,
1766,Wq. 65/46,H. 213,,Sonata,E major,,Clavier,
1731,Wq. 144,H. 568,,Sonata,E minor,,"Flute, Violin, Basso",revised in 1747
1733,Wq. 65/4,H. 6,,Sonata,E minor,,Clavier,revised in 1744
1735,Wq. 65/5,H. 13,,Sonata,E minor,,Clavier,revised in 1743
1737,Wq. 124,H. 551,,Sonata,E minor,,"Transverse Flute, Basso",
1743,Wq. 49/3,H. 33,,Sonata,E minor,,Clavier,
1747,Wq. 155,H. 577,,Sonata,E minor,,"2 Violins, Basso",
1751,Wq. 62/12,H. 66,,Sonata,E minor,,Clavier,
1756,Wq. 65/30,H. 106,,Sonata,E minor,,Clavier,
1758,Wq. 52/6,H. 129,,Sonata,E minor,,Clavier,
1763,Wq. 65/39,H. 176,,Sonata,E minor,,Clavier,
1765,Wq. 58/4,H. 188,,Sonata,E minor,,Clavier,
1775.6,Wq. 89/5,H. 529,,Sonata,E minor,,"Violin, Cello, Harpsichord/Pianoforte",
1777,Wq. 91/1,H. 531,,Sonata,E minor,,"Violin, Cello, Harpsichord/Pianoforte",
1784,Wq. 59/1,H. 281,,Sonata,E minor,,Clavier,
1736,Wq. 65/7,H. 16,,Sonata,E-flat major,,Clavier,revised in 1744
1743,Wq. 49/5,H. 34,,Sonata,E-flat major,,Clavier,
1747,Wq. 52/1,H. 50,,Sonata,E-flat major,,Clavier,
1753,Wq. 63/5,H. 74,,Sonata,E-flat major,,Clavier,
1754,Wq. 65/28,H. 78,,Sonata,E-flat major,,Clavier,
1765,Wq. 65/42,H. 189,,Sonata,E-flat major,,Clavier,
1767,Wq. 92/1,H. 516,,Sonata,E-flat major,,"Clarinet, Bassoon, Harpsichord",
1767,Wq. 92/2,H. 517,,Sonata,E-flat major,,"Clarinet, Bassoon, Harpsichord",
1767,Wq. 92/3,H. 518,,Sonata,E-flat major,,"Clarinet, Bassoon, Harpsichord",
1767,Wq. 92/5,H. 520,,Sonata,E-flat major,,"Clarinet, Bassoon, Harpsichord",
1775,Wq. 184/4,H. 632,,Sonata,E-flat major,,"2 Flutes, 2 Clarinetts, Bassoon, 2 Horns",
1775.6,Wq. 89/4,H. 528,,Sonata,E-flat major,,"Violin, Cello, Harpsichord/Pianoforte",
1786,Wq. 65/49,H. 298,,Sonata,E-flat major,,Clavier,
1731,Wq. 65/1,H. 3,,Sonata,F major,,Clavier,revised in 1744
1740,Wq. 48/1,H. 24,,Sonata,F major,,Clavier,
1746,Wq. 65/18,H. 48,,Sonata,F major,,Clavier,
1746,Wq. 65/19,H. 49,,Sonata,F major,,Clavier,
1747,Wq. 65/21,H. 52,,Sonata,F major,,Clavier,
1747,Wq. 154,H. 576,,Sonata,F major,,"2 Violins, Basso",
1748,Wq. 62/8,H. 55,,Sonata,F major,,Clavier,
1749,Wq. 62/9,H. 58,,Sonata,F major,,Clavier,
1755,Wq. 163,H. 588,,Sonata,F major,,"Viola da Gamba, Flute, Harpsichord",
1755,Wq. 70/3,H. 84,,Sonata,F major,,Organ,
1756,Wq. 160,H. 590,,Sonata,F major,,"2 Violins, Basso",
1758,Wq. 55/2,H. 130,,Sonata,F major,,Clavier,
1759,Wq. 50/1,H. 136,,Sonata,F major,,Clavier,
1759,Wq. 51/5,H. 141,,Sonata,F major,,Clavier,
1763,Wq. 75,H. 511,,Sonata,F major,,"Violin, Harpsichord",
1764,Wq. 53/6,H. 183,,Sonata,F major,,Clavier,
1766,Wq. 54/1,H. 204,,Sonata,F major,,Clavier,
1769,Wq. 62/24,H. 240,,Sonata,F major,,Clavier,
1772,Wq. 55/5,H. 243,,Sonata,F major,,Clavier,
1775,Wq. 184/2,H. 630,,Sonata,F major,,"2 Flutes, 2 Clarinetts, Bassoon, 2 Horns",
1777,Wq. 91/3,H. 533,,Sonata,F major,,"Violin, Cello, Harpsichord/Pianoforte",
1780,Wq. 56/4,H. 269,,Sonata,F major,,Clavier,
1744,Wq. 62/6,H. 40,,Sonata,F minor,,Clavier,
1753,Wq. 63/6,H. 75,,Sonata,F minor,,Clavier,
1763,Wq. 57/6,H. 173,,Sonata,F minor,,Clavier,
1744,Wq. 52/4,H. 37,,Sonata,F-sharp minor,,Clavier,
1735,Wq. 134,H. 548,,Sonata,G major,,"Transverse Flute, Basso",
1735,Wq. 123,H. 550,,Sonata,G major,,"Transverse Flute, Basso",
1736,Wq. 65/6,H. 15,,Sonata,G major,,Clavier,revised in 1743
1739,Wq. 62/2,H. 20,,Sonata,G major,,Clavier,
1739,Wq. 127,H. 554,,Sonata,G major,,"Transverse Flute, Basso",
1740,Wq. 65/12,H. 23,,Sonata,G major,,Clavier,
1745,Wq. 65/15,H. 43,,Sonata,G major,,Clavier,
1747,Wq. 150,H. 574,,Sonata,G major,,"Flute, Violin, Basso",
1748,Wq. 65/22,H. 56,,Sonata,G major,,Clavier,
1750,Wq. 62/11,H. 63,,Sonata,G major,,Clavier,
1750,Wq. 65/26,H. 64,,Sonata,G major,,Clavier,
1754,Wq. 85,H. 508,,Sonata,G major,,"Flute, Harpsichord",
1754,Wq. 152,H. 581,"Trio, en G major, pour flûte, violon et basse",Sonata,G major,,"Flute, Violin, Basso",
1754,Wq. 157,H. 583,,Sonata,G major,,"2 Violins, Basso",
1754,Wq. 62/14,H. 77,,Sonata,G major,,Clavier,
1755,Wq. 86,H. 509,,Sonata,G major,,"Flute, Harpsichord",
1755,Wq. 153,H. 586,,Sonata,G major,,"Flute, Violin, Basso",
1757,Wq. 62/19,H. 119,,Sonata,G major,,Clavier,
1759,Wq. 50/2,H. 137,,Sonata,G major,,Clavier,
1763,,H. 565/1,,Sonata,G major,"1. Affetuoso (G major)
2. Allegro (G major)
3. Tempo di Menuet (G major)","Transverse Flute, Basso",Possiblement authentique
1765,Wq. 55/6,H. 187,,Sonata,G major,,Clavier,
1774,Wq. 56/2,H. 246,,Sonata,G major,,Clavier,
1775,Wq. 90/2,H. 523,,Sonata,G major,,"Violin, Cello, Harpsichord",
1775,Wq. 184/3,H. 631,,Sonata,G major,,"2 Flutes, 2 Clarinetts, Bassoon, 2 Horns",
1781,Wq. 58/2,H. 273,,Sonata,G major,,Clavier,
1783,Wq. 65/48,H. 280,,Sonata,G major,,Clavier,
1785,Wq. 61/5,H. 287,,Sonata,G major,,Clavier,
1786,Wq. 65/50,H. 299,,Sonata,G major,,Clavier,
1786,Wq. 133,H. 564,,Sonata,G major,,"Transverse Flute, Basso",
1788,Wq. 95,H. 539,,Sonata,G major,,"Transverse Flute, Viola da Gamba, [Cello], Harpsichord",
1739,Wq. 65/11,H. 21,,Sonata,G minor,,Clavier,
1746,Wq. 65/17,H. 47,,Sonata,G minor,,Clavier,
1750,Wq. 51/6,H. 62,,Sonata,G minor,,Clavier,
1752,Wq. 65/27,H. 68,,Sonata,G minor,,Clavier,
1755,Wq. 70/6,H. 87,,Sonata,G minor,,Organ,
1757,Wq. 62/18,H. 118,,Sonata,G minor,,Clavier,
1759,Wq. 88,H. 510,,Sonata,G minor,,"Viola da Gamba, Harpsichord",
1761,Wq. 52/3,H. 158,,Sonata,G minor,,Clavier,
1766,Wq. 62/23,H. 210,,Sonata,G minor,,Clavier,
1766,Wq. 65/44,H. 211,,Sonata,G minor,,Clavier,
1740.2,Wq. 48,,6 Sonatas,Sonata,,,Harpsichord,
1742.4,Wq. 49,,6 Sonatas,Sonata,,,Harpsichord,
1758.9,Wq. 50,,6 Sonatas,Sonata,,,Harpsichord,
1762,Wq. 68,H. 164,,Sonata,,,,
1762.4,Wq. 53,,6 Sonatas,Sonata,,,Harpsichord,
1765.6,Wq. 54,,6 Sonatas,Sonata,,,Harpsichord,
1767,Wq. 92,,6 Sonatas,Sonata,,,"Clarinet, Bassoon, Harpsichord",
1775,Wq. 184,,Sonatas,Sonata,,,"2 Flutes, 2 Clarinetts, Bassoon, 2 Horns",
1775,Wq. 90,,3 Sonatas,Sonata,,,"Violin, Cello, Harpsichord",
1777,Wq. 91,,4 Sonatas,Sonata,,,"Violin, Cello, Harpsichord",
1784,Wq. 59,,"2 Sonatas, 2 Rondos & 2 Fantaisies",Sonata,,,Harpsichord,
1785,Wq. 61,,"2 Sonatas, 2 Rondos & 2 Fantaisies",Sonata,,,Harpsichord,
1731-1769,Wq. 62,,24 Sonatas,Sonata,,,Harpsichord,
1731-1786,Wq. 65,,50 Sonatas,Sonata,,,Harpsichord,
1747-1762,Wq. 52,,6 Sonatas,Sonata,,,Harpsichord,
1750-1760,Wq. 51,,6 Sonatas,Sonata,,,Harpsichord,
1753-1786,Wq. 63,,6 Sonatas & 6 Sonatinas,Sonata,,,Harpsichord,
1755-1758,Wq. 70,,7 Sonatas,Sonata,,,Organ,
1758-1774,Wq. 55,,6 Sonatas,Sonata,,,Harpsichord,
1763-1774,Wq. 57,,3 Sonatas & 3 Rondos,Sonata,,,Harpsichord,
1765-1782,Wq. 58,,"2 Sonatas, 2 Rondos & 2 Fantaisies",Sonata,,,Harpsichord,
1774-1780,Wq. 56,,3 Sonatas & 3 Rondos,Sonata,,,Harpsichord,
,Wq. 266,,Sonatas,Sonata,,,Clavier,
,Wq. 89,,Sonatas,Sonata,,,"Violin, Cello, Harpsichord/Pianoforte",
1734,Wq. 64/3,H. 9,,Sonatina,A minor,,Clavier,revised in 1744
1763,Wq. 110,H. 459,,Sonatina,B-flat major,,"2 Harpsichords, 2 Flutes, 2 Horns, 2 Violins, Viola, Basso",
1786,Wq. 63/10,H. 295,,Sonatina,B-flat major,,Clavier,
1763,Wq. 103,H. 457,,Sonatina,C major,,"2 Flutes, 2 Horns, 2 Violins, Viola, Basso",
1763,Wq. 106,H. 458,,Sonatina,C major,,"2 Transverse Fluts, 2 Violins, Viola, Basso",
1763,Wq. 101,H. 460,,Sonatina,C major,,"Harpsichord, 2 Flutes, 2 Horns, 2 Violins, Viola, Basso",
1734,Wq. 64/5,H. 11,,Sonatina,D major,,Clavier,revised in 1744
1762,Wq. 96,H. 449,,Sonatina,D major,,"Harpsichord, 2 Flutes, 2 Horns, 2 Violins, Viola, Basso",
1762,Wq. 109,H. 453,,Sonatina,D major,,"2 Flutes, 2 Horns, 2 Violins, Viola, Basso",
1763,Wq. 102,H. 456,,Sonatina,D major,,"2 Flutes, 2 Horns, 2 Violins, Viola, Basso",
1786,Wq. 63/9,H. 294,,Sonatina,D major,,Clavier,
1764,Wq. 107,H. 461,,Sonatina,D minor,,"Harpsicord, 2 Transverse Fluts, 2 Violins, Viola, Basso",
1786,Wq. 63/12,H. 297,,Sonatina,D minor,,Clavier,
1763,Wq. 100,H. 455,,Sonatina,E major,,"2 Flutes, 2 Horns, 2 Violins, Viola, Basso",
1786,Wq. 63/8,H. 293,,Sonatina,E major,,Clavier,
1734,Wq. 64/4,H. 10,,Sonatina,E minor,,Clavier,revised in 1744
1734,Wq. 64/6,H. 12,,Sonatina,E-flat major,,Clavier,revised in 1744
1764,Wq. 105,H. 464,,Sonatina,E-flat major,,"Harpsicord, 2 Transverse Fluts, 2 Violins, Viola, Basso",
1764.5,Wq. 108,H. 462,,Sonatina,E-flat major,,"Harpsicord, 2 Transverse Fluts, 2 Violins, Viola, Basso",
1734,Wq. 64/1,H. 7,,Sonatina,F major,,Clavier,revised in 1744
1762,Wq. 99,H. 452,,Sonatina,F major,,"Harpsichord, 2 Flutes, 2 Horns, 2 Violins, Viola, Basso",
1764,Wq. 104,H. 463,,Sonatina,F major,,"Harpsicord, 2 Transverse Fluts, 2 Violins, Viola, Basso",
1786,Wq. 63/11,H. 296,,Sonatina,F major,,Clavier,
1734,Wq. 64/2,H. 8,,Sonatina,G major,,Clavier,revised in 1744
1762,Wq. 97,H. 450,,Sonatina,G major,,"Harpsichord, 2 Flutes, 2 Horns, 2 Violins, Viola, Basso",
1762,Wq. 98,H. 451,,Sonatina,G major,,"Harpsichord, 2 Flutes, 2 Horns, 2 Violins, Viola, Basso",
1786,Wq. 63/7,H. 292,,Sonatina,G major,,Clavier,
1734,Wq. 64,,6 Sonatinas,Sonatina,,,Harpsichord,
1755,Wq. 174,H. 649,,Symphony,C major,,"2 Flutes, 2 Horns, 2 Violins, Viola, Basso",
1755,Wq. 176,H. 651,,Symphony,D major,,"2 Flutes, 2 Oboes, 2 Horns, 3 Trumpets, Timpani, 2 Violins, Viola, Basso",
1756,Wq. 122/3,H. 115,,Symphony,E minor,,Clavier,
1756,Wq. 177,H. 652,,Symphony,E minor,,"2 Violins, Viola, Basso",
1756,Wq. 178,H. 653,,Symphony,E minor,,"2 Flutes, 2 Oboes, 2 Horns, 2 Violins, Viola, Basso",
1757,Wq. 179,H. 654,,Symphony,E-flat major,,"2 Oboes, 2 Horns, 2 Violins, Viola, Basso",
1755,Wq. 122/2,H. 104,,Symphony,F major,,Clavier,
1755,Wq. 175,H. 650,,Symphony,F major,,"2 Flutes, 2 Bassoons, 2 Horns, 2 Violins, Viola, Basso",
1762,Wq. 181,H. 656,,Symphony,F major,,"2 Oboes, 2 Horns, 2 Violins, Viola, Basso",
1766,Wq. 122/5,H. 227,,Symphony,F major,,Clavier solo,
1741,Wq. 173,H. 648,,Symphony,G major,,"2 Violins, Viola, Basso",
1745,Wq. 122/1,H. 45,,Symphony,G major,,Clavier,
1758,Wq. 180,H. 655,,Symphony,G major,,"2 Oboes, 2 Horns, 2 Violins, Viola, Basso",
,Wq. 122/4,H. 191,,Symphony,G major,,Clavier solo,
,Wq. 122,,Sinfonies,Symphony,,,Harpsichord solo,
1769,Wq. 82/5,H. 628/5,Tempo di minuetto,,A major,,3 Voices,
1775,Wq. 193/5,H. 635/5,Allegro di molto,,A major,,Harp,
1781,Wq. 79,H. 535,Arioso con variazioni,,A major,,"Violin, Harpsichord",
1754,Wq. 119/1,H. 76,"Duo en contrepoint à 8, 11 et 12 [avec Anmerkungen]",,A minor,,Clavier,
1765,Wq. 113/2,H. 194,"Arioso, en A minor, pour clavier",,A minor,,Clavier,
1769,Wq. 82/6,H. 628/6,Tempo di minuetto,,A minor,,2 Voices,
1775,Wq. 193/7,H. 635/7,"Presto, en A minor, pour harpe",,A minor,,Harp,
,Wq. 81/4,H. 600/4,Presto,,A minor,,3 Voices,
1769,Wq. 82/12,H. 628/12,Andante,,B-flat major,,2 Voices,
1775,Wq. 193/30,H. 635/30,"Presto, en B-flat major, pour horloge mécanique",,B-flat major,,Mechanical Clock,
1775,Wq. 193/8,H. 635/8,Allegro,,B-flat major,,Harp,
,Wq. 81/8,H. 600/8,Allegro,,B-flat major,,3 Voices,
1760,Wq. 116/21,H. 153,Fürs Clavier,,C major,,Clavier,
1769,Wq. 82/9,H. 628/9,Allegro scherzando,,C major,,3 Voices,
1775,Wq. 193/1,H. 635/1,Allegro,,C major,,,
1775,Wq. 193/26,H. 635/26,Adagio e sostenuto,,C major,,2 Clarinetts,
1775,Wq. 193/27,H. 635/27,Allegro,,C major,,2 Clarinetts,
1775,Wq. 193/29,H. 635/29,Allegro,,C major,,Positive Organ,
,Wq. 81/10,H. 600/10,Allegro assai,,C major,,2 Voices,
,Wq. 224,H. 798,Lass micnicht seinen Zorn empfinden,,C minor,,"SATB, 2 Violins, Viola, Basso",
1769,Wq. 82/2,H. 628/2,Allegro,,C-sharp minor,,2 Voices,
1756,Wq. 70/7,H. 107,Prélude,,D major,,Organ,
1775,Wq. 193/2,H. 635/2,Allegro,,D major,,,
1775,Wq. 193/23,H. 635/23,Allegro,,D major,,2 Flutes,
1775,Wq. 193/24,H. 635/24,Allegretto,,D major,,2 Flutes,
1775,Wq. 193/3,H. 635/3,Allegro,,D major,,,
,Wq. 81/5,H. 600/5,Allegro,,D major,,3 Voices,
,Wq. 81/6,H. 600/6,Allegro,,D major,,3 Voices,
,Wq. 81/7,H. 600/7,Presto,,D major,,2 Voices,
,Wq. 81/9,H. 600/9,Allegretto,,D major,,2 Voices,
1775,Wq. 193/6,H. 635/6,Allegro,,E major,,Harp,
1769,Wq. 82/1,H. 628/1,Allegro,,E minor,,3 Voices,
1769,Wq. 82/10,H. 628/10,Allegro scherzando,,E-flat major,,2 Voices,
1757,Wq. 117/22,H. 122,L'Auguste: polonoise,,F major,,Clavier,
,Wq. 81/11,H. 600/11,Andantino,,F major,,3 Voices,
,Wq. 81/12,H. 600/12,Andantino,,F major,,2 Voices,
1769,Wq. 82/3,H. 628/3,Allegro,,G major,,3 Voices,
1769,Wq. 82/11,H. 628/11,Andante,,G minor,,3 Voices,
1769,Wq. 82/4,H. 628/4,Allegro,,G minor,,2 Voices,
1775,Wq. 193/28,H. 635/28,"Adagio, en G minor, pour orgue positif",,G minor,,Positive Organ,
1738,Wq. 211,H. 669,Arias,,,,"T, 2 Violins, Viola, Basso",
1738,Wq. 211/1,H. 669/1,"Edle Freiheit, Gottergluck",,,,,
1738,Wq. 211/2,H. 669/2,"Himmels Tochter, Ruf der Seelen",,,,,
1738,Wq. 211/3,H. 669/3,Reiche bis zum Wolkensitze,,,,,
1743,Wq. 199/10,H. 671,Der Zufriedne: Entfernt von Gram und Sorgen erwach,,,,,
1743,Wq. 199/12,H. 672,Die verliebte Verzweifelung: Ihr misvergnugten Stunden,,,,,
1748.9,Wq. 161,,Trios pour divers instruments,,,,Various Instruments,
1754,Wq. 199/14,H. 676,"Die märkische Helene: Ehret, Brüder,meine Schöne",,,,,
1754,Wq. 199/1,H. 677,"Die sächsische Helene: Herr Brüder, meine Schöne",,,,,
1756,Wq. 199/6,H. 680,Der Morgen: Uns lockt die Morgenröthe,,,,,
1756,Wq. 199/9,H. 681,Die Biene: Als Amot in den Guldnen Zeiten,,,,,
1756,Wq. 199/13,H. 682,"Die Küsse: Ein Küsschen, das ein Kind mit schenket",,,,,
1756,Wq. 244,H. 803,Gott hat den,,,,,
1757,Wq. 199/8,H. 683,Der Stoiker: Ein fauler Feind der Fröchlichkeit auf Erden,,,,,
1757,Wq. 199/15,H. 684,"Serin: Serin, der hochberühmte Mann",,,,,
1758,Wq. 199/20,H. 687,Herausforderungslied vor der Schlacht bey Rossbach: Heraus aus deiner Wolfesgruft,,,,,
1760,Wq. 202a,H. 688,"Sans titre: Freude, du Lust der Götter und Menschen",,,,,
1760,Wq. 220,H. 855,"Veni, Sancte Spiritus",,,,,
1762,Wq. 199/19,H. 692,Doris: Des Tages Licht hat sicverdunkelt,,,,,
1764,Wq. 195,H. 696,12 Odes et Lieders religieux,,,,,
1764,Wq. 195/1,H. 696/1,Aufmunterung zur Tugend: Ins Reicentfernter,,,,,
1764,Wq. 195/10,H. 696/10,"An Gott: Wenn icerwache, denk icdein!",,,,,
1764,Wq. 195/2,H. 696/2,Nachahmung der göttlichen Liebe: Urquell der Liebe!,,,,,
1764,Wq. 195/4,H. 696/4,Ermunterung zur Busse: Mein Heiland nimmt die Sünder an,,,,,
1764,Wq. 195/5,H. 696/5,"Von der Majestät Gottes: O grosse Majestät, anbetenswürdges",,,,,
1764,Wq. 195/6,H. 696/6,"Die Zufriedenheit in Gott: Was ists, das mein vergnügt Gemüthe",,,,,
1764,Wq. 195/8,H. 696/8,An Gott: Erheb auf micdein Angesicht Und lass mich,,,,,
1765,Wq. 232,H. 697,Phillis und Thirsis,,,,,
1766,Wq. 202d,H. 698,Bachus und Venus: Amor ist mein lied! Schön ist er bekränzt,,,,,
1766,Wq. 201,H. 699,"Der Wirtund die Gäste: Brüder, unser Brüder lebe, diese gute",,,,,
1767,Wq. 186,H. 620,2 Petits mouvements,,,,"2 Clarinetts, 2 Horns, Basso",
1767,Wq. 200/10,H. 700,"Belise and Thyrsis: Belise starb, und spracim",,,,,
1767,Wq. 200/20,H. 701,"An eine kleine Schöne: Kleine Schöne, küsse mich",,,,,
1767,Wq. 200/6,H. 702,"An die Natur: Holde, gütige Natur, Milder als",,,,,
1767,Wq. 200/8,H. 703,"An meine Ruhestätte: Sey mir gegrüsst, du Ziel von meinen Sorgen",,,,,
1767,Wq. 200/11,H. 704,"An den Schlaf: Komm, süsser Freund der Müden",,,,,
1767,Wq. 200/12,H. 705,Die Zufriedenheit: Immer auf der Blumenbahn Goldne,,,,,
1767,Wq. 200/17,H. 707,"Auf den Geburtstag eines Freundes: Holde Freude, senke dicVon dem",,,,,
1767,Wq. 200/19,H. 708,"Sans titre: Freunde, Freunde, kommt docin die nahen Wälder",,,,,
1767,Wq. 207,H. 825,"Veni, Sancte Spiritus",,,,,
1767,Wq. 208/1,H. 826/1,"Trost der Erlosung: Gedanke, der uns Leben",,,,,
1767,Wq. 208/2,H. 826/2,Der Kanpf der Tugend: Oft klagt dein Herz wie schwer es sey,,,,,
1767,Wq. 208/3,H. 826/3,"Bitten: Gott, deine Güte reicht so weit",,,,,
1767,Wq. 218,H. 827,Helig,,,,,
1767,Wq. 219,H. 828,Sanctus,,,,,
1768,Wq. 202c/1,H. 709,Der Umberständige: Verlieben sollt icmich?,,,,,
1768,Wq. 202c/2,H. 710,Phyllis: Icwill nicht mehr der Liebe fröhnen,,,,,
1768,Wq. 202c/3,H. 711,An die Liebe: Tochter der Natur,,,,,
1769,Wq. 82,H. 628,12 Petits mouvements,,,,"2-3 Voices: 2 Flutes  / 2 Violins, Harpsichord",
1769,Wq. 202c/4,H. 712,"Weihnachtlied: Er kommt, er kommt, der grosse Held",,,,,
1769,Wq. 202c/5,H. 713,Vom Leiden des Erlösers: Erhebe vom Geräuscder Welt,,,,,
1769,Wq. 202c/6,H. 714,Klagen einer Schäferinn: Wo fliest du hin aus meinem Herzen,,,,,
1769,Wq. 202c/7,H. 715,Ode auf die Gegenwart Sr. Kayserlichen Majestät in Rom: Gott und den Kaiser zu verehren,,,,,
1769,Wq. 202c/8,H. 716,Auf die Auferstehung des Erlösers: Triumph! Triumph! Und Lob und Dank!,,,,,
1769,Wq. 202c/9,H. 717,"Ode am Communion-Tage: Tag, den mir der Herr gemacht",,,,,
1769,Wq. 238,H. 775,Die Israeliten in der Wüste,,,,,
1769,Wq. 233,H. 776,Die letzten Leiden des erlosers,,,"I. Rezitativ – Accompagnato „Du Gottlicher!“ (Es-Dur) Molto Adagio – Adagio · für Sopran
II. Chor „Fürwahr, er trug unsre Krankheit“ (d-Moll) Andantino
III. Rezitativ „Sht ihn, gebeugt liegt er“ · für Bass
IV. Arie „Wie ruhig bleibt dein Angesicht“ (C-Dur) Andante grazioso · für Tenor
V. Rezitativ „Nehmt mich; icbins“ Andante · für Tenor
VI. Arioso „Du dem sicEngel neigen“ (F-Dur) Largo · für Alt
VII. Rezitativ „Mit wildem Ungestüm“ · für Tenor
VIII. Arioso „O Petrus, folge nicht“ (B-Dur)Presto · für Sopran
IX. Rezitativ „Nun stehen Zeugen auf und sprechen zum“ · für Sopran
X. Arie „Wende diczu meine Schmerzen“ (h-Moll)Adagio · für Tenor
XI. Rezitativ „Der Jünger, der den Heiligen verrieth“ · für Alt
XII. Arie „Verstockte Sünder“ (F-Dur)
Allegro e con spirito · für Tenor
XIII. Rezitativ „Gefesselt steht nun Jesus“ · für Bass
XIV. Arie „Donnre nur ein Wort der Macht“ (D-Dur)Allegro · für Bass
XV. Rezitativ „Nocwachet in Pilatus Brust ein Licht gefühl“
Allegretto moderato · für Tenor
XVI. Duett „Muster der Geduld und Liebe“ (B-Dur)
Allegro moderato · für 2 Soprane
XVII. Rezitativ „Die ihr durcdes Messias Glauben“ · für Sopran
XVIII. Chor „Lasset uns aufsehen auf Jesum Christum“ (D-Dur)Enthält eine Fuge über „Auf dass wir der Sünde abgestorben“.
XIX. Rezitativ – Accompagnato „O du, der Gott mit uns versöhnt“ (Adagio) für Alt und Tenor
XX. Arie „Der Menschen Missethat“ (G-Dur)Allegro spirituoso · für Bass
XXI. Chor „Dann strahlet Licht und Majestät“ (C-Dur)Allegro assai
XXII. Arie „Wie frowird nur der Anblick seyn“ (e-Moll)Andante · für Bass
XXIII. Rezitativ „Nun dammelt sicdie grauen volle Macht des bängsten“ · für Alt
XXIV. Choral „Heiliger Schöpfer Gott!“ (a-Moll)für Chor
XXV. Rezitativ „Er'ruft: es ist vollbracht“ · für Tenor
XXVI. Rezitativ – Accompagnato „Die Allmacht feyrt den Tod“ (F-Dur)Poco adagio · für Bass
XXVII. Chor „Preiset ihn erlöste Sünder“ (F-Dur)Allegro ma non tanto
XXVIII. Choral „Herr, stärke micdein Leiden zu bedenken“ (b-Moll)Inserted before No. 1.
XXIX. Choral „Icfühle Herr voll Reu und Schmerz“ (G-Dur)Inserted after No. 10.
XXX. Choral „Du schenkst mir täglicso viel Schuld“ (F-Dur)Inserted after No. 16.","2 Sopranos, Alto, Tenor, Bass, SATB, 2 Flutes, 2 Oboes, 2 Bassoons, 3 Horns, Timpani, 2 Violins, Viola, Basso",cantate sur la passion
1769,Wq. 248,H. 809,Den Engeln gleicerhebt zum,,,,,
1770,Wq. 202c/11,H. 719,Bey dem Grabe des verstorbenen Mechanicus Hohlfeld: Der du wie duft von WeyraucKohlen,,,,,
1770,Wq. 216,H. 829,Spiega Hammonia fortunata,,,,,
1771,Wq. 221,H. 830,"Mein Heiland, meine Zuversicht!",,,,,
1772,Wq. 202o/2,H. 730,Klagelied eines Bauren: Das ganze Dorf versammlet sich,,,,,
1772,Wq. 245,H. 810,Icwill den Namen des Herrn preisen,,,,,
1773,Wq. 202f/2,H. 732,Der Bauer: Schon locket der May Die Schwalben herbey,,,,,
1773,Wq. 252,H. 821f,Halleluia! Halleluia! Halleluia!,,,,,
1774,Wq. 200/22,H. 735,"Die Grazien, Kantate: Als an einem Frühlingsabende sicdie drey",,,,,
1774,Wq. 202g/1,H. 736,Die Schlummernde: Eingewiegt von Nachtigallentönen,,,,,
1774,Wq. 202g/2,H. 737,"Lyda: Dein süsses Bild, o Lyda!",,,,,
1774,Wq. 240,H. 777,Auferstehung und Himmelfahrt Jesu,,,,,
1775,Wq. 193,H. 635,30 Morceaux divers,,,"1. Allegro, en C major
2. Allegro, en D major
[Variante de Wq 116/25, H 251; Wq 92/6, H 521; et Wq 115/1, H 610]
3. Allegro, en D major
4. Polacca, en E-flat major
5. Allegro di molto, en A major, pour harpe
[Variante de Wq 116/36, H 310]
6. Allegro, en E major, pour harpe
[Variante de Wq 116/37, H 311]
7. Presto, en A minor, pour harpe
[Variante de Wq 116/39, H 313]
8. Allegro, en B-flat major, pour harpe
[Variante de Wq 116/38, H 312]
9. Minuetto I, en G minor, pour harpe
[Variante de Wq 116/31, H 305 et Wq 189/5, H 624]
répété après le Menuetto II]
10. Minuetto II, en G minor, pour harpe
11. Minuetto III, en D major
[Variante de Wq 116/40, H 314]
12. Minuetto IV, en F major
[Variante de H 258; Wq 116/32, H 306; et Wq 189/6, H 625]
13. Polonoise I, en F major
[Variante de Wq 116/41, H 315]
14. Polonoise II, en A major,
[Variante de Wq 116/42, H 316]
15. Polonoise III, en B-flat major
[Variante de Wq 116/43, H 317]
16. Polonoise IV, en E-flat major
[Variante Wq 116/44, H 318]
17. Marche I, en G major
[Variante de Wq 116/45, H 319; Wq 187/1, H 637/1)
18. Marche II, en D major
[Variante de Wq 116/46, H 320; Wq 187/2, H 637/2]
19. Minuetto I, en C major, pour flûte et harpe
[Variante de Wq 116/47, H 321]
20. Minuetto II, en G major, pour flûte et harpe
[Variante de Wq 116/48, H 322]
21. Polonoise, en D major, pour flûte et harpe
[Variante de Wq 116/49, H 323]
22. Minuetto, en C major, pour 2 flûtes
23. Allegro, en D major, pour 2 flûtes
24. Allegretto, en D major, pour 2 flûtes
[Variante de H 257]
25. Polonoise, en G major, pour 2 flûtes
26. Adagio e sostenuto, en C major, pour 2 clarinettes
[Variante du 1er mouvement de Wq 142, H 636]
27. Allegro, en C major, pour 2 clarinettes
[Variante de H 636/2]
28. Adagio, en G minor, pour orgue positif
Variante de Wq 115/3, H 612; Wq 116/50, H 324; et Wq 186/1, H H 620/1]
29. Allegro, en C major, pour orgue positif
[Variante de Wq 116/51, H 325]
30. Presto, en B-flat major, pour horloge mécanique
[Variante du 3e mouvement de Wq 53/1, H 162]","Flutes, Clarinetts, Harp, Positive Organ",
1775,Wq. 236,H. 739,Selma,,,,,
1775,Wq. 202i/2,H. 739.5,Selma,,,,,
1775,Wq. 212,H. 812,"Sing ihm voll Ruhrung, o Zion, wie flossen",,,,,
1775,Wq. 247,H. 812,Siehe! Siehe! Icbegehre,,,,,
1775,Wq. 249,H. 815,Auf schicke dicrecht feyerlich,,,,,
1775,Wq. 251,H. 821g,Der Herr lebet und gelobet sey mein Hort,,,,,
1776,Wq. 202h,H. 744,"An den Schlaf: Geliebter Schlaf, du Freund von meinem Herzen",,,,,
1776,Wq. 217,H. 778,Heilig,,,,,
1777,Wq. 202j,H. 746,"Selma: Eil, o May, mit deinem Brautgesange",,,,,
1777,Wq. 223,H. 832,Zeige du mir deine Wege,,,,,
1778,Wq. 120,H. 264,75 Cadenzas for concertos and sonatas,,,,,
1780,Wq. 197,H. 749,30 Chants sacrés,,,,,
1780,Wq. 197/1,H. 749/1,"Demüthigung vor Gott: Betet an vor Gott, ihr Sünder!",,,,,
1780,Wq. 197/10,H. 749/10,Des gestirnte Himmel: Mit heilgem Grauen blick ichin,,,,,
1780,Wq. 197/11,H. 749/11,"Wiehnachtslied: Vom Grab, an dem wir wallen, Soll",,,,,
1780,Wq. 197/12,H. 749/12,"Beschleunigug der Busse: Christ, sey achtsam, sey bereit!",,,,,
1780,Wq. 197/13,H. 749/13,Der Tag des Weltgerichts: Wann der Erde Gründe beben,,,,,
1780,Wq. 197/14,H. 749/14,Der Frühling: Erwacht zum neuen Leben,,,,,
1780,Wq. 197/15,H. 749/15,Erndtelied: So weit der Fluren Granzen blühen,,,,,
1780,Wq. 197/16,H. 749/16,"Frohe Erinnerung der Wohlthaten Gottes: Aucmich, o Herr, hast du gemacht",,,,,
1780,Wq. 197/18,H. 749/18,"Der Weg zum Himmel: Schmal ist der Pfad, auf welchem Christen",,,,,
1780,Wq. 197/21,H. 749/21,Die Fortdauer der Lehre Jesu: Umsonst empört die Hölle sicMit ihrem,,,,,
1780,Wq. 197/22,H. 749/22,Dieses und jenes Leben: Ein Pilger bin icin der Welt,,,,,
1780,Wq. 197/23,H. 749/23,"Lobt des Allgütigen: Allgütiger, mein Lebenlang",,,,,
1780,Wq. 197/24,H. 749/24,Herbstlied: So weit der Wesen Millionen,,,,,
1780,Wq. 197/27,H. 749/27,"Gottes Allgegenwart: Nie bist du, Höchster, von uns fern",,,,,
1780,Wq. 197/29,H. 749/29,Über die Finsterniss kurz vor dem Tode Jesu: Nacht und Schatten decken,,,,,
1780,Wq. 197/30,H. 749/30,Vertrauen auf Gott: Der Herr ist meine Zuversicht,,,,,
1780,Wq. 197/7,H. 749/7,Gottes Grösse in der Natur: Gross ist der Herr! Von seiner Macht,,,,,
1780,Wq. 197/8,H. 749/8,Die Würde des Christen: Icbin ein Christ! Mein Herz ist ruhig,,,,,
1780,Wq. 197/9,H. 749/9,"Todesfreudigkeit: Gott, dem iclebe, dess icbin",,,,,
1780,Wq. 202k/2,H. 751,"Tischlied: Gesund und frohes Mutes, Geniessen wir des Gutes",,,,,
1780,Wq. 225,H. 833,"Gott, dem iclebe, dass icbin",,,,,
1781,Wq. 198,H. 752,30 Chants sacrés,,,,,
1781,Wq. 198/1,H. 752/1,Vertrauen auf Gottes Vorsehung: Was sollt icängstlicklagen,,,,,
1781,Wq. 198/10,H. 752/10,FröhlicErwartung der Auferstehung: Einst geicohne Beben Zu meinem,,,,,
1781,Wq. 198/11,H. 752/11,"Ermunterung zur Nachfolge Jesu: Stärke, Jesu, stärke micWillig",,,,,
1781,Wq. 198/12,H. 752/12,"Andenken an den Tod: Wer weiss, wie nader Tod mir ist?",,,,,
1781,Wq. 198/15,H. 752/15,"Betrachtung des Todes: Mein Heiland, wenn mein Geist erfreut",,,,,
1781,Wq. 198/16,H. 752/16,"Erinnerung an den Tod: Nocbin icdein Gast, o Erde",,,,,
1781,Wq. 198/17,H. 752/17,"Gott, der Ernährer der Menschen: In hundert Sprachen tönt die Stimme",,,,,
1781,Wq. 198/18,H. 752/18,Empfindungen in der Sommernacht: Der Mond ist aufgegangen,,,,,
1781,Wq. 198/19,H. 752/19,Gottes Grösse in der Natur: Weit um micher ist alles Freude!,,,,,
1781,Wq. 198/2,H. 752/2,"Versicherung der Seligkeit: Icweiss, an wen mein Glaub sichält",,,,,
1781,Wq. 198/20,H. 752/20,"Nacdem Gewitter: Dir, des Donners Schöpfer, dir",,,,,
1781,Wq. 198/21,H. 752/21,"Fürbitte des gekreuzigten Jesu für seine Feinde: Um Gnade für die Sunderwelt, Flehst du",,,,,
1781,Wq. 198/22,H. 752/22,"Empfindung eines Bussfertigen: Ach, wie viel Böses wohnt in mir!",,,,,
1781,Wq. 198/24,H. 752/24,"Bitte um Beystand des heiligen Geistes: Komm, o Geist von Gott gegeben",,,,,
1781,Wq. 198/25,H. 752/25,Vorzüge des Menschen: Ihn preist die Sonn am hohen Himmet,,,,,
1781,Wq. 198/26,H. 752/26,"Das ReicJesu: Dir, o du Herrscher, Jesu Christ",,,,,
1781,Wq. 198/27,H. 752/27,Danklied: Preis sey dem Vater!,,,,,
1781,Wq. 198/28,H. 752/28,"Ermunterung zur Gelassenheit: Herr, es geschedein Wille!",,,,,
1781,Wq. 198/29,H. 752/29,Jesus in Gethsemane: Schau hin! Dort in Gethsemane,,,,,
1781,Wq. 198/3,H. 752/3,"Menschenliebe Jesu: Dicbet ican, Herr Jesu Christ",,,,,
1781,Wq. 198/30,H. 752/30,"Die Sonne: Gottes Güte, Gottes Macht",,,,,
1781,Wq. 198/4,H. 752/4,Die Bestimmung des Christen: Mein Glück im kurzem Raum der Zeit,,,,,
1781,Wq. 198/5,H. 752/5,"Weihnachtslied: Gelobet seyst du, Jesu Christ",,,,,
1781,Wq. 198/8,H. 752/8,"Trost des Auferstehung: Herr, du bist meine Zuversicht",,,,,
1781,Wq. 198/9,H. 752/9,Das wohlthätige Leben Jesu: Zu dir erhebt sicmein Gemüthe,,,,,
1781,Wq. 202l/2,H. 754,"Das Milchmädchen: Mädchen, nehmt die Eimer schnell",,,,,
1781,Wq. 208/4,H. 826/4,"Menschenliebe Jesu: Dicbet ican, Herr Jesu Christ",,,,,
1781.2,Wq. 230,H. 795,Wenn der Erde Grunde beben Und in Todten,,,,,
1782,Wq. 200/4,H. 757,Das mitleidige Mädchen: Der fromme Damon dauert micVon ganzen,,,,,
1782,Wq. 200/7,H. 758,"Bevelise und Lysidor: Der Mann, der nacden Flitterwochen",,,,,
1782,Wq. 200/16,H. 759,"Mittel, freudliczu werden: Mein Vater küsst die Mutter",,,,,
1783,Wq. 226,H. 834,"Amen, Amen. Lob und Preis",,,,,
1783,Wq. 227,H. 835,Leite micnacdeinem Willen,,,,,
1783,Wq. 228,H. 836,Meine Lebenszeit verstreicht,,,,,
1784,Wq. 243,H. 807,Musique pour le temps de Pâques,,,,,
1785,Wq. 200/18,H. 760,Sans titre / Elise: Ichodd aucGott mit festem Muth,,,,,
1785,Wq. 214,H. 761,F¨rrsten sind am Lebensziele: Fürsten sind am Lebensziele,,,,,
1785,Wq. 204/1,H. 780/1,Ewiger! Erbarme dich!,,,,,
1785,Wq. 204/2,H. 780/2,Ewiger! Erbarme dich!,,,,,
1785,Wq. 246,H. 814,Der Frevler mag die Wahrheit schmah¨'n,,,,,
1785,Wq. 250,H. 821l,"Gnädig und barmherzig ist der Herr, Geduldig",,,,,
1785,Wq. 253,H. 821m,"Herr Gott, du bist unser Zuflucht für and für",,,,,
1787,Wq. 203,H. 781,14 Mélodies,,,,,
1787,Wq. 203/1,H. 781/1,Wie gross ist des Allmächt'gen Güte!,,,,,
1787,Wq. 203/10,H. 781/10,Du klagst und fühlest die Beschwerden,,,,,
1787,Wq. 203/11,H. 781/11,Was sorgst du ängstlicfür dein Leben?,,,,,
1787,Wq. 203/12,H. 781/12,"Auferstehn, ja, auferstehn wirst du",,,,,
1787,Wq. 203/13,H. 781/13,Bald oder spät des Todes Raub,,,,,
1787,Wq. 203/14,H. 781/14,"Erhabner Gott, was reicht an deine",,,,,
1787,Wq. 203/2,H. 781/2,Die Himmel rühmen des Ewigen Ehre,,,,,
1787,Wq. 203/3,H. 781/3,"Gedanke, der uns Leben giebt",,,,,
1787,Wq. 203/4,H. 781/4,"Jauchzt, ihr Erlös'ten dem Herrn!",,,,,
1787,Wq. 203/5,H. 781/5,"Wer ist wohl wie du, Stifter",,,,,
1787,Wq. 203/6,H. 781/6,Gott ist mein Lied! Er ist der Gott,,,,,
1787,Wq. 203/7,H. 781/7,"Was ist mein Stand, mein Glück",,,,,
1787,Wq. 203/8,H. 781/8,Besitz icnur ein ruhiges,,,,,
1787,Wq. 203/9,H. 781/9,"Wohl dem, der bessre Schätze liebt",,,,,
1788,Wq. 202n,H. 764,12 Chants masoniques,,,,,
1788,Wq. 202n/1,H. 764/1,"Bey Eröffnung der Loge: Walle, sanft, durcWolken, die dicdecken",,,,,
1788,Wq. 202n/12,H. 764/12,Das stille Glück der Maurerey: Last andre stolz nacEhre dürsten,,,,,
1788,Wq. 202n/2,H. 764/2,Gruss der Versammlungszeit: Die Sonne mag immer entfliehen,,,,,
1788,Wq. 202n/3,H. 764/3,"Auf das Fest des heiligen Johannis: Bruder, seyd heute recht vergnügt",,,,,
1788,Wq. 202n/4,H. 764/4,"Wechselgesang: Hier zur Arbeit angestellt, Widmet",,,,,
1788,Wq. 202n/5,H. 764/5,"Auf das Fest des heiligen Johannis: Ickomme vom Johannis her, Er war ein lieber Mann",,,,,
1788,Wq. 202n/7,H. 764/7,"Auf das Vermählungsfest unsers Meisters vom Stuhle: Singt begeistert heute, Brüder",,,,,
1788,Wq. 229,H. 837,Meinen Leib wird man begraben,,,,,
1750-1753,Wq. 199/4,H. 673,"Die Küsse: Dass ich, bey meiner Lust, durckeinen Zwang",,,,,
1750-1753,Wq. 199/11,H. 675,Amint: Sie fliehet fort! Es ist um micgeschehen,,,,,
1754-1755,Wq. 199/7,H. 678,Dorinde: Amot sagte zur Cythere,,,,,
1757-1758,Wq. 194,H. 686,55 Odes et Lieders religieux,,,,,
1757-1758,Wq. 194/11,H. 686/11,Der thätige Glaube: Wer Gottes Wort nicht hält und spricht,,,,,
1757-1758,Wq. 194/12,H. 686/12,Der Schutz der Kirche: Wenn Christus seine Kirche schützt,,,,,
1757-1758,Wq. 194/13,H. 686/13,"Um Ergebung in dem göttlichen Willen: O Herr, mein Gott, durcden icbin und lebe",,,,,
1757-1758,Wq. 194/16,H. 686/16,Gottes Macht und Vorsehung: Gott ist mein Lied!,,,,,
1757-1758,Wq. 194/17,H. 686/17,Tros des ewigen Lebens: Naceiner Prüfung kurzer Tage Erwartet,,,,,
1757-1758,Wq. 194/18,H. 686/18,Die Ehre Gottes aus der Natur: Die Himmel rühmen des Ewigen Ehre,,,,,
1757-1758,Wq. 194/19,H. 686/19,Die Liebe des Nächsten: So jemand spricht: Icliebe Gott!,,,,,
1757-1758,Wq. 194/2,H. 686/2,"Zufridenheit mit seinem Zustande: Du klagst, uns fühlest die Beschwerden",,,,,
1757-1758,Wq. 194/20,H. 686/20,"Auf die Himmelfahrt des Erlösers: Jauchzt, ihr Erlösten, dem Herrn!",,,,,
1757-1758,Wq. 194/21,H. 686/21,"Das Gebet: Dein Heil, o Christ, nicht zu verscherzen",,,,,
1757-1758,Wq. 194/24,H. 686/24,"Trost eines schwermüthigen Christen: Du klagst, o Christ",,,,,
1757-1758,Wq. 194/25,H. 686/25,"Sans titre: Zag nicht, o Christ, denn deine Schmerzen",,,,,
1757-1758,Wq. 194/26,H. 686/26,"Betrachtung des Todes: Wie sicher lebt der Mensch, der Staub!",,,,,
1757-1758,Wq. 194/27,H. 686/27,"Preis des Schöpfers: Wenn ich, o Schöpfer, deine Macht",,,,,
1757-1758,Wq. 194/28,H. 686/28,Von der Quelle der guten Werke: Wenn zur Vollführung deiner Pflicht Dich,,,,,
1757-1758,Wq. 194/29,H. 686/29,Ermunterung die Schrift zu lesen: Soll dein verderbtes Herz zur Heiligung,,,,,
1757-1758,Wq. 194/3,H. 686/3,Das Glück eines guten Gewissens: Besitz icnur Ein ruhiges Gewissen,,,,,
1757-1758,Wq. 194/30,H. 686/30,"Trost der Erlösung: Gedanke, der uns Leben giebt",,,,,
1757-1758,Wq. 194/31,H. 686/31,Warnung vor der Wollust: Der Wollust Reiz zu widerstreben,,,,,
1757-1758,Wq. 194/33,H. 686/33,Das natürliche Verderben des Menschen: Wer bin icvon Natur,,,,,
1757-1758,Wq. 194/34,H. 686/34,Die Güte Gottes: Wie gross ist des Allmächtgen Güte!,,,,,
1757-1758,Wq. 194/35,H. 686/35,Der Weg des Frommen: Wer Gottes Wege geht,,,,,
1757-1758,Wq. 194/36,H. 686/36,In Kraukheit: Ichab in guten Stunden,,,,,
1757-1758,Wq. 194/37,H. 686/37,"Vom Tode: Meine Lebenszeit verstricht, Stündlich",,,,,
1757-1758,Wq. 194/39,H. 686/39,Versicherung der Gnade Gottes: So hoff icdenn mit festem MutAuf Gottes,,,,,
1757-1758,Wq. 194/4,H. 686/4,Vom Worte Gottes: Gott ist mein Hort!,,,,,
1757-1758,Wq. 194/40,H. 686/40,"Gelassenheit: Was ists, dass icmicquäle?",,,,,
1757-1758,Wq. 194/41,H. 686/41,Allgemeines Gebet: Ickomme vor dein Angesicht,,,,,
1757-1758,Wq. 194/43,H. 686/43,"Weihnachtslied: Dies ist der Tag, den Gott gemacht",,,,,
1757-1758,Wq. 194/44,H. 686/44,"Am Communiontage: Ickomme Herr, und suche dich, Mühselig",,,,,
1757-1758,Wq. 194/45,H. 686/45,"Am neuen Jahre: Er ruft der Sonn, und schafft den Mond",,,,,
1757-1758,Wq. 194/46,H. 686/46,"Busslied: An dir allein, an dir hab icgesündigt",,,,,
1757-1758,Wq. 194/47,H. 686/47,Die liebe der Feinde: Nie will icdem zu schaden suchen,,,,,
1757-1758,Wq. 194/48,H. 686/48,"Demuth: Herr, lehre mich, wenn icder Tugend diene",,,,,
1757-1758,Wq. 194/49,H. 686/49,"Wider den Uebermuth: Was ist mein Stand, mein Glück",,,,,
1757-1758,Wq. 194/5,H. 686/5,"Weihnachtslied: Auf, schicke dich",,,,,
1757-1758,Wq. 194/50,H. 686/50,"Wider den Aufschub der Bekehrung: Willst du die Busse noch, die Gott gebeut, verschieben",,,,,
1757-1758,Wq. 194/51,H. 686/51,"Vertraun auf Gottes Vorsehung: Auf Gott, und nicht auf meinem Rath",,,,,
1757-1758,Wq. 194/52,H. 686/52,"Beständige Erinnerung des Todes: Was sorgst du ängstlich, für dein Leben?",,,,,
1757-1758,Wq. 194/53,H. 686/53,"Der Kampf der Tugend: Oft klagt dein Herz, wie schwer es sey",,,,,
1757-1758,Wq. 194/54,H. 686/54,"Wider den Geiz: Wohl dem, den bessre Schätze liebt",,,,,
1757-1758,Wq. 194/55,H. 686/55,"Die Wachsamkeit: Nicht, dass icschon ergriffen hätte",,,,,
1757-1758,Wq. 194/6,H. 686/6,"Geduld: Ein Herz, o Gott, in Leid und Kreuz geduldig",,,,,
1757-1758,Wq. 194/7,H. 686/7,Prüfung am Abend: Der Tag ist wieder hin,,,,,
1757-1758,Wq. 194/8,H. 686/8,"Danklied: Du bists, dem Ruhm und Ehre gebühret",,,,,
1757-1758,Wq. 194/9,H. 686/9,"Bitten: Gott, deine Güte reicht so weit",,,,,
1761-1762,Wq. 199/17,H. 690,Der Traum: Er war ein Magdchen ohne Mangel,,,,,
1761-1762,Wq. 199/18,H. 691,"Die Tugend: Freund, die Tugend ist kein leerer Name",,,,,
1762-1765,Wq. 202b/1,H. 693,"Das Privilegium: Ihr Brüder, zankt nicht mit den Thoren",,,,,
1762-1765,Wq. 202b/2,H. 694,"Die Landschaft: Geliebtes Feld, dein aufgeklärter Himmel",,,,,
1762-1765,Wq. 202b/3,H. 695,Belinde: Das Damon nie Belinden rühret,,,,,
1770-1772,Wq. 237,H. 723,Der Frühling,,,,,
1772-1772,Wq. 202e/6,H. 729,Des Herrn Wort ist wahrhaftig: Der du selbst die Wahrheit bist,,,,,
1772-1773,Wq. 202e/1,H. 724,"Communionlied: Zitternd, docvoll sanfter Freuden",,,,,
1772-1773,Wq. 202e/2,H. 725,Freudige Erwartung des Todes: Der letzte meiner Tage ist mir vielleicht,,,,,
1772-1773,Wq. 202e/3,H. 726,Ermunterung zur Beständigkeit: Dickrönte Gott mit freuden,,,,,
1772-1773,Wq. 202e/4,H. 727,Glückseligkeit des Christen: Mein Glaub' ist meines Lebens Ruh,,,,,
1773-1782,Wq. 200/9,H. 734,"Der Frühling, an Röschen: O seht! die liebe Sonne lacht",,,,,
1775-1776,Wq. 200/21,H. 741,An Doris: Des Tages Licht hat sicverdunkelt,,,,,
1775-1776,Wq. 202o/1,H. 742,Sans titre: Auf den Flügeln des Morgenroths,,,,,
1775-1776,Wq. 202o/4,H. 743,Da Schlägt des Abschieds Stunde (Die Trennung): Da schlägt des Abschieds Stunde,,,,,
1777-1782,Wq. 200/14,H. 747,Aus einer Ode zum neuen Jahr: Der Weise blickt zur Ewigkeit hin über,,,,,
1778-1782,Wq. 200/5,H. 748,"An die Grazien und Musen: Ihr Musen, seht den Amor, seht, Ihr Grazien",,,,,
,Wq. 81,H. 600,12 Petits mouvements,,,,"2-3 Voices: 2 Flutes  / 2 Violins, Harpsichord",
,Wq. 199/16,H. 685.5,Auf den Namenstag der Mademoiselle S / Ernestine: Das Fest der holden Ernestinen,,,,,
,Wq. 112/6,H. 693,Das Privilegium (Etwas lebhaft),,,,,
,Wq. 112/12,H. 694,Die Landschaft (Etwas lebhaft),,,,,
,Wq. 112/14,H. 695,Belinde (Etwas lebhaft),,,,,
,Wq. 264,H. 699,Der Wirtund die Gaste,,,,,
,Wq. 202o/3,H. 765,"Aus den 107 Psalm: Kommt, lasst uns seine Huld besingen",,,,,
,Wq. 202o/5,H. 766,Sans titre: Die schönste soll bey Sonnenschein',,,,,
,Wq. 213,H. 767,Eine italiänische Ariette: D'amor per te languisco,,,,,
,Wq. 263,H. 776,Die letxten Leiden des Erlosers,,,,,
,Wq. 209,H. 839,Et cum spiritu,,,,,
,Wq. 210,H. 840,Amen,,,,,
,Wq. 121,H. 867,Miscellanea musica (exercices techniques),,,,,
,Wq. 254,H. 868,"Versucuber die wahre Art das Clavier zu spielen, mit exempeln und 18 Probe-Stucken in 6 Sonaten erlautert",,,,,
,Wq. 257,H. 869,"Einfall einen doppelten Contrapunct in der Octave von 6 Tacten zu machen, ohne die Regeln davon zu wissen",,,,,
,Wq. 255,H. 870,Versucuber die wahre Art das Clavier zu spielen (zweiter theil) in welchem die Lehre von den Accompagnement und der fryen Fantaisie abgehandelt wird,,,,,
,Wq. 256,H. 873,"Von der Fingersetzung, der Manieren und der freyen Fantaisie",,,,,
,Wq. 258,H. 874,"Kurze Anweisung zum general-bass, mit exempeln uber jeden accord",,,,,
,Wq. 199,,Odes,,,,,
,Wq. 202,,Odes et Lieders religieux et profanes,,,,,
,Wq. 202m,,"Sans titre: Nein, nein die ernste",,,,,
,Wq. 202o,,Morceaux inédits,,,,,
,Wq. 259,,"Anfangsstucke mit einer Anleitung den Gebraucdieser Stucke, dir Bachsche Fingersetzung, die Manieren und den Vortrag betreffend",,,,,
,Wq. 265,,Prélude et sonates,,,,Organ,
,Wq. 267,,Kleine leichte Klavierstucke mit der Findersetzung fur Anfanger. Neueste in den Violin-Schlussel ubersetzte Auflage.,,,,,
,Wq. 268,,Grande sonate pour le clavecin,,,,,
,Wq. 272,,La Bataille de Bergen: sonate pour clavecin ou harpe,,,,Harpsichord,