SORT,Catalogue,Date,Title,Opus,Type,Key,Workparts,Instrumentation,Note
1,D. 1,1810/04/08–1810/05/01,,,Fantasie,,"1. Adagio - Allegro
2. Presto - Allegretto
3. Finale. Allegro maestoso",Piano Four Hands,
1.1,D. 1a,?-1810?,Gesang,,,c,,Baßstimme und Klavier,
1.2,D. 1b,1810/1811,,,Fantasie,,1. Adagio - Allegro,Piano Four Hands,[fragment]
1.3,D. 1c,1810/1811?,,,Sonata,F,,Piano Four Hands,1st movement fragment
2,D. 2,,Satz in G,,,G,,Streichquartett,"[fragment], Komposition Albert Satdlers"
2.1,D. 2a,1811?,,,Ouvertüre,D,,"2 Fl, 2 Ob, 2 Cl, 2 Fg - 2 Cor, 2 Trb, 4 Trn - Timp - Archi",[fragment]
2.2,D. 2b,1811?,,,Sinfonie,D,,"2 Fl, 2 Ob, 2 Cl, 2 Fg - 2 Cor, 2 Trb, 4 Trn - Timp - Archi",1st movement fragment
2.3,D. 2c,1811?,Bruchstück aus einem Satz,,,d/F,,Streichquartett,
2.4,D. 2d,1811,6 Menuette,,,,,"2 Fl, 2 Cl, 2 Fg, 2 Cor,Trb, Nr. 1-3 Partitur, Nr. 4-6 Particell-Entwürfe",
2.5,D. 2e,1811,,,Fantasie,c,,clav,
2.6,D. 2f,1811,Trio eines Menuetts,,,,,,Particell-Entwurf
3,D. 3,1812 Summer,Satz in C,,,C,,Streichquartett,[fragment]
4,D. 4,1812?,"Ouvertüre zu dem Lustspiel mit Gesang ""Der Teufel als Hydraulicus""",,,,,"2 fl, 2 cl, fg,  2 cor, archi",
5,D. 5,1811/03/30,Hagars Klage,,Lied,,,,text: Clemens August Schücking
6,D. 6,1811/1812,Des Mädchens Klage,,Lied,,,,"Text: Friedrich von Schiller (Wallenstein, Die Piccolomini III/7)
1st setting"
7,D. 7,1811?,Leichenfantasie,,Lied,,,,Text: Friedrich von Schiller
8,D. 8,1811/06/29,,,Ouvertüre,c,,"Streichquintett: 2v, 2va, vc",
8.1,D. 8a,1811/07/12-?,,,Ouvertüre,c,,Streichquartett,Quartett-Fassung von 8
9,D. 9,1811/09/20,,,Fantasie,g,,Piano Four Hands,
10,D. 10,1811/12/26,Der Vatermörder,,Lied,,,,Text: Gottlieb Conrad Pfeffel
11,D. 11,1811/12?-,Der Spiegelritter,,Singspiel,,,,"Text: August von Kotzebue
Fragment (only Act I preserved)"
12,D. 12,1811/1812,,,Ouvertüre,D,,"2 Fl, 2 Ob, 2 Cl, 2 Fg - 2 Cor, 2 Trb, 3 Trn - Timp - Archi",
13,D. 13,c. 1812,,,Fuge,d,,,vermutlich für Klavier
14,D. 14,c. 1812,,,Ouvertüre,,,,"Klavierentwurf, Verschollen"
15,D. 15,c. 1812,Der Geistertanz,,Lied,,,,"Text: Freidrich von Matthisson
1st setting, fragment"
15.1,D. 15a,c. 1812,Der Geistertanz,,Lied,,,,"Text: Freidrich von Matthisson
2nd setting, fragment"
16,D. 16,1823?,Kontrapunktübungen,,,,,,
17,D. 17,1812?,"Quell' innocente figlio, Kontrapunktübungen für verschiedene Stimmen",,,,,,"Text: Pietro Metastasio
Source: Isacco, Parte prima, Aria dell' Angelo"
18,D. 18,1810/1811,,,,g/B,,Streichquartett,
19,D. 19,1810/1811,,,,,,Streichquartett,
19.1,D. 19a,1810/1811,,,,,,Streichquartett,
19.2,D. 19b,1812/1813?,Mehrere Walzer und ein Marsch für Klävier,,,,,,verschollen
20,D. 20,1812,,,Ouvertüre,Bb,,Streichquartett,verschollen
21,D. 21,1812,6 Variations,,,Es,,,verschollen
22,D. 22,1812,12 Menuette with Trios,,,,,clav,verschollen
23,D. 23,1812,Klaglied,op. post. 131/3,Lied,,,,Text: Friedrich Rochlitz
24,D. 24,1812?,7 Variations,,,F,,,"verschollen, see D. 3"
24.1,D. 24a,1812 Summer,,,Fuge,C,,vermutlich fur clav oder orgel,verschollen
24.2,D. 24b,1812 Summer,,,Fuge,G,,vermutlich fur clav oder orgel,verschollen
24.3,D. 24c,1812 Summer,,,Fuge,d,,vermutlich fur clav oder orgel,verschollen
24.4,D. 24d,1812 Summer,,,Fuge,C,,clav,[fragment]
24.5,D. 24e,1812 Summer,Messe,,,F?,,"Schluß des Gloria (F) und Beginn des Credo (F). Coro (SATB)- 2 Ob, 2 Fg - 2 Trb,
3 Trn - Timp - Archi - Organo",[fragment]
25,D. 25,1812/06/18-,Kontrapunktübungen,,,,,,
25.1,D. 25a,1812 Summer,Kontrapunktübungen,,,,,,
25.2,D. 25b,1812 Summer,Kontrapunktübungen,,,,,,
25.3,D. 25c,1812 Summer,,,Fuge,F,,2 Stimmen,[fragment]
26,D. 26,?-1812/6/26,,,Ouvertüre,D,,"2 Fl, 2 Ob, 2 Cl, 2 Fg - 2 Cor, 2 Trb, 3 Trn - Timp - Archi",
27,D. 27,1812/06/28,Salve Regina in F,,,F,,"Sopr, 2 ob/Cl, 2 cor, archi, organo",
28,D. 28,1810/7/27-1812/8/28,trio in B,,,Bb,,"clav, vln,vlc",
29,D. 29,1812/9/9,Andante,,,C,,clav,
30,D. 30,1812/9/24,Der Jüngling am Bache,,Lied,,,,"Text: Friedrich von Schiller
1st setting"
31,D. 31,1812/9/25,Kyrie für eine Messe,,,d,,,"sopr, ten, SATB   coro, fl, 2 ob, 2 fg, 2 trb, timp, archi, organo"
32,D. 32,1812/9-1812/10,,,,C,,Streichquartett,
33,D. 33,1812/9-1812/10,Entra l'uomo allor che nasce,,,,,,"Kontrapunktübungen für verschiedene Stimmen
Text: Pietro Metastasio
Source: Isacco, Parte seconda, Aria di Abramo"
34,D. 34,1812/11/5,Te solo adoro,,Quartett,,,,"Kontrapunktübungen  
Text: Pietro Metastasio
Source: Betulia lierata, Parte seconda, Aria di Achior"
35,D. 35,1812/10-1810/12,"Serbate, o dei custodi",,,,,,"Kontrapunktübungen für verschiedene Stimmen
Text: Pietro Metastasio
Source: La clemenza di Tito, I/5"
36,D. 36,1812/11/19-1813/2/21,,,,B,,Streichquartett,
37,D. 37,1812/12/25-1812/12/27,Die Advokaten,op. 74,Terzett,,,"2 ten, basso, clav","after Anton Fischer
text: Baron Engelhart"
37.1,D. 37a,1813?,Fugenentwürfe,,,,,clav,
38,D. 38,1813?,Totengräberlied,,Terzett,,,"2 ten, basso","text: ludwig christoph heinrich hölty
1st setting"
39,D. 39,early 1810,Lebenstraum,,liedentwurf,,,,txt: gabriele von baumberg
39.1,D. 39a,1813,3 Menuette & Trios,,,,,orch,verschollen
40,D. 40,,,,,Es,,Streichquartett,verschollen
41,D. 41,1813,30 Menuette with Trios,,,,,clav,9/10/19/24-30 verschollen
41.1,D. 41a,1813,,,Fuge,Es,,clav,[fragment]
42,D. 42,1813?,Misero pargoletto,,Aria,,,"sopr, klavier","Text: Pietro Metastasio
Source: Demofoonte, V/5, Aria di Timante
2nd setting"
94,D. 94,1811/1812?,,,,D,,Streichquartett,
128,D. 128,1812?,12 Wiener Deutsche,,,,,clav,
642,D. 642,1812?,Viel tausend Sterne prangen,,Quartett,,,,