Catalogue,Opus,Date,Title,Type,Key,Movements,Instrumentation,Note
HWV 1,,1704,"Der in Kronen erglangte Gluckwechsel/Almira, Konigin von Kastillien",Opera,,,"S, T, B, SATB Choir, 2 Flutes, 2 Oboes, Bassoon, 2 Trumpets, Principal Trumpet, Timpani, 3 Violins, Solo Viola, Viola, Cello, Basso Continuo","Libretto by Giulio Pancieri, traduit par Friedrich Christian Feustking"
HWV 2,,1705,Die durch Blut und Mord erlangte Liebe/Nero,Opera,,,"Solistes, Choir, Orchestra","[Musique perdue]
Libretto by Friedrich Christian Feustking"
HWV 3,,1706,Der begluckte Florindo,Opera,,,"Solistes, Choir, Orchestra","[Musique perdue sauf quelques fragments]
Libretto by Hinrich Hinsch"
HWV 4,,1706,Die verwandelte Daphne,Opera,,,"Solistes, Choir, Orchestra","[Musique perdue]
Libretto by Hinrich Hinsch"
HWV 5,,1707,Vincer se stesso e la maggior vittoria: Rodrigo,Opera,,,"S: Rodrigo, Esilena, Florinda, Evanco, A: Fernando, T: Giuliano), 2 Flutes, 2 Oboes, Solo Violin, 3 Violins, Viola, Basso Continuo",Libretto by inconnu after un libretto de Francesco Silvani
HWV 6,,1708/9,Agrippina,Opera,,,"S: Agrippina, Nerone, Poppea, A: Ottone, Narciso, Giunone, B: Claudio, Pallante, Lesbo), 2 Flutes, 2 Oboes, 2 Trumpets, Timpani, 3 Violins, Viola, 2 Cellos, Basso Continuo",Libretto by Vincenzo Grimani
HWV 7a,,1710,Rinaldo,Opera,,,"S: Almirena, Rinaldo, Armida, Donna, Sirene, MS: Goffrefo, A: Eustazio, Mago, T: Araldo, B: Argante), flageolet, 2 Flutes, 2 Oboes, Bassoon, 4 Trumpets, Timpani, Solo Violin, 3 Violins, Viola, Cello, Harpsichord obligé, Basso Continuo","(1ère version)
Libretto by Giacomo Rossi after un scénario de Aaron Hill"
HWV 7b,,1731,Rinaldo,Opera,,,"S: Almirena, Donna, Sirene, MS: Rinaldo, Armida, A: Argante, T: Goffredo, B: Mago christiano, Araldo), piccolo, 2 Flutes, 2 Oboes, Bassoon, 2 Horns, Trumpet, Solo Violin, 3 Violins, Viola, Cello, Basso Continuo","(2è, 3è versions)
Libretto by Giacomo Rossi after un scénario de Aaron Hill"
HWV 8a,,1712,Il Pastor fido,Opera,,,"S: Mirtillo, Amarilli, Eurilla, A: Silvio, Dorinda, B: Tirenio), SATB Choir, 2 Transverse Flutes, 2 Oboes, Bassoon, 2 Violins, Viola, Cello, Basso Continuo","(1ère version)
Libretto by Giacomo Rossi after une tragicomédie pastorale de Battista Guarini"
HWV 8b,,1734,Terpsicore,Prologue,,,"S, A, SATB Choir, Ballet, 2 Flutes, 2 Oboes, Bassoon, 2 Horns, 2 Violins, Viola, Cello, Basso Continuo",Libretto by Giacomo Rossi
HWV 8c,,1734,Il Pastor fido,Opera,,,"S: Amarilli, Eurilla, A: Mirtillo, Dorinda, T: Silvio, B:Tirenio, SATB Choir, 2 Transverse Flutes, 2 Oboes, Bassoon, 2 Horns, 3 Violins, Viola, bass continue","(2è, 3è versions)
Libretto by Giacomo Rossi after une tragicommédie pastorale de Battista Guarini"
HWV 9,,1712,Tesco,Opera,,,"S: Teseo, Agilea, Medea, Clizia, Fedra, A: Arcane, Egeo, B: Ministro di Minerva), SATB Choir, 2 Flutes, 2 Transverse Flutes, 2 Oboes, 2 Bassoons, 2 Trumpets, 3 Violins, 2 Violas, Cello, Basso Continuo",Libretto by Niccolo Francesco Haym after une tragédie lyrique de Philippe Quinault
HWV 10,,1713,Lucio Cornelio Silla,Opera,,,"S, MS, B), 2 Flutes, 2 Oboes, Bassoon, Trumpet, 2 Violins, Viola, Cello, Basso Continuo",Libretto by Giacomo Rossi
HWV 11,,1715,Amadigi di Gaula,Opera,,,"S, MS, A), SATB Choir, 2 Flutes, 2 Oboes, Bassoon, Trumpet, 3 Violins, Viola, Basso Continuo",Libretto by Giacomo Rossi (?) after une tragédie lyrique d'Antoine Houdar de la Motte
HWV 12a,,1720,Radamisto,Opera,,,"S, A, T, B), Transverse Flute, 2 Oboes, Bassoon, 2 Horns, 2 Trumpets, Solo Violin, 2 Violins, Viola, Solo Cello, Basso Continuo","(1ère version)
Libretto by Niccolo Francesco Haym after un livret de Matteo Noris, Domenico Lalli"
HWV 12b,,1720,Radamisto,Opera,,,"S, MS, B), Transverse Flute, 2 Oboes, Bassoon, 2 Horns, 2 Trumpets, 2 Violins, Viola, Basso Continuo","(2è, 3è versions)
Libretto by Niccolo Francesco Haym after un livret de Matteo Noris, Domenico Lalli"
HWV 13,,1721,Muzio Scevola,Opera,,,"S, MS, A, B), 2 Oboes, Bassoon, 2 Horns, 2 Trumpets, 3 Violins, Viola, Cello, Basso Continuo","(Acte III)
Libretto by Paolo Antonio Rolli"
HWV 14,,1721,Il Floridante,Opera,,,"S1, S2/A, MS, A, B1, B2), 2 Flutes, 2 Oboes, 2 Bassoons, 2 Horns, 2 Trumpets, 3 Violins, Viola, Basso Continuo",Libretto by Paolo Antonio Rolli after un libretto de Francesco Silvani
HWV 15,,1722,"Ottone, Re di Germania",Opera,,,"S: Teofane, Gismonda, MS: Ottone, A: Adelberto, Matilda, B: Emireno), Flute, 2 Oboes, 2 Bassoons, 3 Violins, Viola, Basso Continuo",Libretto by Niccolo Francesco Haym after un livret de Stefano Benedetto Pallavicini
HWV 16,,1723,"Flavio, Re de Langobardi",Opera,,,"S1, S2, MS, A, A2, T/B, B/T, Flute, Transverse Flute, 2 Oboes, Bassoon, 3 Violins, Viola, Cello, Basso Continuo",Libretto by Niccolo Francesco Haym after un livret de Matteo Noris
HWV 17,,1723,Giulio Cesare in Egitto,Opera,,,"S: Cleopatra, Sesto [aussi ténor], MS: Giulio Cesare, A: Cornelia, Tolomeo, Nireno), B: Achilla, Curio), 2 Flutes, Transverse Flute, 2 Oboes, 2 Bassoons, 4 Horns, Trumpet, Solo Violin, 3 Violins, Viola, Viola da Gamba, Cello, Harp, Theorbo, Basso Continuo",Libretto by Niccolo Francesco Haym after un libretto de Giacomo Francesco Bussani
HWV 18,,1724,Tamerlano,Opera,,,"S: Asteria, Irene, MS: Andronico, A: Tamerlano, T: Bajazet, B: Leone), 2 Flutes, 2 Transverse Flutes, 2 Oboes, Bassoon, 2 cornets, 2 Violins, Viola, Basso Continuo",Libretto by Niccolo Francesco Haym after un livret d'Agostino Piovene
HWV 19,,1724,"Rodelinda, Regina de' Langobardi",Opera,,,"S: Rodellinda, MS: Bertarido, A: Eduige, Unulfo, T: Grimoaldo, B: Garibaldo, Voix: Flavio), 2 Flutes, Transverse Flute, 2 Oboes, Bassoon, 2 Horns, 3 Violins, Viola, Basso Continuo",Libretto by Niccolo Francesco Haym after un livret d'Antonio Salvi
HWV 20,,1726,Publio Cornelio Scipione,Opera,,,"S: Lucejo, Berenice, Armira, A: Scipione, T: C. Lelio, B: Ernando), 2 Flutes, 2 Transverse Flutes, 2 Oboes, Bassoon, 2 Horns, 3 Violins, Viola, Basso Continuo
[1730: S: Lucejo, Berenice, A: C. Lelio, Armira, T: Scipione, B: Ernando]",Libretto by Paolo Antonio Rolli
HWV 21,,1726,Alessandro,Opera,,,"S: Rossane, Lisaura, MS: Alessandro, A: Tassile, Cleone, T: Leonato, B: Clito), SATB Choir, 2 Flutes, 2 Oboes, Bassoon, 2 Horns, 2 Trumpets, 3 Violins, Viola, Cello, Basso Continuo",Libretto by Paolo Antonio Rolli after un livret d'Ortensio Mauro
HWV 22,,1726,"Admeto, Re di Tessaglia",Opera,,,"S: Alceste, Antigona, MS: Admeto, A: Orindo, Trasimede, B: Ercole, Metaspe, Voix: la statue), Transverse Flute, 2 hautboia, Bassoon, 2 Horns, 3 Violins, Viola, Cello, Basso Continuo","Libretto by Inconnu after un livret d'Aurelio Aureli, Ortensio Mauro"
HWV 23,,1727,"Ricardo I, Re d'Inghilterra",Opera,,,"S: Costanza, Pulcheria, MS: Riccardo I, A: Oronte, B: Berardo, Isacio), piccolo, Flute, Bass Transverse Flute, 2 Oboes, 2 chalumeaux, Bassoon, 2 Horns, 3 Trumpets, Timpani, 3 Violins, Viola, Basso Continuo",Libretto by Paolo Antonio Rolli after un libretto de Francesco Briani
HWV 24,,1728,"Siroe, Re di Persia",Opera,,,"S: Emira, Laodice, MS: Siroe, A: Medarse, B: Cosroe, Arasse), 2 Oboes, 3 Violins, Viola, Basso Continuo",Libretto by Niccolo Francesco Haym after un libretto de Pietro Metastasio
HWV 25,,1728,"Tolomeo, Re di Egitto",Opera,,,"S: Seleuce, Elisa, MS: Tolomeo, A: Alessandro, B: Araspe), 2 Flutes, Transverse Flute, 2 Oboes, Bassoon, 2 Horns, 3 Violins, Viola, Basso Continuo",Libretto by Niccolo Francesco Haym after un livret de Carlo Sigismondo Capece
HWV 26,,1729,Lotario,Opera,,,"S: Adelaide, MS: Lotario, A: Matilde, Idelberto, T: Berengario, B: Clodomiro), 2 Oboes, 2 Bassoons, 2 Horns, Trumpet, 3 Violins, Viola, Basso Continuo",Libretto by Giacomo Rossi after un livret d'Antonio Salvi
HWV 27,,1730,Partenope,Opera,,,"S: Partenope, MS: Arsace, A: Rosmira, Armindo, T: Emilio, B: Ormonte), 2 Transverse Flutes, 2 Oboes, Bassoon, 2 Horns, Trumpet, 3 Violins, Viola, Theorbo, Basso Continuo
1737: S: Partenope, Armindo, MS: Arsace, A: Rosmira, Ormonte, T: Emilio",Libretto by Inconnu after un livret de Silvio Stampiglia
HWV 28,,1730,"Poro, Re dell'Indie",Opera,,,"S: Cleofide, MS: Poro, A: Erissena, Gandarte, T: Alessandro il Grande, B: Timagene), 2 Flutes, Transverse Flute, 2 Oboes, Bassoon, 2 Horns, Trumpet, Solo Violin, 3 Violins, Viola, Basso Continuo",Libretto by Inconnu after un livret de Pietro Metastasio. Version anglaise par Samuel Humphreys.
HWV 29,,1731,Ezio,Opera,,,"S: Fulvia, MS: Ezio, A: Valentiniano III, Onoria, T: Massimo, B: Varo), 2 Flutes, 2 Transverse Flutes, 2 Oboes, 2 Bassoons, 2 Horns, Trumpet, 3 Violins, 2 Violas, Cello, Basso Continuo",Libretto by Inconnu after un livret de Pietro Metastasio. Version anglaise par Samuel Humphreys.
HWV 30,,1731,"Sosarme, Re di Media",Opera,,,"S: Elmira, MS: Sosarme, A: Erenice, Argone, Melo, T: Haliate, B: Altomaro), 2 Oboes, Bassoon, 2 Horns, 2 Trumpets, Solo Violin, 3 Violins, Viola, Cello, Theorbo, Basso Continuo",Libretto by Inconnu after un livret d'Antonio Salvi. Version anglaise par Samuel Humphreys.
HWV 31,,1732,Orlando,Opera,,,"S: Angelica, MS: Medoro, Dorinda, A: Orlando, B: Zoroastro), 2 Flutes, 2 Oboes, Bassoon, 2 Horns, 3 Violins, Viola, 2 violetta marina, Basso Continuo",Libretto by Inconnu after un livret de Carlo Sigismondo Capece. Version anglaise par Samuel Humphreys.
HWV 32,,1733,Arianna in Creta,Opera,,,"A1, A2, MS1, MS2, A1, B1, B2, Transverse Flute, 2 Oboes, Bassoon, 2 Horns, 2 Violins, Viola, Cello, Basso Continuo",Libretto by Inconnu after un livret de Pietro Pariati. Version anglaise par Samuel Humphreys.
HWV 33,,1734,Ariodante,Opera,,,"S: Ginevra, Dalinda, MS: Ariodante, A: Polinesso, T: Odoardo, Lurcanio, B: Il Re di Scozia), SATB Choir, 2 Flutes, 2 Transverse Flutes, 2 Oboes, Bassoon, 2 Horns, 2 Trumpets, Solo Violin, 3 Violins, Viola, Cello, Basso Continuo","[À l'origine, Dalinda: Viola]
Libretto by Inconnu after un livret d'Antonio Salvi"
HWV 34,,1735,Alcina,Opera,,,"S: Alcina, Morgana, Oberto, MS: Ruggiero, A: Bradamante, T: Oronte, B: Melisso), Choir (SSATB), piccolo, 2 Flutes, 2 Oboes, Bassoon, 2 Horns, Violin obligé, 2 Violins, Viola, Cello solo, Basso Continuo",Libretto by Inconnu after un livret d'Antonio Fanzaglia
HWV 35,,1736,Atalanta,Opera,,,"S: Atalanta, Meleagro, A: Irene, T: Aminta, B: Nicandro, Mercurio), SATB Choir, 2 Oboes, 2 Horns, 3 Trumpets, Timpani, 2 Violins, Viola, Cello, Basso Continuo",Libretto by Inconnu after un livret de Belisario Valeriani
HWV 36,,1736,Arminio,Opera,,,"S: Tusnelda, Sigismondo, MS: Arminio, A: Ramise, Tullio, T: Varo, B: Segeste), SATB Choir, 2 Flutes, 2 Oboes, 2 Horns, 3 Violins, Viola, Basso Continuo","[À l'orgine, Tullio: basse]
Libretto by Inconnu after un livret d'Antonio Salvi"
HWV 37,,1736,Giustino,Opera,,,"S: Anastasio, Arianna, La Fortune, MS: Giustino, A: Leocasta, Amanzio, T: Vitaliano, B: Polidarte, Voix interne), SATB Choir, 2 Flutes, basse de Flute, Oboe solo, 2 Oboes, Bassoon, 2 Horns, 2 Trumpets, 3 Violins, Viola, Cello, Basso Continuo","[À l'origine, Amanzio: basse]
Libretto by Inconnu after un livret de Niccolo Beregani, Pietro Pariati."
HWV 38,,1736,"Berenice, Regina d'Egitto",Opera,,,"S: Berenice, Alessandro, MS: Demetrio, A: Selene, Arsace, T: Fabio, B: Aristobolo), SATB Choir, 2 Oboes, 3 Violins, Viola, Basso Continuo",Libretto by Inconnu after un livret d'Antonio Salvi
HWV 39,,1737,Faramondo,Opera,,,"S: Faramondo, Clotilde, Adolfo, Childerico, MS: Rosimonda, A: Gernando, B: Gustavo, Teobaldo), SATB Choir, Transverse Flute, 2 Oboes, 2 Horns, 3 Violins, Viola, Basso Continuo",Libretto by Inconnu after un livret d'Apostolo Zeno
HWV 40,,1737,Serse,Opera,,,"S: Serse, Romilda, Atalanta, MS: Arsamene, A: Amastre, B: Ariodate, Elviro), SATB Choir, 2 Flutes, 2 Oboes, 2 Horns, Trumpets, 3 Violins, Viola, Basso Continuo","Libretto by Inconnu after des livrets de Niccolo Minato, Silvio Stampiglia"
HWV 41,,1738,Imeneo (Hymen),Serenata,,,"S: Rosmene, Clomiri, MS: Tirinto, B: Argenio, Imeneo), SATB Choir, 2 Oboes, 3 Violins, Viola, Basso Continuo","[En 1742: T: Imeneo]
Libretto by Inconnu after un livret de Silvio Stampiglia"
HWV 42,,1740,Deidamia,Opera,,,"S: Deidamia, Nerea, Achille, Ulisse, B: Fenice, Lycomede), SATB Choir, 2 Oboes, Bassoon, 2 Horns, 2 Trumpets, Timpani, 3 Violins, Viola, Cello, Basso Continuo",Libretto by Paolo Antonio Rolli
HWV 43,,1707,The Alchemist,Incidental,,"1 Ouverture Largo (si bémol majeur)/Allegro

2 Air (si bémol majeur)

3 Minuet I (si bémol majeur)

4 Saraband (si bémol majeur)

5 Boree (si bémol majeur)

6 Aire (si bémol majeur)

7 Minuet II (si bémol majeur)

8 Aire (si bémol majeur)

9 Jigg (si bémol majeur)","2 Oboes, 2 Violins, Viola, Basso Continuo",
HWV 44,,1745,There in blissful shade and bow'rs,Serenata,,"01 Air
(sol majeur) There in blissful shade and bow'rs basse
2 Violins à l'unisson, Basso Continuo

02 Chœur
(sol majeur) Happy plains Soprano I, Soprano II, Basse
2 Oboes, 2 Violins, Basso Continuo

03 Air
Andante (sol majeur) There sweetest flowers of mingled hue Soprano I
2 Violins, Basso Continuo

04 Chœur
(sol majeur) Happy plains Soprano I, Soprano II, Basse
2 Oboes, 2 Violins, Basso Continuo
[reprise du # 2]

05 Air
Larghetto (sol mineur) There youthful Cupid, high advanc'd Soprano II
2 Violins à l'unisson, Basso Continuo

06 Chœur
(sol majeur) Happy plains Soprano I, Soprano II, Basse
2 Oboes, 2 Violins, Basso Continuo
[reprise du # 2]","S1, S2, B), 2 Oboes, 2 Violins, Organ, Basso Continuo","""Comus"" musique pour un spectacle de John Milton (sérénade à 9)"
HWV 45,,1749,Alceste (Alcides),Incidental,,,"S, A, T, B), SATB Choir, Transverse Flute, 2 Oboes, Bassoon, 2 Trumpets, 3 Violins, Viola, Basso Continuo",musique pour un spectable de Tobias Smollet
HWV 46a,,1707,Il Trionfo del Tempo e del Disinganno,Oratorio,,,"S: Bellezza, Piacere, A: Disinganno, T: Tempo), 2 Flutes, 2 Oboes, 3 Violins, Viola, 2 Cellos, Organ, Basso Continuo",Texte: Benedetto Pamphilj
HWV 46b,,1737,Il Trionfo del Tempo e della Verita,Oratorio,,,"S: Bellezza, Piacere, A: Disinganno, Tempo), SATB Choir, 2 Flutes, 2 Oboes, Bassoon, 2 Horns, 2 Trumpets, Timpani, 3 Violins, Viola, Cello, Double Bass, Organ, Harpsichord, carillon",Texte: Benedetto Pamphilj
HWV 47,,1708,La Resurrezione,Oratorio,,,"S: Angelo, Maddalena, A: Cleofe, T: San Giovanni, B: Lucifero), SATB Choir, 2 Flutes, Transverse Flute, 2 Oboes, Bassoon, 2 Trumpets, Solo Violin, 4 Violins, Viola, Viola da Gamba, 2 Cellos, Theorbo, Basso Continuo",Texte: Carlo Sigismondo Capece
HWV 48,,1716-1717,Der fur die Sunde der Welt gemarterte und sterbende Jesus,Oratorio,,,"S: Maria, 3 femmes, Tochter Zion, Âme, A: Jakobus, Johannes, Judas, Âme, T: Evangéliste, Petrus, Âme, B: Caiphas, Jesus, Pilatus, Kriegsknecht, Âme), SATB Choir, 2 Oboes, 2 Bassoons, 2 Violins, Viola, Basso Continuo","(Brockes' Passion)
Texte: Barthold Heinrich Brockes"
HWV 49a,,1718,"Acis, Galatea",Serenata,,,"S: Galatea, T: Acis, Damon, B: Polypheme), Choir (STTTB), piccolo, 2 Flutes, 2 Oboes, 2 Violins, Viola, Cello, Basso Continuo","[1ère version]
Texte: John Gay, Alexander Pope, John Hughes"
HWV 49b,,1732,"Acis, Galatea",Serenata,,,"S: Galatea, Clori, Eurilla, MS: Aci, A: Fili, Dorinda, T: Silvio, B: Polifemo), SATB Choir, piccolo, Transverse Flute, 2 Oboes, Trumpet, 2 Horns, 2 Violins, Viola, Lute, Organ, Basso Continuo","[2è version]
Texte: John Gay"
HWV 50a,,1718,Esther (Haman and Mordecai),Oratorio,,,"S, A, T, B), Choir (SATTB), Oboe, Trumpet, 2 Horns, Harp, 2 Violins, Viola, Basso Continuo","[1ère version]
Texte: Alexander Pope, John Arbuthnot after ""Esther"" de Racine (1689)"
HWV 50b,,1732,Esther,Oratorio,,,"1732: S, A, T, B), Choir (SSAATBB), 2 Flutes, 2 Oboes, 2 Bassoons, 2 Horns, 2 Trumpets, Timpani, 5 Violins, Viola, Cello, Double Bass, Theorbo, Harp, 2 Harpsichords, Organ
1757: S1, S2, A, T, B)","[2è version]
Texte: Alexander Pope, John Arbuthnot after ""Esther"" de Racine (1689)"
HWV 51,,1733,Deborah,Oratorio,,,"S1, S2, S3, A, T, B), Choir (SSAATTBB), 2 Transverse Flutes, 2 Oboes, 2 Bassoons, 3 Horns, 3 Trumpets, Timpani, 3 Violins, 2 Violas, Cello, Double Bass, Harpsichord, Organ",Texte: Samuel Humphrey
HWV 52,,1733,Athalia,Oratorio,,,"S:Athalia, Josabth, Joas, A: Joad, T: Mathan, B: Abner), Choir (SSAATTBB), 2 Flutes, Transverse Flute, 2 Oboes, 2 Bassoons, Theorbo, 2 Horns, 2 Trumpets, Timpani, 4 Violins, Viola, Cello, Double Bass, Harpsichord, Organ","Texte: Samuel Humprey after ""Athalie"" de Jean Racine (1691)"
HWV 53,,1738,Saul,Oratorio,,,"S: Merab, Michal, A: David, T: Jonathan, Abner, Sorcier d'Endor (ou soprano), Amalekite, Grand Prêtre, B: Saul, Doeg, Apparition de Samuel, Abiathar), SATB Choir, 2 Transverse Flutes, 2 Oboes, 2 Bassoons, 2 Trumpets, 3 Trombones, Timpani, carillon, Harp, Theorbo, 3 Violins, Viola, Organ, Basso Continuo",Texte: Charles Jennens
HWV 54,,1738,Israel in Egypt (Exodus),Oratorio,,,"SS,A,T,BB), Choir I (SATB), Choir II (SATB), 2 Transverse Flutes, 2 Oboes, 2 Bassoons, 2 Trumpets, 3 Trombones, Timpani, 2 Violins, Viola, Cello, Double Bass, Organ, Harpsichord","Texte: inconnu (Exodus I, II, XV, Psaumes 105, 106)"
HWV 55,,1740,"L'Allegro, il Penseroso ed il Moderato",Oratorio,,,"S, A, T, B,  SATB Choir, 2 Transverse Flutes, 2 Oboes, 2 Bassoons, cor, 2 Trumpets, Timpani, carillon, Solo Violin, 3 Violins, Viola, Organ, Basso Continuo","Texte: John Milton, Charles Jennens"
HWV 56,,1741,Messiah,Oratorio,,,"S,A1, A2,T,B), Choir (SSATB), 2 Oboes, 2 Bassoons, 2 Trumpets, Timpani, 2 Violins, Viola, Basso Continuo",Texte: Textes bibliques par Charles Jennens
HWV 57,,1741,Samson,Oratorio,,,"S: Dalila, Femme israélite, Femme philistine, Vierge, A: Micah, T: Samson, Philistin, Homme israélite, Messager, B: Manoa, Harapha), Choir (SSATTB), 2 Transverse Flutes, 2 Oboes, 2 Bassoons, 2 Horns, 2 Trumpets, 2 Trombones, Timpani, 3 Violins, Viola, Cello, Organ, Basso Continuo","Texte: after ""Samson Agonistes"", autres œuvres de John Milton"
HWV 58,,1743,Semele,Oratorio,,,"S: Semele, Iris, A: Athamas, Ino, Juno, T: Jupiter, Apollo, B: Cadmus, Somnus, Grand Prêtre), SATB Choir, 2 Oboes, 2 Bassoons, 2 Horns, 2 Trumpets, Timpani, 3 Violins, Viola, 2 Cellos, Organ, Basso Continuo","Texte: after l'opéra ""Semele"" de William Congreve (1706)"
HWV 59,,1743,Joseph and his Brethren,Oratorio,,,"S: Benjamin, Asenath, MS: Joseph, A: Potiphera, Phanor, Grand prêtre, T: Simeon, Judah, B: Pharaoh, Reuben), SATB Choir, 2 Transverse Flutes, 2 Oboes, Bassoon, 3 Trumpets, Timpani, 3 Violins, Viola, Organ, Basso Continuo",Texte: James Miller
HWV 60,,1744,Hercules,Oratorio,,,"S: Dejanira, Iole, Oechalien 1, A: Lichas, T: Hyllus, B: Hercules, Trachinian 1, Prêtre de Jupiter), SATB Choir, 2 Oboes, 2 Horns, 2 Trumpets, 3 Violins, Viola, Basso Continuo","Texte: Thomas Broughton after ""Trachiniai"" de Sophocles, ""Metamorphoses"" de Publius Ovidius Naso"
HWV 61,,1744,Belshazzar,Oratorio,,,"S: Nitocris, MS: Cyrus, A: Daniel, T: Belshazzar, Arioch, B: Gobrias, Messager), Choir (SSATTB), 2 Oboes, Bassoon, 2 Trumpets, Timpani, 3 Violins, Viola, Basso Continuo",Texte: Charles Jennens
HWV 62,,1746,Occasional Oratorio,Oratorio,,,"S1, S2, T,B), Choir (SSAATTBB), 2 Oboes, 2 Bassoons, 2 Horns, 2 Trumpets, principal, Timpani, 2 Violins, Viola, Cello, Organ, Basso Continuo","Texte: after les Psaumes de John Milton, des textes de Edmund Spenser"
HWV 63,,1746,Juddas Maccabeus,Oratorio,,,"S: Femme israélite, MS: Homme israélite, Prêtre, Messager, T: Judas Maccabaeus, B: Simon, Eupolemus), Choir (SSATB), 2 Flutes, 2 Transverse Flutes, 2 Oboes, 2 Bassoons, 2 Horns, 3 Trumpets, Timpani, 3 Violins, Viola, Cello, Double Bass, Organ, Harpsichord",Texte: Thomas Morell
HWV 64,,1747,Joshua,Oratorio,,,"S: Achsah, A: Othniel, T: Joshua, Ange, B: Caleb), SATB Choir, 2 Transverse Flutes, 2 Oboes, 2 Bassoons, 2 Horns, 3 Trumpets, tambourin, Timpani, 3 Violins, Viola, Organ, Basso Continuo",Texte: Thomas Morell (?)
HWV 65,,1747,Alexander Balus,Oratorio,,,"S: Aspasia, Cleopatra, A: Alexander Balus, T: Jonathan, B: Ptolomee, Courtier), SATB Choir, 2 Transverse Flutes, 2 Oboes, 2 Bassoons, 2 Horns, 2 Trumpets, Timpani, Harp, mandoline, Violin concertant, 3 Violins, Viola, 2 Cellos, Double Bass, Organ, Harpsichord",Texte: Thomas Morell
HWV 66,,1748,Susanna,Oratorio,,,"S: Susanna, Daniel, Servante, MS: Joacim, T: Ancien 1, B: Chelsias, Ancien 2, Juge), SATB Choir, 2 Oboes, Bassoon, 2 Trumpets, 2 Violins, 2 Violas, Basso Continuo",
HWV 67,,1748,Solomon,Oratorio,,,"S: Reine, fille du Pharaon, Nicaule, Reine de Sheba, Femmes I, II, A: Solomon, T: Zadok, Serviteur, B: Lévite), Choir (SSAATTBB), 2 Transverse Flutes, 2 Oboes, 2 Bassoons, 2 Horns, 2 Trumpets, Timpani, 2 Violins, 2 Violas, Cello, Organ, Basso Continuo",
HWV 68,,1749,Theodora,Oratorio,,,"S: Theodora, A: Didymus, Irene, T: Septimius, Messager, B: Valens), SATB Choir, 2 Transverse Flutes, 2 Oboes, Bassoon, 2 Horns, 2 Trumpets, Timpani, 2 Violins, Viola, Cello, Basso Continuo","Texte: after ""The Martyrdom of Theodora and of Didymus"" de Robert Boyle (1687)"
HWV 69,,1750,The Choice of Hercules,,,,"S1, S2, MS, T), SATB Choir, 2 Transverse Flutes, 2 Oboes, Bassoon, 2 Horns, 2 Trumpets, 2 Violins, Viola, Basso Continuo","(Acte III, Alexander's Feast, HWV 75)
Texte: Thomas Morell after ""The Judgement of Hercules"" de Robert Lowth, 1747"
HWV 70,,1751,Jephtha,Oratorio,,,"S: Iphis, Ange, MS: Storge, A: Hamor, T: Jephtha, B: Zebul), Choir (SSATB), Transverse Flute, 2 Oboes, 2 Bassoons, 2 Horns, 2 Trumpets, 3 Violins, Viola, Basso Continuo",Texte: Thomas Morell
HWV 71,,1756,The Triumph of Time and Truth,Oratorio,,,"S: Beauté, Déception, A: Conseil/Vérité, T: Plaisir, B: Temps), Choir (SSSAATB), 2 Flutes, 2 Transverse Flutes, 2 Oboes, 2 Bassoons, 2 Horns, 2 Trumpets, Timpani, 3 Violins, Viola, Cello, Basso Continuo",Texte: Benedetto Pamphili
HWV 72,,1708,"Aci, Galatea e Polifrmo",Serenata,,,"S: Aci, A: Galatea, B: Polifemo), Flute, 2 Oboes, 2 Trumpets, 2 Violins, Viola, 2 Cellos, Basso Continuo",
HWV 73,,1734,Il Parnasso in festa per gli sponsali di Teti e Peleo,Serenata,,,"S: Orfeo, Clio, MS: Apollo, A: Calliope, Cloride, Eurilla, Euterpe, B: Proteo, Marte), Choir (SSATB), 2 Transverse Flutes, 2 Oboes, Bassoon, 2 Horns, 2 Trumpets, Timpani, 2 Violins, Viola, Cello, Basso Continuo",
HWV 74,,1713/4,Eternal source of light divine,Serenata,,,"S, A/T, B), Choir I (SATB), Choir II (SATB), 2 Oboes, 2 Trumpets, 2 Violins, Viola, Basso Continuo","Anniversaire de naissance de la reine Anne
Texte: Ambrose Philips"
HWV 75,,1736,Alexander's Feast or the Power of Musick,Ode,,,"SATB), SSATTBB Choir, 2 Flutes, 2 Oboes, 3 Bassoons, 2 Horns, 2 Trumpets, Timpani, 3 Violins, 2 Violas, Cello, Organ, Basso Continuo","En l'honneur de Ste-Cécile
Texte: John Dryden"
HWV 76,,1739,"From Harmony, from heav'nly Harmony",Ode,,,"S, T, SATB Choir, Transverse Flute, 2 Oboes, Bassoon, 2 Trumpets, Tambourine, 2 Violins, Viola, Cello, Double Bass, Lute, Organ","Pour le jour de la fête de Ste-Cécile
Texte: John Dryden"
HWV 77,,,Ah! che pur troppo e vero,Cantata,,,"S, Basso Continuo",
HWV 78,,,"Ah! crudel, nel pianto mio",Cantata,,,"S, 2 Oboes, 2 Violins, Viola, Basso Continuo",
HWV 79,,,Diana cacciatrice: Alla caccia,Cantata,,,"S, S Choir, Trumpet, 2 Violins, Basso Continuo",
HWV 80,,,Allor ch'io dissi addio,Cantata,,,"S, Basso Continuo",
HWV 81,,,Alpestre monte,Cantata,,,"S, Strings (2 Violins), Basso Continuo",
HWV 82,,,Il Duello amoroso/Daliso ed Amarilli: Amarilli vezzosa,Cantata,,,"S, A, Strings (2 Violins), Basso Continuo",
HWV 83,,,Amiante e Fillide: Arrista il passo,Cantata,,,"S1, S2, Strings (3 Violins, Viola), Basso Continuo",
HWV 84,,,"Aure soavi, e lieti",Cantata,,,"S, Basso Continuo",
HWV 85,,,Venus and Adonis: Behold where Venus weeping stands,Cantata,,,"S, Violin, Basso Continuo",
HWV 86,,,Bella ma ritrosetta,Cantata,,,"S, Basso Continuo",
HWV 87,,,Carco sempre di gloria,Cantata,,,"A, Strings (2 Violins), Basso Continuo",
HWV 88,,,"Care selve, aure grate",Cantata,,,"S, Basso Continuo",
HWV 89,,,"Cecilia, vogli un sguardo",Cantata,,,"S, T, Strings (2 Violins, Viola), Basso Continuo",
HWV 90,,,Chi rapi la pace al core,Cantata,,,"S, Basso Continuo",
HWV 91a,,,"Clori, degli occhi miei",Cantata,,,"A, Basso Continuo",
HWV 91b,,,"Clori, degli occhi miei",Cantata,,,"S, Basso Continuo",
HWV 92,,,"Clori, mia bella Clori",Cantata,,,"S, Strings (2 Violins), Basso Continuo",
HWV 93,,,"Clori, ove sei?",Cantata,,,"S, Basso Continuo",
HWV 94,,,"Clori, si, ch'io t'adoro",Cantata,,,"S, Basso Continuo",
HWV 95,,,"Clori, vezzosa Clori",Cantata,,,"S, Basso Continuo",
HWV 96,,,"Clori, Tirsi e Fileno: Cor fedele in vano speri",Cantata,,,"S1, S2, A, 2 Flutes, 2 Oboes, Violin obbligato, 2 Violins, 2 Violas, Lute, Basso Continuo",
HWV 100,,,Da sete ardente afflitto,Cantata,,,"S, Basso Continuo",
HWV 101a,,,Dal fatale momento,Cantata,,,"S, Basso Continuo",[1st version]
HWV 101b,,,Del fatale momento,Cantata,,,"B, Basso Continuo",[2nd version]
HWV 102a,,,Dalla guerra amorosa,Cantata,,,"B, Basso Continuo",[1st version]
HWV 102b,,,Dalla guerra amorosa,Cantata,,,"S, Basso Continuo",[2nd version]
HWV 103,,,Deh! lasciate e vita e volo,Cantata,,,"A, Basso Continuo",texte: Paolo Antonio Rolli
HWV 104,,,Del bio idolo mio,Cantata,,,"S, Basso Continuo",
HWV 105,,,Armida abbandonata: Dietro l'orme fugaci,Cantata,,,"S, Strings (2 Violins), Basso Continuo",
HWV 106,,,"Dimmi, o mio cor",Cantata,,,"S, Basso Continuo",
HWV 107,,,"Ditemi, o piante",Cantata,,,"S, Basso Continuo",
HWV 108,,,"Dolce mio ben, s'io taccio",Cantata,,,"S, Basso Continuo",
HWV 109a,,,Dolce pur d'amor l'affanno,Cantata,,,"A, Basso Continuo",[1st version]
HWV 109b,,,Dolce pur d'amor l'affanno,Cantata,,,"S, Basso Continuo",[2nd version]
HWV 110,,,Agrippina condotta a morire: Dunque sara pur vero,Cantata,,,"S, Strings (2 Violins), Basso Continuo",
HWV 111a,,,"E partirai, mia vita?",Cantata,,,"S, Basso Continuo",[1st version]
HWV 111b,,,"E partirai, mia vita?",Cantata,,,"S, Basso Continuo",[2nd version]
HWV 112,,,Figli del mesto cor,Cantata,,,"A, Basso Continuo",
HWV 113,,,Figlio d'alte speranze,Cantata,,,"S, Violin, Basso Continuo",
HWV 114,,,Fili adorata e cara,Cantata,,,"S, Basso Continuo",
HWV 115,,,Fra pensieri quel pensiero,Cantata,,,"A, Basso Continuo",
HWV 116,,,Fra tante pene,Cantata,,,"S, Basso Continuo",
HWV 117,,,"Hendel, non puo mia Musa",Cantata,,,"S, Basso Continuo",texte: Benedetto Pamphilj
HWV 118,,,Ho fuggito Amore anch'io,Cantata,,,"A, Basso Continuo",texte: Paolo Antonio Rolli
HWV 119,,,"(Io languisco fra le goije). Echeggiate, festeggiate, Numi eterni",Cantata,,,"S1, S2, S3, A, B, Flute, 2 Oboes, 2 Volins, Viola, Cello, Basso Continuo",[fragment]
HWV 120a,,,"Irene, idolo mio",Cantata,,,"S, Basso Continuo",[1st version]
HWV 120b,,,"Irene, idolo mio",Cantata,,,"A, Basso Continuo",[2nd version]
HWV 121a,,,"La Solitudine: L'aure grate, il fresco rio",Cantata,,,"A, Basso Continuo","[1ère version, fragment]"
HWV 121b,,,"La Solitudine: L'aure grate, il fresco rio",Cantata,,,"A, Basso Continuo",[2nd version]
HWV 122,,,"Appolo, Dafne: La terra e liberata",Cantata,,,"S, B, Transverse Flute, 2 Oboes, Bassoon, Solo Violin, 2 Violins, Viola, Solo Cello, Basso Continuo",
HWV 123,,,Languia di bocca lusinghiera,Cantata,,,"S, Oboe, Violin, Basso Continuo",
HWV 124,,,"(The Praise od Harmony): Look down, harmonius Saint",Cantata,,,"T, Strings (2 Violins, Viola), Basso Continuo",texte: Newburg Hamilton
HWV 125a,,,Lungi da me pensier tiranno,Cantata,,,"S, Basso Continuo",[1st version]
HWV 125b,,,Lungi da me pensier tiranno,Cantata,,,"A, Basso Continuo",[2nd version]
HWV 126a,,,"Lungi da voi, che siete poli",Cantata,,,"S, Basso Continuo",
HWV 126b,,,"Lungi da voi, che siete poli",Cantata,,,"S, Basso Continuo",[2nd version]
HWV 126c,,,"Lungi da voi, che siete poli",Cantata,,,"A, Basso Continuo",[3rd version]
HWV 127a,,,Lungi dal mio bel Nume,Cantata,,,"S, Basso Continuo",[1st version]
HWV 127b,,,Lungi dal mio bel Nume,Cantata,,,"A, Basso Continuo",[2nd version]
HWV 127c,,,Lungi dal mio bel Nume,Cantata,,,"S, Basso Continuo",[3rd version]
HWV 128,,,Lungi n'ando Fileno,Cantata,,,"S, Basso Continuo",
HWV 129,,,Manca pur quanto sai,Cantata,,,"S, Basso Continuo",
HWV 130,,,Mentre il tutto e in furore,Cantata,,,"S, Basso Continuo",
HWV 131,,,Menzognere speranze,Cantata,,,"S, Basso Continuo",
HWV 132a,,,Mi palpita il cor,Cantata,,,"S, Basso Continuo",(2è version de HWV 106)
HWV 132b,,,Mi palpita il cor,Cantata,,,"S, Oboe, Basso Continuo",[1st version]
HWV 132c,,,Mi palpita il cor,Cantata,,,"A, Flute, Basso Continuo",[2nd version]
HWV 132d,,,Mi palpita il cor,Cantata,,,"A, Oboe, Flute, Basso Continuo",[3rd version]
HWV 133,,,"Ne' tuoi lumi, o bella Clori",Cantata,,,"S, Basso Continuo",
HWV 134,,,Pensieri notturni di Filli: Nel dolce del'oblio,Cantata,,,"S, Flute, Basso Continuo",
HWV 135a,,,Nel dolce tempo,Cantata,,,"S, Basso Continuo",[1st version]
HWV 135b,,,Nel dolce tempo,Cantata,,,"A, Basso Continuo",[2nd version]
HWV 136a,,,Nell'africane selve,Cantata,,,"B, Basso Continuo",[1st version]
HWV 136b,,,Nell'africane selve,Cantata,,,"B, Basso Continuo",[2nd version]
HWV 137,,,Nella stagion che di viole e rose,Cantata,,,"S, Basso Continuo",
HWV 138,,,"Nice, che fa? che pensa?",Cantata,,,"S, Basso Continuo",
HWV 139a,,,Ninfe e pastori,Cantata,,,"S, Basso Continuo",[1st version]
HWV 139b,,,Ninfe e pastori,Cantata,,,"A, Basso Continuo",[2nd version]
HWV 139c,,,Ninfe e pastori,Cantata,,,"S, Basso Continuo",[3rd version]
HWV 140,,,No se emendera jamas,Cantata,,,"S, Guitar, Basso Continuo",
HWV 141,,,"Non sospirar, non piangere",Cantata,,,"S, Basso Continuo",
HWV 142,,,Notte placida e cheta,Cantata,,,"S, Strings (2 Violins), Basso Continuo",
HWV 143,,,"Olinto pastore, Tebro fiume, Gloria: Oh come chiare e belle",Cantata,,,"S1, S2, A, Trumpet, 2 Concertante Violins, 2 Violins, Basso Continuo",
HWV 144,,,"O lucenti, o sereni occhi",Cantata,,,"S, Basso Continuo",
HWV 145,,,La Lucrezia: Oh Numi eterni,Cantata,,,"S, Basso Continuo",
HWV 146,,,Occhi miei che faceste?,Cantata,,,"S, Basso Continuo",
HWV 147,,,"Parti, l'idolo mio",Cantata,,,"S, Basso Continuo",
HWV 148,,,Poiche giuraro Amore,Cantata,,,"S, Basso Continuo",
HWV 149,,,Qual sento io non conosciuto,Cantata,,,"S, Basso Continuo",
HWV 150,,,"(Ero e Leandro): Qual ti riveggio, oh Dio",Cantata,,,"S, 2 Oboes, Solo Violin, 2 Violins, Viola, Solo Cello, Basso Continuo",texte: Pietro Ottoboni
HWV 151,,,"Qualor crudele, si, ma vaga Dori",Cantata,,,"A, Basso Continuo",
HWV 152,,,Qualor l'egre pupille,Cantata,,,"S, Basso Continuo",
HWV 153,,,"Quando sperasti, o core",Cantata,,,"S, Basso Continuo",
HWV 154,,,Quel fior che all'alba ride,Cantata,,,"S, Basso Continuo",
HWV 155,,,Sans y penser,Cantata,,,"S1, S2, Basso Continuo",
HWV 156,,,Sarai contenta un di,Cantata,,,"S, Basso Continuo",
HWV 157,,,Sarei troppo felice,Cantata,,,"S, Basso Continuo",texte: Benedetto Pamphilj
HWV 158a,,,Se pari e la tua fe,Cantata,,,"S, Basso Continuo",[1st version]
HWV 158b,,,Se pari e la tua fe,Cantata,,,"S, Basso Continuo",[2nd version]
HWV 158c,,,Se pari e la tua fe,Cantata,,,"S, Basso Continuo",[3rd version]
HWV 159,,,Se per fatal destino,Cantata,,,"S, Basso Continuo",
HWV 160a,,,"La bianca Rosa: Sei pur bella, pur vezzosa",Cantata,,,"S, Basso Continuo",[1st version]
HWV 160b,,,"La bianca Rosa: Sei pur bella, pur vezzosa",Cantata,,,"S, Basso Continuo",[2nd version]
HWV 160c,,,"La bianca Rosa: Sei pur bella, pur vezzosa",Cantata,,,"S, Basso Continuo",[3rd version]
HWV 161a,,,Sento le che ristretto,Cantata,,,"S, Basso Continuo",[1st version]
HWV 161b,,,Sento la che ristretto,Cantata,,,"A, Basso Continuo",[2nd version]
HWV 161c,,,Sento la che ristretto,Cantata,,,"S, Basso Continuo",[3rd version]
HWV 162,,,Siete rose ruggiadose,Cantata,,,"A, Basso Continuo",
HWV 163,,,"Solitudini care, amata liberta",Cantata,,,"S, Basso Continuo",
HWV 164a,,,Il Gelsomino: Son gelsomino,Cantata,,,"S, Basso Continuo",texte: Paolo Antonio Rolli
HWV 164b,,,Il Gelsomino: Son gelsomino,Cantata,,,"A, Basso Continuo",texte: Paolo Antonio Rolli
HWV 165,,,Spande ancor a mio dispetto,Cantata,,,"B, Strings (2 Violins), Basso Continuo",
HWV 166,,,Splenda l'alba in oriente,Cantata,,,"A, 2 Flutes, 2 Oboes, 2 Violins, Viola, Basso Continuo",
HWV 167a,,,Stanco di piu soffrire,Cantata,,,"A, Basso Continuo",[1st version]
HWV 167b,,,Stando di piu soffrire,Cantata,,,"S, Basso Continuo",[2nd version]
HWV 168,,,"Partenza di Giovanni Bononcini.: Stelle, perfide stelle",Cantata,,,"S, Basso Continuo",
HWV 169,,,Torna il core al suo diletto,Cantata,,,"S, Basso Continuo",
HWV 170,,,Tra le fiamme (Il consiglio),Cantata,,,"S, 2 Flutes, Oboe, 2 Violins, Viola da Gamba, Basso Continuo",texte: Benedetto Pamphilj
HWV 171,,,Tu fidel? tu costante?,Cantata,,,"S, Strings (2 Violins), Basso Continuo",
HWV 172,,,Udite il mio consiglio,Cantata,,,"S, Basso Continuo",
HWV 173,,,Un'alma innamorata,Cantata,,,"S, Violin, Basso Continuo",
HWV 174,,,Un sospir a chi si muore,Cantata,,,"S, Basso Continuo",
HWV 175,,,Vedendo Amor,Cantata,,,"A, Basso Continuo",
HWV 176,,,(Amore ucellatore): Venne voglia ad Amore,Cantata,,,"A, Basso Continuo",
HWV 177,,,"Zefiretto, arresta il volo",Cantata,,,"S, Basso Continuo",
HWV 200,,,Quel fior che all'alba ride,Terzett,,"1 Quel fior che all'alba ride
trio, en fa majeur, pour 2 sopranos, basse, Basso Continuo


2 L'occaso ha nell'aurora
trio, en ré mineur, pour 2 sopranos, basse, Basso Continuo","S1, S2, B, Basso Continuo",[trio # 2]
HWV 201,,,Se tu non lasci amore,Terzett,,"1 Se tu non lasci amore
trio en sol mineur, pour 2 sopranos, basse, Basso Continuo
2 Quando non ho piu core
trio, en do mineur, pour 2 sopranos, basse, Basso Continuo","S1, S2, B, Basso Continuo",[trio # 1 - 2 versions]
HWV 202,,,Kunft'ger Zeiten eitler Kummer,Aria,E-flat major,,"S, Basso Continuo",texte: Barthold Heinrich Brockes
HWV 203,,,Das zitternde Glanzen,Aria,E-flat major,,"S, Basso Continuo",texte: Bathold Heinrich Brockes
HWV 204,,,Susser Blumen Ambraflocken,Aria,G minor,[Andante],"S, Basso Continuo",texte: Bathold Heinrich Brockes
HWV 205,,,"Susse Stille, sanfte Quelle ruhiger Gelassenheit!",Aria,F major,[Larghetto],"S, Basso Continuo",texte: Bathold Heinrich Brockes
HWV 206,,,"Singe, Seele, Gott zum Preise",Aria,A minor,,"S, Basso Continuo",texte: Bathold Heinrich Brockes
HWV 207,,,Meinte Seele hort in Sehen,Aria,B-flat major,[Andante],"S, Basso Continuo",texte: Bathold Heinrich Brockes
HWV 208,,,Die ihr aud dunkeln Gruften den eiteln Mammon grabt,Aria,B-flat major,[Larghetto],"S, Basso Continuo",Bathold Heinrich Brockes
HWV 209,,,In den angenehmen Buschen,Aria,D minor,,"S, Basso Continuo",Bathold Heinrich Brockes
HWV 210,,,"Flammende Rose, Zierde der Erden",Aria,A major,,"S, Basso Continuo",Bathold Heinrich Brockes
HWV 211,,,"Aure dolci, deh, spirate",Aria,G major,,"A, Strings (2 Violins, Viola), Basso Continuo",
HWV 212,,,Con doppia gloria mia,Aria,G major,[Larghetto e staccato],"S, Strings (2 Violins), Basso Continuo",
HWV 213,,,Con lacrime si belle,Aria,F major,,"A, 2 Oboes, 2 Violins, Cello, Basso Continuo",
HWV 214,,,Dell'onda instabile,Aria,A minor,,"A, Flute, Basso Continuo",
HWV 215,,,Con valor del vostro brando,Aria,F major,,"S, 2 Violins, Cello, Bassoon, Double Bass, Harpsichord","[voir HWV 6 (42), 119 (10), 122 (6)]"
HWV 216,,,Impari del mio core,Aria,F major,,"S, Basso Continuo","[voir HWV 45 (10), 69 (11)]"
HWV 217,,,"L'odio, si, ma poi ritrovo",Aria,E minor,,"A, Strings (2 Unison Violins), Basso Continuo",[fragment]
HWV 218,,,Love's but the frailty of the mind,English Songs,F major,[Andante],"S, Basso Continuo",William Congreve
HWV 219,,,Non so se avrai mai bene,Aria,C minor,,"S, Basso Continuo",
HWV 220,,,Per dar pace al mio tormento,Aria,A minor,[Largo],"S, Basso Continuo",[fragment]
HWV 221,,,Quant'invidio tua fortuna,Aria,G minor,,"S, Basso Continuo",
HWV 222,,,Quanto piu amara fu sorte crudele,Aria,D major,[Larghetto],"S, Strings (2 Violins, Viola), Basso Continuo",
HWV 223,,,"S'un di m'appaga, la mia crudele",Aria,G major,[Andante allegro],"S, Strings (2 Violins à l'unisson), Basso Continuo",
HWV 224,,,"Si, crudel, tornera",Aria,G major,,"S, Strings (2 Violins à l'unisson), Basso Continuo",[fragment]
HWV 225,,,Spera chi sa perche la sorte,Aria,B-flat major,,"A, 2 Oboes, 2 Violins, Viola, Basso Continuo",[fragment]
HWV 226,,,The morning is charming,English Songs,,,"S, Basso Continuo","[voir HWV 58, Anh 55]
texte:Charles Legh"
HWV 227,,,Vo' cercando tra fiori,Aria,F major,[Allegro],"S, Strings (2 Violins), Basso Continuo",
HWV 228,,,24 English Songs,English Songs,,,"S, Basso Continuo",
HWV 228/1,,,The unhappy Lovers: As Celia's fatal arrow flew,English Songs,D minor,,"S, Basso Continuo",
HWV 228/10,,,The foresaken Nymph: Guardian Angels now protect me,English Songs,F major,,"S, Basso Continuo",
HWV 228/11,,,I Like the am'rous Youth that's free,English Songs,F major,,"S, Basso Continuo",texte: James Miller
HWV 228/12,,,"Phillis: My fair, ye Swains, is gone astray",English Songs,G major,,"S, Basso Continuo",
HWV 228/13,,,"Not, Cloe, that I better am",English Songs,G major,,"S, Basso Continuo",
HWV 228/14,,,Strephon's Complain of Love: Oh cruel tyrant Love,English Songs,E minor,,"S, Basso Continuo",
HWV 228/15,,,The Satyr's Advice to a Stock-Jobber: On the shore of a low ebbing sea/Ye Swains that are courting a Maid/Molly Mogg: Says my uncle I pray you discover,English Songs,G major,,"S, Basso Continuo",
HWV 228/16,,,Phillis be Kind and hear,English Songs,A major,,"S, Basso Continuo",texte: Mr. Paratt
HWV 228/17,,,Phillis advised: Phillis the lovely,English Songs,G major,,"S, Basso Continuo",
HWV 228/18,,,"Stand around, my brave boys",English Songs,D major,,"S, Basso Continuo",
HWV 228/19,,,The faithful Maid/The melancholly Nymph: 'Twas when the seas were roaring,English Songs,G minor,,"S, Basso Continuo",texte: John Gay
HWV 228/2,,,Charming Cloris: Ask not the cause/The poor Shephard: The Sun was sunk beneath the Hills,English Songs,E minor,,"S, Basso Continuo",
HWV 228/20,,,The Rupture/Matchless Clarinda: When I survey Clarinda's charms/Venus now leaves,English Songs,G minor,,"S, Basso Continuo",texte: B. (Bradley ?)
HWV 228/21,,,The Death of the Stag: When Phoebus the tops of the Hills does adorn,English Songs,G major,,"2 voix (Violins, Flutes ou Horns), Basso Continuo",
HWV 228/22,,,Who to win a Woman's favour,English Songs,G minor,,"S, Basso Continuo",[voir HWV 1 (25)]
HWV 228/23,,,An Answer to Collin's Complaint: Ye winds to whome Collin complains,English Songs,G minor,,S a cappella,
HWV 228/24,,,"Yes, I'm in love",English Songs,G minor,,"S, Basso Continuo",texte: W. Whitehead
HWV 228/3,,,As on a Sunshine Summer's Day,English Songs,C minor,,S a cappella,texte: Benjamin Griffin
HWV 228/4,,,Bacchus Speech in Praise of Wine: Bacchus one day gayly striding,English Songs,F major,,"S, Basso Continuo",texte: Mr. Phillips
HWV 228/5,,,The Polish Minuet or Miss Kitty Grevil's Delight: Charming is your shape and air,English Songs,G major,,"S, Basso Continuo",
HWV 228/6,,,The Sailor's Complaint: Come and listen to my ditty/Hosier's Ghost: A near Portobello lying,English Songs,G minor,,"S, Basso Continuo",
HWV 228/7,,,"Di godere ha speranza il mio core/Oh my dearest, my lovely creature",English Songs,G major,,"S, Basso Continuo",
HWV 228/8,,,The forsaken Maid's Complaint: Faithless ungrateful/The slighted Swain: Cloe proves false,English Songs,A major,,"S, Basso Continuo",texte: inconnu/Abraham Bradley
HWV 228/9,,,From scourging rebellion,English Songs,C major,,"S, Basso Continuo",texte: John Lockman
HWV 229,,,"Cantates d'église ""Hallesche""",,,,,[Perdues]
HWV 229/1,,,Das gantze Haupt ist krank,,,,à 8,[pour les 14e et 19è dimanches après la Trinité]
HWV 229/2,,,"Es ist der alte Bund, Mensch",,,,à 12,[pour les 16è et 24è dimanches après la Tirnité]
HWV 229/3,,,"Furwahr, er trug unsere Krankheit",,,,à 15,
HWV 229/4,,,Thue Rechnung von dinem Hausshalten,,,,à 13,[pour les 9è et 22è dimanches après la Trinité]
HWV 229/5,,,Victoria. Der Tod ist verschlungen (in den Sieg),,,,à 14,[pour la fête de Pâques]
HWV 229/6,,,Was werden wir essen,,,,à 10/12,[pour le 4è dimanche du Carême ainsi que les 7è et 15è dimanches après la Trinité]
HWV 229/7,,,"Wer ist der, so von Edom kommt",,,,à 12,[pour le 1er dimanche du Carême]
HWV 230,,,Ah! che troppo inegnali / O del ciel! Maria Regina,,,,"récitatif et air pour voix solo, cordes (2 violons et alto) et basse continue",texte: inconnu
HWV 231,,,Coelestis dum spirat aura,Motet,,,motet pour soprano avec cordes (2 violons) et basse continue,"pour la fête de St. Antoine de Padoue
texte: inconnu"
HWV 232,,,Dixit Dominus Domino meo,,,,"concert spirituel pour solistes SA), chœur (SSATB) avec cordes (2 violons, 2 altos, violoncelle) et basse continue",[Psaume 109]
HWV 233,,,"Donna, che in ciel di tanta luce splendi",Cantata,,,"cantate pour soprano solo, choeur (SATB) avec cordes (2 violons, alto) et basse continue","pour l'anniversaire de la libération de Rome d'un tremblement de terre pour la journée de la Purification de la Sainte-Vierge
texte: inconnu"
HWV 234,,,Il Pianto di Maria: Giunta l'ora fatal,Cantata,,,"cantate sacrée pour soprano solo avec cordes (4 violons, alto) et basse continue","[pour être exécuté devant le Saint-Sépulcre]
texte: inconnu
[Authenticité faible]"
HWV 235,,,Haec est Regina Virginum,Antienne,G major,,"antienne, en sol majeur, pour soprano solo avec cordes (2 violons, alto) et orgue",texte: inconnu
HWV 236,,,Laudate pueri Dominum,,,,"concert spirituel pour soprano solo, cordes (2 violons) et basse continue","[Psaume 112]
[1ère version]"
HWV 237,,,Laudate pueri Dominum,,,,"concert spirituel pour soprano solo et choeur (SSATB), avec orchestre (2 hautbois, 2 violons, 2 altos) et basse continue","[Psaume 112]
[2è version]"
HWV 238,,,Nisi Dominus / Gloria Patri,,,,"concert spirituel pour solistes (alto, ténor et basse) et double chœur (SATB,SATB) avec double orchestre (2 violons, alto et basse continue; 2 violons, alto, orgue, contrebasse et basse continue)",[Psaume 126]
HWV 239,,,O qualis de coelo sonus,Motet,,,motet pour soprano solo avec cordes (2 violons) et basse continue,texte: inconnu
HWV 240,,,Saeviat tellus inter rigores,Motet,,,"motet pour soprano solo avec orchestre (2 hautbois, 2 violons, alto) et basse continue","pour la Madonne très sainte de Carmine
texte: inconnu"
HWV 241,,,Salve Regina,,,,"concert spirituel pour soprano solo avec cordes (2 violons, violoncelle) et orgue",[antienne et psaume]
HWV 242,,,Silete venti,Motet,,,"motet pour soprano solo avec orrchestre (2 hautbois, basson, 2 violons, alto, violoncelle) et basse continue",texte: inconnu
HWV 243,,,Te decus virginum,Antienne,,,antienne pour alto solo avec instruments,[Perdue]
HWV 244,,,Kyrie eleison,,,,"pour 4 voix (SATB) avec cordes (2 violons, 2 altos) et basse continue",
HWV 245,,,Gloria in excelsis Deo,,,,"pour 5-6 voix (SSATTB) avec orchestre (hautbois, trompette, 2 violons, 2 altos), orgue et basse continue",
HWV 269,,,"Amen, Alleluja",Antienne,D minor,,"S, Basso Continuo",
HWV 270,,,Amen,Antienne,F major,,"S, Basso Continuo",
HWV 271,,,"Amen, Alleluja",Antienne,G minor,,"S, Basso Continuo",
HWV 272,,,"Alleluja, Amen",Antienne,D minor,"1 Alleluja, Amen
antienne, en ré mineur
[Largo]","S, Basso Continuo",
HWV 273,,,"Alleluja, Amen",Antienne,G major,"1 Alleluja, Amen
antienne, en sol majeur
[Andante]","S, Basso Continuo",
HWV 274,,,"Alleluja, Amen",Antienne,A minor,,"S, Basso Continuo",
HWV 275,,,"Amen, Alleluja",Antienne,C major,,"S, Basso Continuo",
HWV 276,,,"Amen, Halleluja",Antienne,F major,,"S, Basso Continuo",
HWV 277,,,"Halleluja, Amen",Antienne,F major,,"S, Basso Continuo",
HWV 278,,,Te Deum,Hymn,,,"solistes (SSAATB) et choeur (SSAATTB) avec orchestre (flûte traversière, 2 hautbois, basson, 2 trompettes, 4 violons, alto, violoncelle), orgue et basse continue",pour le traité d'Utrecht
HWV 279,,,Jubilate (O be joyful),Hymn,,,"solistes (AAB) et choeur (SSAATTBB) avec orchestre (2 hautbois, basson, 2 trompettes, 3 violons, alto, violoncelle), orgue et basse continue",pour le traité d'Utrecht
HWV 280,,,Te Deum,Hymn,,,"solistes (AB) et choeur (SAATB) avec orchestre (flûte traversière, 2 trompettes, 2 violons, alto) et basse continue",composé pour feue la reine Caroline
HWV 281,,,Te Deum,Hymn,,,"solistes (STTB) et choeur (STTTB) avec orchestre (flûte, hautbois, trompette, 2 violons) et basse continue",[Chandos]
HWV 282,,,Te Deum,Hymn,,,"solistes (ATBB) et choeur (SAATBBB) avec orchestre (flûte traversière, hautbois, basson, 2 violons, alto, violoncelle, contrebasse) et orgue",
HWV 283,,,Te Deum,Hymn,,,"solistes (ATB) et choeur (SSATB) avec orchestre (2 hautbois, basson, 2 trompettes, timbales, 3 violons, alto, violoncelle, contrebasse), orgue et basse continue",pour la victoire de Dettingen
HWV 284,,,The Invitation: Sinners obey the Gospel word,English Songs,G minor,,"S, Basso Continuo",texte: Charles Wesley
HWV 285,,,"Desiring to love: O Love divine, how sweet thou art",English Songs,F major,,"S, Basso Continuo",texte: Charles Wesley
HWV 286,,,"On the Resurection: Rejoice, the Lord is King",English Songs,D major,,"S, Basso Continuo",texte: Charles Wesley
HWV 287,,,,Concerto,G minor,"1 Grave (sol mineur)



2 Allegro (sol mineur)



3 Sarabande. Largo (si bémol majeur)



4 Allegro (sol mineur)
[voir aussi HWV 291(2), 390(4), 576(2)]","Oboe, Orchestra",concerto # 3
HWV 288,,,Sonata (Concerto) à 5,Sonata,B-flat major,"1 Andante (si bémol majeur)
[voir HWV 250a,b(1), 302a(3), 396(1), 580]



2 Adagio (si bémol majeur)



3 Allegro (si bémol majeur)","Violin, Orchestra",
HWV 289,op. 4/1,,,Concerto,G minor,"1 Larghetto e staccato (sol mineur)



2 Allegro (sol majeur)



3 Adagio (mi mineur)
[organo ad libitum]



4 Andante (sol majeur)
[voir HWV 401(5a)]","Organ, Orchestra",concerto # 1 in Première série # 1
HWV 290,op. 4/2,,,Concerto,B-flat major,"1 A tempo ordinario e staccato (si bémol majeur)
[voir HWV 242(1)]



2 Allegro (si bémol majeur)
[voir HWV 388(4)]



3 Adagio e staccato (sol mineur)



4 Allegro ma non presto (si bémol majeur)","Organ, Orchestra",concerto # 2 in Première série # 2
HWV 291,op. 4/3,,,Concerto,G minor,"1 Adagio (sol mineur)
[voir HWV 7a(27), 48 (Sinfonia), 252(1), 314(1), 390(1)]



2 Allegro (sol mineur)
[voir HWV 287(4), 390(4), 576(2)]



3 Adagio (si bémol majeur)



4a ... (sol mineur)
[voir HWV 310(6), 360(4), 379(5)]



4b Allegro (sol mineur)
[voir HWV 6(17), 150(2)]","Organ, Orchestra",concerto # 3 in Première série # 3
HWV 292,op. 4/4,,,Concerto,F major,"1 Allegro (fa majeur)
[voir HWV 34(2b)]



2 Andante (si bémol majeur)



3 Adagio (ré mineur)
[organo ad libitum, voir HWV 377(2)]



4 Allegro (fa majeur)
[voir HWV 46b(36)]","Organ, Orchestra",concerto # 4 in Première série # 4
HWV 293,op. 4/5,,,Concerto,F major,"1 Larghetto (fa majeur)
[voir HWV 369(1)]



2 Allegro (fa majeur)
[voir HWV 369(2)]



3 Alla siciliana (ré mineur)
[voir HWV 369(3)]



4 Presto (fa majeur)","Organ, Orchestra",concerto # 5 in Première série # 5
HWV 294,op. 4/6,,,Concerto,B-flat major,"1 Andante allegro (si bémol majeur)



2 Larghetto (sol mineur)



3 Allegro moderato (si bémol majeur)","Organ, Orchestra",concerto # 6 in Première série # 6
HWV 295,,,,Concerto,F major,"1a Largo (fa majeur)
[voir HWV 401(1)]



1b Larghetto (fa majeur)
[voir HWV 401(1)]



2a Allegro (fa majeur)
[voir HWV 327(2)]



2b Allegro (fa majeur)
[organo ad libitum - voir HWV 327(2)]



3 Larghetto (ré mineur)
[voir HWV 327(3)]



4 Allegro (fa majeur)
[voir HWV 401(4)]",,"Deuxième série # 1
concerto # 13"
HWV 296a,,,,Concerto,A major,"1 Largo e staccato (la majeur)
[voir HWV 329(1)]



2 Andante (la majeur)
[voir HWV 329(4)]



3 Grave (fa dièse mineur)
[organo ad libitum - HWV 329(3)]



4 Allegro (la majeur)
[voir HWV 329(5)]","Organ, Orchestra","Deuxième série # 2
concerto # 14"
HWV 296b,,,"""Pasticcio Konzert""",Concerto,A major,"1 Andante (la majeur)
[voir HWV 296a(2)]



2 Adagio (la majeur)
[organo ad libitum]



3 Grave (fa dièse mineur)
[voir HWV 296a(3)]



4 Andante allegro (la majeur)
[voir HWV 294(1)]



5 A tempo ordinario (la majeur)
[voir HWV 307(2)]","Organ, Orchestra",
HWV 297,,,,Concerto,D minor,"1 Ouverture. …/Allegro/Lentement (ré mineur)



2 Air. Lentement (ré mineur)



3 Allegro (ré mineur)



4 Allegro (ré mineur)



5 Allegro moderato (ré majeur)",Solo Organ,"Deuxième série # 3
after HWV 328"
HWV 298,,,,Concerto,G major,"1 A tempo giusto (sol majeur)



2 Allegro (sol majeur)



3 Adagio (mi mineur)



4 Allegro (sol majeur)



5 [Allegro] (sol majeur)",Solo Organ,"Deuxième série # 4
after HWV 319"
HWV 299,,,,Concerto,D major,"1 [Larghetto e staccato] (ré majeur)



2 Allegro (ré majeur)



3 Presto (ré majeur)



4 Largo (si mineur)



5 Allegro (ré majeur)



6 Menuet. Un poco larghetto (ré majeur)",Solo Organ,"Deuxième série # 5
after HWV 323"
HWV 300,,,,Concerto,G minor,"1 Largo e affettuoso (sol mineur)



2 A tempo giusto (sol mineur)



3 Musette. Larghetto (sol mineur)



4 Allegro (sol mineur)



5 Allegro (sol mineur)",Solo Organ,"Deuxième série # 6
after HWV 324"
HWV 301,,,,Concerto,B-flat major,"1 Adagio (si bémol majeur)



2 Allegro (si bémol majeur)



3 Siciliano. Largo (si bémol majeur)



4 Vivace (si bémol majeur)","Oboe, Orchestra",concerto # 1
HWV 302a,,,,Concerto,B-flat major,"1 Vivace (si bémol majeur)
[voir HWV 253(1)]



2 Fuga. Allegro (si bémol majeur)
[voir HWV 253(1), 389(4)]



3 Andante (si bémol majeur)
[voir HWV 250a,b(1), 288(1), 396(1), 580]



4 Allegro (si bémol majeur)
[voir HWV 250a(1), 396(2)]","Oboe, Orchestra",concerto # 2
HWV 302b,,,Suite de pièces (Konzersatz),Suite,F major,1 Largo (fa majeur),"Oboe, cor, Strings, Basso Continuo",
HWV 303,,,Concert (Adagio),Concerto,D minor,1 Adagio (ré mineur) [voir HWV 309(1)],"2 Organs, Orchestra",
HWV 304,,,,Concerto,D minor,"1 Andante/Adagio (ré mineur)



2 Allegro (ré mineur)","Organ, Orchestra",concerto # 15
HWV 305a,,,,Concerto,F major,"1 Concerto. … (fa majeur)



2 Allegro (fa majeur)



3 Andante (fa majeur)



4 Marche. Allegro (fa majeur)
[voir HWV 63(32)]","Organ, Orchestra",concerto # 16
HWV 305b,,,,Concerto,F major,"1 Ouverture. … (fa majeur)
[voir HWV 334]



2 Allegro (fa majeur)



3 Andante (fa majeur)
[organo ad libitum]



4 Marche. Allegro (fa majeur)
[voir HWV 63(32)]",Solo Organ,
HWV 306,op. 7/1,,,Concerto,B-flat major,"1 Andante/Adagio (si bémol majeur)



2 Largo e piano (ré mineur)



3 Fuga. Allegro (si bémol majeur)
[voir HWV 329(2)]



4 Adagio (sol mineur)
[organo ad libitum]



5 Bourrée. Allegro (si bémol majeur)","Organ, Orchestra","Troisième série # 1
concerto # 7"
HWV 307,op. 7/2,,,Concerto,A major,"1 Ouverture. … (la majeur)



2 A tempo ordinario (la majeur)



3 Allegro (la majeur)
[voir HWV 57(Ouverture,3)]","Organ, Orchestra","Troisième série # 2
concerto # 8"
HWV 308,op. 7/3,,,Concerto,B-flat major,"1a … (si bémol majeur)



1b Andante (Allegro) (si bémol majeur)



2 Adagio e fuga (si bémol majeur)
[ad libitum]



3 Spiritoso/Adagio (si bémol majeur)



4a Menuet (si bémol majeur)



4b Menuet (si bémol majeur)","Organ, Orchestra","Troisième série # 3
concerto # 9"
HWV 309,op. 7/4,,,Concerto,D minor,"1 Adagio (ré mineur)
[voir HWV 303]



2 Allegro cosi cosi (ré majeur)



3 Allegro (ré mineur)
[voir HWV 8a(Ouverture), 317(2), 428(6), 495]","Organ, Orchestra","Troisième série # 4
concerto # 10"
HWV 310,op. 7/5,,,Concerto,G minor,"1 Staccato ma non troppo allegro (sol mineur)



2 Adagio (si bémol majeur)
[organo ad libitum]



3 Andante larghetto e staccato (si bémol majeur)



4 Adagio (sol mineur)



5 Menuet (sol mineur)



6 [Gavotte] (en sol mineur)
[voir HWV 6(17), 150(2), 291(4), 360(4), 379(5)]","Organ, Orchestra","Troisième série # 5
concerto # 11"
HWV 311,op. 7/6,,,Concerto,B-flat major,"1 Pomposo (si bémol majeur)
[voir HWV 347(1)]



2 Air. A tempo ordinario (si bémol majeur)
[voir HWV 347(3), 469]","Organ, Orchestra","Troisième série # 6
concerto # 12"
HWV 312,op. 3/1,,Concerto grosso,Concerto,B-flat major,"1 Allegro (si bémol majeur)



2 Largo (sol mineur)



3 Allegro (sol mineur)",Orchestra,concerto # 1
HWV 313,op. 3/2,,Concerto grosso,Concerto,B-flat major,"1 Vivace (si bémol majeur)



2 Largo (sol mineur)



3 Allegro (si bémol majeur)
[voir HWV 48(Sinfonia), 607]



4 [Menuet] (en si bémol majeur)
[voir HWV 523, 557]



5 [Gavotte] (en si bémol majeur)",Orchestra,concerto # 2
HWV 314,op. 3/3,,Concerto grosso,Concerto,G major,"1 Largo e staccato/Allegro (sol majeur)
[voir HWV 48 (Sinfonia), 252(1), 291(1)]



2 Adagio (mi mineur)
[voir HWV 281(5)]



3 Allegro (sol majeur)
[voir HWV 606]",Orchestra,concerto # 3
HWV 315,op. 3/4,,Concerto grosso,Concerto,F major,"1 Andante/Allegro/Lentement (fa majeur)



2 Andante (fa majeur)
[voir HWV 487(2)]



3 Allegro (ré mineur)



4 Minuetto alternativo (fa majeur)
[voir HWV 363(5), 516, 517]",Orchestra,
HWV 316,op. 3/5,,Concerto grosso,Concerto,D minor,"1 … (ré mineur)
[voir HWV 247(1)]



2 Allegro (ré mineur)
[voir HWV 247(1), 431(3)]



3 Adagio (ré mineur)



4 Allegro ma non troppo (ré mineur)
[voir HWV 251b(1), 398(2a)]",Orchestra,concerto # 5
HWV 317,op. 3/6,,Concerto grosso,Concerto,D/d,"1 Vivace (ré majeur)



2 Allegro (ré mineur)",Orchestra,concerto # 6
HWV 318,,,Concerto grosso,Concerto,C major,"1 Allegro (do majeur)



2 Largo (la mineur)



3 Allegro (do majeur)



4 Andante, non presto (do majeur)
[avec 2 solos - voir HWV 578(3)]",Orchestra,Concerto dans HWV 75 (Alexander's Feast)
HWV 319,op. 6/1,,Concerto grosso,Concerto,G major,"1 A tempo giusto (sol majeur)



2 Allegro e forte (sol majeur)



3 Adagio (mi mineur)



4 Allegro (sol majeur)



5 Allegro (sol majeur)",Orchestra,concerto # 1
HWV 320,op. 6/2,,Concerto grosso,Concerto,F major,"1 Andante larghetto (fa majeur)



2 Allegro (ré mineur)



3 Largo/Adagio/Larghetto andante e piano (fa majeur)



4 Allegro ma non troppo (fa majeur)



5a Larghetto (do mineur)
[mouvement supplémentaire - voir HWV 321(2)]



5b Allegro ma non troppo e staccato per tutto (fa majeur)
[mouvement supplémentaire]",Orchestra,concerto # 2
HWV 321,op. 6/3,,Concerto grosso,Concerto,E minor,"1 Larghetto (mi mineur)



2 Andante (mi mineur)
[voir HWV 320(A3)]



3 Allegro (mi mineur)



4 Polonaise. Andante (mi mineur)



5 Allegro ma non troppo (mi mineur)



6 … (ré mineur)
[mouvement supplémentaire]",Orchestra,concerto # 3
HWV 322,op. 6/4,,Concerto grosso,Concerto,A major,"1 Larghetto affettuoso (la mineur)



2 Allegro (la mineur)



3 Largo e piano (la mineur)



4 Allegro (la mineur)",Orchestra,concerto # 4
HWV 323,op. 6/5,,Concerto grosso,Concerto,D major,"1 Ouverture. Larghetto e staccato (ré majeur)
[voir HWV 76(Ouverture)]



2 Allegro (ré mineur)
[voir HWV 76(Ouverture,2)]



3 Presto (ré majeur)



4 Largo (si mineur)



5 Allegro (ré majeur)



6 Menuet. Un poco larghetto (ré majeur)
[voir HWV 76(Ouverture,3)]",Orchestra,concerto # 5
HWV 324,op. 6/6,,Concerto grosso,Concerto,G minor,"1 Largo e affettuoso (sol mineur)



2 A tempo giusto (sol mineur)



3 Musette. Larghetto (do mineur)



4 Allegro (sol mineur)



5 Allegro (sol mineur)



6 Gavotte. … (sol mineur)
[mouvement supplémentaire]",Orchestra,concerto # 6
HWV 325,op. 6/7,,Concerto grosso,Concerto,B-flat major,"1 Largo (si bémol majeur)



2 Allegro (si bémol majeur)



3 Largo e piano (sol mineur)



4 Andante (si bémol majeur)



5 Hornpipe. (si bémol majeur)",Orchestra,concerto # 7
HWV 326,op. 6/8,,Concerto grosso,Concerto,C minor,"1 Allemande. … (do mineur)
[voir HWV 452(1)]



2 Grave (do mineur)



3 Andante allegro (do mineur)



4 Adagio (mi bémol majeur)



5 Siciliana. Andante (do mineur)



6 Allegro (do mineur)",Orchestra,concerto # 8
HWV 327,op. 6/9,,Concerto grosso,Concerto,F major,"1 Largo (fa majeur)



2 Allegro (fa majeur)
[voir HWV 295(2)]



3 Larghetto (si bémol majeur)
[voir HWV 295(3)]



4 Allegro (fa majeur)
[voir HWV 41(Ouverture)]



5 Menuet. (do mineur)
[voir HWV 41(Menuet)]",Orchestra,concerto # 9
HWV 328,op. 6/10,,Concerto grosso,Concerto,D minor,"1 Ouverture. …/Allegro/Lentement (ré mineur)



2 Air. Lentement (ré mineur)



3 Allegro (ré mineur)



4 Allegro (ré mineur)



5 Allegro moderato (ré majeur)



6 Allegro moderato (ré mineur)
[mouvement supplémentaire]",Orchestra,concerto # 10
HWV 329,op. 6/11,,Concerto grosso,Concerto,A major,"1 Andante larghetto e staccato (la majeur)
[voir HWV 296a(1)]



2 Allegro (la majeur)
[voir HWV 306(3)]



3 Largo e staccato (fa dièse mineur)
[voir HWV 296a(3)]



4 Andante (la majeur)
[voir HWV 296a(2)]



5 Allegro (la majeur)
[voir HWV 296a(4)]",Orchestra,concerto # 11
HWV 330,op. 6/12,,Concerto grosso,Concerto,B minor,"1 Largo (si mineur)



2 Allegro (si mineur)



3 Aria. Larghetto e piano/Variation (mi majeur)



4 Largo (si mineur)



5 Allegro (si mineur)



6 Allegro moderato (si majeur)
[mouvement supplémentaire]",Orchestra,concerto # 12
HWV 331,,,,Concerto,,"1 … (fa majeur)



2 Alla Hornpipe. … (fa majeur)","Oboe, Flute, cor, Strings, bass continue",
HWV 332,,,Concerto (a due cori),Concerto,B-flat major,"1 Ouverture. … (si bémol majeur)



2 Allegro ma non troppo (si bémol majeur)



3 Allegro (si bémol majeur)



4 Largo (sol mineur)



5 A tempo ordinario (si bémol majeur)



6 Alle breve moderato (si bémol majeur)



7 Menuet. [Allegro] (si bémol majeur)",2 Brass and String Ensembles,[Concerto fait à partir de choeurs]
HWV 333,,,Concerto (a due cori),Concerto,F major,"1 Pomposo (fa majeur)



2 Allegro (fa majeur)



3 A tempo giusto (fa majeur)



4 Largo (ré mineur)



5 Allegro ma non troppo (fa majeur)



6 A tempo ordinario (fa majeur)",2 Brass and String Ensembles,
HWV 334,,,Concerto (a due cori),Concerto,F major,"1 Ouverture. … (fa majeur)
[voir HWV 424(1)]



2 Allegro (fa majeur)



3 Allegro ma non troppo (fa majeur)



4 Adagio (ré mineur)



5 Andante larghetto (fa majeur)



6 Allegro (fa majeur)",2 Brass and String Ensembles,[Concerto dans l'oratorio Judas Maccabeus (HWV63)]
HWV 335a,,,,Concerto,D major,"1 Largo (ré majeur)



2 Allegro (ré majeur)



3 Allegro ma non troppo (ré majeur)","Trumpet, Horn, Orchestra, Organ",
HWV 335b,,,Concerto (a due cori),Concerto,,"1 Largo (fa majeur)



2 Allegro (fa majeur)",,questionable key
HWV 336,,,,Overture,B-flat major,"1. Largo (si bémol majeur)
[voir HWV 455]
2. (Allegro) (si bémol majeur)
[voir HWV 46, 47(Sonata)]",Orchestra,
HWV 337,,,,Overture,D major,"1. … (ré majeur)
[voir HWV 17(Ouverture)]",Orchestra,
HWV 338,,,Adagio - Allegro,,"b, D","1. Adagio (si mineur)
[voir HWV 390(3)]
2. Allegro (ré majeur)
[voir HWV 15 (Ouverture)]",Orchestra,
HWV 339,,,,Sinfonia,B major,"1. … (si bémol majeur)
[voir HWV 434(2)]
2. Adagio (sol mineur)
3. … (si bémol majeur)","2 Violins, Basso Continuo",
HWV 340,,,Allegro,,G major,1. Allegro (sol majeur),"2 Violins, Basso Continuo",
HWV 341,,,"Ouverture ""Handel's Water Piece""",Overture,D major,"1. Ouverture. … (ré majeur)
2. Allegro (ré majeur)
3. Air. … (ré majeur)
4. … (ré majeur)
5. Marche. … (ré majeur)
[voir HWV 27(17)]",Orchestra,
HWV 342,,,,Overture,F major,1. Un poco allegro/Allegro (fa majeur),Orchestra,
HWV 343,,,"Ritornelle, Chaconne",,G major,"1. Ritornello. (en sol majeur)
2. Chaconne. (en sol majeur)",Orchestra,[pour HWV 435]
HWV 344,,,"Choeur, Menuet",,D major,"1. Chœur. (en ré majeur)
[voir HWV 3, 502]
2. Menuet. (en ré majeur)","Strings, Basso Continuo",de HWV 3
HWV 345,,,,March,D major,"1. Marche. (en ré majeur)
[voir HWV 397(5)]",Orchestra,
HWV 346,,,"Marche ""March in Ptolomy""",March,F major,"1. Andante (fa majeur)
[voie HWV 419(1)]",Orchestra,
HWV 347,,,,Sinfonia,B-flat major,"1. Pomposo (si bémol majeur)
[voir HWV 311(1)]
2. Air. Lentement (si bémol majeur)
[voir HWV 64(Introduzione)]
3. Air. A tempo ordinario (si bémol majeur)
[voir HWV 311(3), 469]",Orchestra,
HWV 348,,,"Suite ""Water Music""",Suite,F major,"1. Ouverture. (fa majeur)
2. Adagio e staccato (ré mineur)
3. Allegro (fa majeur)
4. Andante (ré mineur)
5. Presto (fa majeur)
6. Air. Presto (fa majeur)
7. Menuet. (fa majeur)
[3 fois]
8. Bourrée. Presto (fa majeur)
[3 fois]
9. Hornpipe. (fa majeur)
[3 fois]",Orchestra,suite # 1
HWV 349,,,"Suite ""Water Music""",Suite,D major,"1. Allegro (ré majeur)
2. Alla Hornpipe. (ré majeur)
3. Menuet. (ré majeur)
4. Lentement. (ré majeur)
5. Bourrée. (ré majeur)
[3 fois]",Orchestra,suite # 2
HWV 350,,,"Suite ""Water Music""",Suite,G major,"1. … (sol majeur)
2. Rigaudon. Presto (sol majeur)
3. … (sol mineur)
4. Menuet. (sol mineur)
5. … (sol mineur)
6. … (sol mineur)
7. … (sol majeur)",Orchestra,suite # 3
HWV 351,,,Music for the Royal Fireworks pour orchestre,,,"1. Ouverture. Adagio/Allegro/Lentement (ré majeur)
2. Bourrée. (ré mineur)
[2 fois]
3. La paix. Largo alla Siciliana (ré majeur)
4. La réjouissance. Allegro (ré majeur)
5. Menuet I. (ré mineur)
6. Menuet II. (ré majeur)",Orchestra,
HWV 352,,,,Suite,B-flat major,"1. Chœur: (Amor, Amor, deine Tukke)
(si bémol majeur)
2. Bourrée: (Dispensa il Dio d'amor)
(si bémol majeur)
3. Allemande. (sol mineur)
4. Rigaudon à deux Oboe (ré mineur)
[voir HWV 1(50)]",Orchestra,de HWV 4: Die verwandelte Daphne
HWV 353,,,,Suite,G major,"1. Allemande. (sol majeur)
2. Bourrée à deux Oboe (sol mineur)
3. [Menuet] (sol mineur)
4. Allemande. (sol majeur)",Orchestra,de HWV 4: Die verwandelte Daphne
HWV 354,,,,Suite,B-flat major,"1. Menuet. (si bémol majeur)
[voir HWV 455(4)]
2. Chœur: (Ihr muthigen Horner)
(si bémol majeur)
3. Sarabande. (fa majeur)
[voir HWV 455(2)]
4. Gavotte. (sol mineur)
[voir HWV 455(3)]","Strings, Basso Continuo",de HWV 3: Der begluckte Florindo
HWV 355,,,,Aria,C minor,1. Hornpipe. (do mineur),"Strings, Basso Continuo",
HWV 356,,,Hornpipe,,D major,1. Hornpipe. (ré majeur),"Strings, Basso Continuo",composé pour le Concert à Vauxhaul en 1740
HWV 357,,,,Sonata,B-flat major,"1. Allegro (si bémol majeur)
2. Grave (sol mineur)
3. Allegro (si bémol majeur)","Oboe, Basso Continuo",
HWV 358,,,,Sonata,G major,"1. [Allegro] (sol majeur)
2. [Adagio] (mi mineur)
3. [Allegro] (sol majeur)","Violin, Basso Continuo",
HWV 359b,op. 1/1b,,,Sonata,E minor,"1. Grave (mi mineur)
[voir HWV 379(1)]
2. Allegro (mi mineur)
3. Adagio (mi mineur)
4. Allegro (mi mineur)","Flute, Basso Continuo",
HWV 359a,,,,Sonata,D minor,"1. Grave (ré mineur)
[voir HWV 379(1)]
2. Allegro (ré mineur)
3. Adagio (fa majeur)
4. Allegro (ré mineur)","Violin, Basso Continuo",
HWV 360,op. 1/2,,,Sonata,G minor,"1. Larghetto (sol mineur)
2. Andante (sol mineur)
[voir HWV 375(3)]
3. Adagio (mi bémol majeur)
4. Presto (sol mineur)","Flute, Basso Continuo",
HWV 361,op. 1/3,,,Sonata,A major,"1. Larghetto (Andante) (la majeur)
2. Allegro (la majeur)
3. Adagio (fa dièse mineur)
4. Allegro (la majeur)
[voir HWV 377(3)]","Violin, Basso Continuo",
HWV 362,op. 1/4,,,Sonata,A major,"1. Larghetto (la mineur)
2. Allegro (la mineur)
3. Adagio (fa majeur)
4. Allegro (la mineur)","Flute, Basso Continuo",
HWV 363b,op. 1/5,,,Sonata,G major,"1. Adagio (sol majeur)
2. Allegro (sol majeur)
3. [Adagio] (mi mineur)
4. Bourrée (sol majeur)
5. Menuet (sol majeur)
[voir HWV 315(4), 516]","Flute, Basso Continuo",
HWV 363a,,,,Sonata,F major,"1. Adagio (fa majeur)
2. Allegro (fa majeur)
3. Adagio (ré mineur)
4. Bourrée anglaise (fa majeur)
5. Menuet (fa majeur)
[voir HWV 315(4), 516]","Oboe, Basso Continuo",
HWV 364a,op. 1/6,,,Sonata,G minor,"1. Andante larghetto (sol mineur)
2. Allegro (sol mineur)
3. Adagio (mi bémol majeur)
4. Allegro (sol mineur)
[voir HWV 24(Ouverture, Gigue)","Violin/Oboe, Basso Continuo",
HWV 364b,,,,Sonata,G minor,1. Andante larghetto (sol mineur),"Viola da Gamba, Basso Continuo",
HWV 365,op. 1/7,,,Sonata,C major,"1. [Larghetto] (do majeur)
2. Allegro (do majeur)
3. Larghetto (la mineur)
4. A tempo di Gavotta (do majeur)
5. Allegro (do majeur)","Flute, Basso Continuo",
HWV 366,op. 1/8,,,Sonata,C minor,"1. Largo (do mineur)
[voir HWV 375(1)]
2. Allegro (do mineur)
[voir HWV 375(2)]
3. Adagio (mi bémol majeur)
4. Bourrée anglaise. Allegro (do mineur)","Oboe, Basso Continuo",
HWV 367b,op. 1/9,,,Sonata,B minor,"1. Largo (si mineur)
2. Vivace (si mineur)
3. Presto (sol majeur)
4. Adagio (mi majeur)
5. Alla breve (si mineur)
6. Andante (si mineur)
7. A tempo di Minuet (si mineur)","Flute, Basso Continuo",
HWV 367a,,,sonate Fitzwilliam # 3,Sonata,D minor,"1. Largo (ré mineur)
2. Vivace (ré mineur)
3. Furioso (si bémol majeur)
4. Adagio (sol mineur)
5. Alla breve (ré mineur)
6. [Andante] (ré mineur)
7. A tempo di menuet (ré mineur)","Flute, Basso Continuo",
HWV 368,op. 1/10,,,Sonata,G minor,"1. Andante (sol mineur)
2. Allegro (sol mineur)
3. Adagio (sol mineur)
4. [Gigue] (sol mineur)","Violin, Basso Continuo",
HWV 369,op. 1/11,,,Sonata,F major,"1. Grave (Larghetto) (fa majeur)
[voir HWV 293(1)]
2. Allegro (fa majeur)
[voir HWV 293(2)]
3. Alla Siciliana (ré mineur)
[voir HWV 293(3)]
4. Allegro (fa majeur)
[voir HWV 293(4), 378(4), 405(3)]","Flute, Basso Continuo",
HWV 370,op. 1/12,,,Sonata,F major,"1. Adagio (fa majeur)
2. Allegro (fa majeur)
3. Largo (ré mineur)
4. Allegro (fa majeur)","Violin, Basso Continuo",
HWV 371,op. 1/13,,,Sonata,D major,"1. Affettuoso (ré majeur)
[voir HWV 378(1), 379(3)]
2. Allegro (ré majeur)
[voir HWV 67(15)]
3. Larghetto (si mineur)
4. Allegro (ré majeur)
[voir HWV 70(36), 99(3)]","Violin, Basso Continuo",
HWV 372,op. 1/14,,,Sonata,A major,"1. Adagio (la majeur)
2. Allegro (la majeur)
3. Largo (fa dièse mineur)
4. Allegro (la majeur)","Violin, Basso Continuo",
HWV 373,op. 1/15,,,Sonata,E major,"1. Adagio (mi majeur)
2. Allegro (mi majeur)
3. Largo (do dièse mineur)
4. Allegro (mi majeur)","Violin, Basso Continuo",
HWV 374,,,sonate de Halle # 1,Sonata,A major,"1. Adagio (la mineur)
2. Allegro (la mineur)
3. Adagio (la mineur)
4. Allegro (la mineur)","Flute, Basso Continuo",
HWV 375,,,sonate de Halle # 2,Sonata,E minor,"1. Adagio (mi mineur)
[voir HWV 366(1)]
2. Allegro (mi mineur)
[voir HWV 366(2)]
3. Grave (mi mineur)
[voir HWV 360(2), 379(2)]
4. Minuet (mi mineur)
[voir HWV 434(4)]","Flute, Basso Continuo",
HWV 376,,,sonate de Halle # 3,Sonata,B minor,"1. Adagio (si mineur)
2. Allegro (mi mineur)
3. Largo (ré majeur)
4. Allegro (si mineur)","Flute, Basso Continuo",
HWV 377,,,sonate Fitzwilliam # 1,Sonata,B-flat major,"1. [Allegro] (si bémol majeur)
[voir HWV 20(Ouverture,3), 594]
2. Adagio (sol mineur)
[voir HWV 292(3)]
3. Allegro (si bémol majeur)
[voir HWV 361(4)]","Flute, Basso Continuo",
HWV 378,,,sonate Fitzwilliam # 2,Sonata,D major,"1. Adagio (ré majeur)
[voir HWV 371(1), 379(3)]
2. Allegro (ré majeur)
[voir HWV 405(1)]
3. Adagio (fa dièse mineur)
4. Allegro (ré majeur)
[voir HWV 293(4), 369(4), 405(3)]","Flute, Basso Continuo",
HWV 379,op. 1/1a,,,Sonata,E minor,"1. Larghetto (mi mineur)
[voir HWV 359a,b(1)]
2. Andante (mi mineur)
[voir HWV 375(3)]
3. Largo (sol majeur)
[voir HWV 371(1), 378(1)]
4. Allegro (mi mineur)
5. Presto (mi mineur)
[voir HWV 291(4), 310(4), 360(4)]","Flute, Basso Continuo",
HWV 380,,,,Sonata,B-flat major,"1. Adagio (si bémol majeur)
2. Allegro (si bémol majeur)
3. Largo (sol mineur)
4. Allegro (si bémol majeur)","[Oboe, Violin]/[2 Oboes], Basso Continuo",sonate # 1
HWV 381,,,,Sonata,D minor,"1. Adagio (ré mineur)
2. Allegro (ré mineur)
3. Affettuoso (fa majeur)
4. Allegro (ré mineur)","[Oboe, Violin]/[2 Oboes], Basso Continuo",sonate # 2
HWV 382,,,,Sonata,E-flat major,"1. Adagio (mi bémol majeur)
2. Alla breve (mi bémol majeur)
3. Andante (do mineur)
4. Allegro (mi bémol majeur)","[Oboe, Violin]/[2 Oboes], Basso Continuo",sonate # 3
HWV 383,,,,Sonata,F major,"1. Adagio (fa majeur)
2. Allegro (fa majeur)
3. Largo (ré mineur)
4. Allegro (fa majeur)","[Oboe, Violin]/[2 Oboes], Basso Continuo",sonate # 4
HWV 384,,,,Sonata,G major,"1. Adagio (sol majeur)
2. Allegro (sol majeur)
3. Grave (mi mineur)
4. Allegro (sol majeur)","[Oboe, Violin]/[2 Oboes], Basso Continuo",sonate # 5
HWV 385,,,,Sonata,D major,"1. Adagio (ré majeur)
2. Allegro (ré majeur)
3. Affettuoso (si mineur)
4. Vivace (ré majeur)","[Oboe, Violin]/[2 Oboes], Basso Continuo",sonate # 6
HWV 386a,op. 2/1a,,,Sonata,C minor,"1. Andante (do mineur)
2. Allegro (do mineur)
3. Andante (mi bémol majeur)
[voir HWV 6(29), 13(6), 46a(13)]
4. Allegro (do mineur)
[voir HWV 351b,c(6)]","Flute (Oboe), Violin, Basso Continuo",sonate # 1a
HWV 386b,op. 2/1b,,,Sonata,B minor,"1. Andante (si mineur)
2. Allegro ma non troppo (si mineur)
3. Largo (ré majeur)
4. Allegro (si mineur)","Flute (Violin), Violin, Basso Continuo",sonate # 1b
HWV 387,op. 2/2,,,Sonata,G minor,"1. Andante (sol mineur)
2. Allegro (sol mineur)
3. Largo (sol mineur)
4. Allegro (sol mineur)
[voir HWV 408]","2 Violins, Basso Continuo",sonate # 2
HWV 388,op. 2/4,,,Sonata,B-flat major,"1. Andante (si bémol majeur)
2. Allegro (si bémol majeur)
[voir HWV 50,a,b(Ouverture,3]
3. Larghetto (sol mineur)
[voir HWV 50a,b(Ouverture,2]
4. Allegro (si bémol majeur)
[voir HWV 290(2)]","2 Violins/2 Oboes/Flute, Violin, Basso Continuo",sonate # 3
HWV 389,op. 2/5,,,Sonata,F major,"1. Larghetto (fa majeur)
[voir HWV 249b(Symphony)]
2. Allegro (fa majeur)
3. Adagio (ré mineur)
4. Allero (fa majeur)
[voir HWV 253(1), 302a(2)]
5. Allegro (fa majeur)
[voir HWV 73(Ouverture, Gigue]","Flute (Flute, Oboe, Violin)/Violin (Flute), Basso Continuo",sonate # 4
HWV 390a,op. 2/6,,,Sonata,G minor,"1. Larghetto (sol mineur)
[voir HWV 7a(27), 291(1)]
2. Allegro (sol mineur)
3. Adagio (si bémol majeur)
4. Allegro (sol mineur)
[voir HWV 287(4), 291(2), 576(2)]","Violin, Viola, Basso Continuo",sonate # 5
HWV 390b,op. 2/7,,,Sonata,G minor,"1. Adagio (sol mineur)
2. Allegro (sol mineur)
3. Largo (si bémol majeur)
4. Allegro (sol mineur)","2 Violins, Cello, Harpsichord/Organ",sonate # 5
HWV 391,op. 2/8,,,Sonata,G minor,"1. Andante (sol mineur)
2. Allegro (sol mineur)
3. Arioso (si bémol majeur)
4. Allegro (sol mineur)","Violin, Viola, Basso Continuo",sonate # 6
HWV 392,op. 2/3,,,Sonata,F major,"1. Andante (fa majeur)
[voir HWV 352(2)]
2. Allegro (fa majeur)
[voir HWV 401(2)]
3. Adagio (ré mineur)
[voir HWV 401(3)]
4. Allegro (fa majeur)","Violin, Viola, Basso Continuo",
HWV 393,op. 2/9,,,Sonata,G minor,"1. Andante (sol mineur)
2. Allegro (sol mineur)
3. Largo (si bémol majeur)
4. Allegro (sol mineur)","Violin, Viola, Basso Continuo",
HWV 394,op. 2/10,,,Sonata,E major,"1. Adagio (mi majeur)
2. Allegro (mi majeur)
3. Adagio (do dièse mineur)
4. Allegro (mi majeur)","Violin, Viola, Basso Continuo",
HWV 395,,,,Sonata,E minor,"1. Largo (mi mineur)
2. Allegro (mi mineur)
3. Largo (sol majeur)
4. Allegro (mi mineur)","2 Flutes, Basso Continuo",
HWV 396,op. 5/1,,,Sonata,A major,"1. Andante (la majeur)
[voir HWV 250a,b(1), 288(1), 302a(3), 580]
2. Allegro (la majeur)
[voir HWV 250a(1), 302a(4)]
3. Larghetto (fa dièse mineur)
4. Allegro (la majeur)
5. Gavotte. Allegro (la majeur)
[voir HWV 32(32), 33(53)]","2 Violins, Basso Continuo",sonate # 1
HWV 397,op. 5/2,,,Sonata,D major,"1. Adagio (ré majeur)
[voir HWV 246(1), 280(1)]
2. Allegro (ré majeur)
[voir HWV 246(1), 278(1)]
3. Musette. Andante (ré majeur)
[voir HWV 33(18)]
4. Allegro (ré mineur)
[voir HWV 33(19)]
5. Marche (ré majeur)
[voir HWV 345]
6. Gavotte. Allegro (ré majeur)","2 Violins, Basso Continuo",sonate # 2
HWV 398,op. 5/3,,,Sonata,E minor,"1. Andante larghetto (mi mineur)
[voir HWV 251b,c(1), 266(1)]
2a. Allegro (mi mineur)
[voir HWV 251b(1), 316(4)]
2b. Allegro (mi mineur)
3. Sarabande. Largo assai (mi mineur)
[voir HWV 8b(7)]
4. Allemande. Andante allegro (mi mineur)
[voir HWV 29(23), 436(1), 479]
5. Rondeau (mi mineur)
[voir HWV 33(38)]
6. Gavotte. Allegro (mi mineur)
[voir HWV 8c(2)]","2 Violins, Basso Continuo",sonate # 3
HWV 399,op. 5/4,,,Sonata,G major,"1. Allegro (sol majeur)
[voir HWV 52(Sinfonia)]
2. A tempo ordinario/Allegro non presto (sol majeur)
[voir HWV 52, 73, 342]
3. Passacaille (sol majeur/sol mineur/sol majeur)
[voir HWV 8b(5), 12a(Passacaille)]
4. Gigue. Presto (sol majeur)
[voir HWV 8b(8)]
5. Menuet. Allegro moderato (sol majeur)
[voir HWV 34(5)]","2 Violins (Viola da Gamba ad libitum), Basso Continuo",sonate # 4
HWV 400,op. 5/5,,,Sonata,G minor,"1. Largo (sol mineur)
[voir HWV 18(1)]
2. [Come alla breve] (sol mineur)
[voir HWV 610]
3. Larghetto (mi bémol majeur)
[voir HWV 8b(2), 73(5), 52(28)]
4. A tempo giusto (sol mineur)
[voir HWV 429(1)]
5. Andante allegro (sol mineur)
[voir HWV 8b(9), 452(3)]
6. Bourrée (sol mineur)","2 Violins, Basso Continuo",sonate # 5
HWV 401,op. 5/6,,,Sonata,F major,"1. Largo (fa majeur)
[voir HWV 295(1)]
2. Allegro (fa majeur)/Adagio (fa mineur)
[voir HWV 392(2)]
3. Adagio (ré mineur)
[voir HWV 392(3)]
4. Allegro (fa majeur)
[voir HWV 295(4)]
5a. [Menuet]. Andante (fa majeur), Variation (fa majeur)
[voir HWV 289(4)]
5b. Menuet. Allegro moderato (fa majeur)","2 Violins, Basso Continuo",sonate # 6
HWV 402,op. 5/7,,,Sonata,B-flat major,"1. Larghetto (si bémol majeur)
[voir HWV 256a(1)]
2. Allegro ma non presto (si bémol majeur)
[voir HWV 256a(1)]
3. Adagio (sol mineur)
[voir HWV 256a(1)]
4. Allegro (si bémol majeur)
[voir HWV 242(1), 249b(1)]
5. Gavotte. Allegro (si bémol majeur)
[voir HWV A11(11)]
6. Menuet. Andante allegro (si bémol majeur)
[voir HWV 8b(12)]","2 Violins, Basso Continuo",sonate # 7
HWV 403,,,,Sonata,C major,"1. Allegro (do majeur)
[voir HWV 53(Symfonia)]
2. Andante larghetto (la mineur)
3. Allegro (do majeur)
4. Allegro (do majeur)
[voir HWV 53(58a)","2 Violins, Basso Continuo",
HWV 404,,,,Sonata,G minor,"1. Andante (sol mineur)
[voir HWV 34(39), 122(10)]
2. Allegro (sol mineur)
3. Adagio (mi bémol majeur)
4. Allegro (sol mineur)
[voir HWV 433(2)]","Oboe/Violin, Violin, Basso Continuo",
HWV 405,,,,Sonata,F major,"1. [Allegro] (fa majeur)
2. Grave (ré mineur)
3. Allegro (fa majeur)
[voir HWV 293(4), 369(4), 378(4)]","2 Flutes, Basso Continuo",
HWV 406,,,Adagio-Allegro,,A major,"1. Adagio (la majeur)
2. Allegro (la majeur)","Violin, un autre instrument",
HWV 407,,,Allegro,,G major,1. Allegro (sol majeur),Solo Violin,
HWV 408,,,Allegro,,C minor,1. Allegro (do mineur),"Violin, Basso Continuo",[voir HWV 387(4)]
HWV 409,,,"Andante, en ré mineur, pour Flute, Basso Continuo",,D minor,1. [Andante] (ré mineur),"Flute, Basso Continuo",
HWV 410,,,,Aria,F major,,"2 Oboes, 2 Horns, Flute",
HWV 411,,,,Aria,F major,,"2 Oboes/Violins, 2 Horns, Flute",
HWV 412,,,Andante,,A major,1. Andante (la mineur),"Violin, Basso Continuo",
HWV 413,,,Gigue,,B-flat major,1. Gigue (si bémol majeur),"Violin, Viola, Basso Continuo",
HWV 414,,,,March,C major,1. Marche (do majeur),"Querpfiefe, Basso Continuo",[voir HWV 64(Introduzione)]
HWV 415,,,,March,D major,1. Marche (ré majeur),"Querpfiefe, Basso Continuo",[voir HWV 64(35)]
HWV 416,,,"Marche (Allegro) ""Dragoon's March""",March,D major,1. Allegro (ré majeur),"2 Oboes, Trumpet, Flute",
HWV 417,,,,March,D major,1. Marche (ré majeur),"2 Horns ou 2 Oboes, Flute",[voir HWV 65(1)]
HWV 418,,,,March,G major,,"2 Oboes ou 2 Violins, Flute",
HWV 419,,,6 Marches,March,,,"Flute/Oboe/Violin, Basso Continuo",
HWV 419/1,,,"March ""March in Ptolomy""",March,G major,1. Marche (sol majeur),"Flute/Oboe/Violin, Basso Continuo",[voir HWV 346]
HWV 419/2,,,"March ""Ld. Loudon's March""",March,G major,1. Marche (sol majeur),"Flute/Oboe/Violin, Basso Continuo",
HWV 419/3,,,"March ""Admiral Boscowin's March""",March,G major,1. Marche (sol majeur),"Flute/Oboe/Violin, Basso Continuo",
HWV 419/4,,,,March,F major,1. Marche (fa majeur),"Flute/Oboe/Violin, Basso Continuo",
HWV 419/5,,,,March,C major,1. Marche (do majeur),"Flute/Oboe/Violin, Basso Continuo",
HWV 419/6,,,"March ""Handel's March""",March,D major,1. Marche (do majeur),"Flute/Oboe/Violin, Basso Continuo",
HWV 420,,,,Menuet,D major,1. (ré majeur),"Violin, Basso Continuo",[voir HWV 59(Anhang)]
HWV 421,,,,Menuet,D major,,"Violin, Basso Continuo",
HWV 422,,,,Menuet,G major,1. (sol majeur),"2 Oboes, 2 Horns, Flute",[voir HWV 351(Menuet II)]
HWV 423,,,,Menuet,G major,,"2 Oboes, 2 Horns, Flute",
HWV 424,,,,Overture,D major,"1. Ouverture (ré majeur)
[voir HWV 334(1)]
2. Allegro ma non troppo (ré majeur)
3. Larghetto (ré majeur)
4. Andante allegro (ré majeur)
5. Allegro (ré majeur)","2 clarinettes, cor de chasse",
HWV 425,,,,Aria,E major,1. Sarabande. Larghetto (mi majeur),"Violin, Basso Continuo",
HWV 426,,,Suite de pièces,Suite,A major,"1. Prélude (la majeur)
2. Allemande (la majeur)
3. Courante (la majeur)
4. Gigue (la majeur)",,suite # 1
HWV 427,,,Suite de pièces,Suite,F major,"1. Adagio (fa majeur)
2. Allegro (fa majeur)
3. Adagio (ré mineur)
4. Allegro (fa majeur)
5. Allegro (fa majeur)
[voir HWV 442(1), 488]",,suite # 2
HWV 428,,,Suite de pièces,Suite,D minor,"1. Prélude. Presto (ré mineur)
[voir HWV 437(1), 561, 565]
2. Allegro (ré mineur)
3. Allemande (ré mineur)
4. Courante (ré mineur)
5. Air con Variazioni (5) (ré mineur)
[voir HWV 449(5)]
6. Presto (ré mineur)
[voir HWV 8a(Ouverture,6), 309(3), 317(2), 495]
7. Aria con Variazione # 2 Adagio (ré mineur)
[mouvements additionnels]",,suite # 3
HWV 429,,,Suite de pièces,Suite,E minor,"1. Allegro (mi mineur)
[voir HWV 400(4)]
2. Allemande (mi mineur)
3. Courante (mi mineur)
4. Sarabande (mi mineur)
5. Gigue (mi mineur)
6. [Allegro] (mi mineur)
[mouvement supplémentaire au # 1 - fragment]",,suite # 4
HWV 430,,,Suite de pièces,Suite,E major,"1. Prélude (mi majeur)
[voir HWV 566]
2. Allemande (mi majeur)
3. Courante (mi majeur)
4. Air con Variazioni (5) (mi majeur)
""The harmonious blacksmith""
5. Chaconne (sol majeur)
[mouvement supplémentaire - 2 versions]",,suite # 5
HWV 431,,,Suite de pièces,Suite,F-sharp minor,"1. Prélude (fa dièse mineur)
2. [Largo] (fa dièse mineur)
3. Allegro (fa dièse mineur)
[voir HWV 247(1), 316(2)]
4. Gigue. Presto (fa dièse mineur)
5. Presto (fa dièse mineur)
[mouvement supplémentaire du # 4]",,suite # 6
HWV 432,,,Suite de pièces,Suite,G minor,"1. Ouverture. … / Presto / Adagio / … (sol mineur)
[voir HWV 96(Ouverture), A11(Ouverture)]
2. Andante (sol mineur)
3. Allegro (sol mineur)
4. Sarabande (sol mineur)
[voir HWV 439(3)]
5. Gigue (sol mineur)
6. Passacaille (sol mineur)
[voir HWV 96(4), 306(1)]",Harpsichord,suite # 7
HWV 433,,,Suite de pièces,Suite,F minor,"1. Prélude. Adagio (fa mineur)
2. Allegro (fa mineur)
[voir HWV 404(4)]
3. Allemande (fa mineur)
4. Courante (fa mineur)
5. Gigue (fa mineur)
6. Lentement (fa mineur)
[mouvement supplémentaire (1a)]
7. Adagio (fa mineur)
[mouvement supplémentaire (1b)]",Harpsichord,suite # 8
HWV 434,,,Suite de pièces,Suite,B-flat major,"1. Prélude (si bémol majeur)
2. Sonata (si bémol majeur)
[voir HWV 339(1)]
3. Aria con Variazioni (5) (si bémol majeur)
4. Menuet (sol mineur)
[voir HWV 375(4)]
5. Sonata da cembalo (si bémol majeur)
[mouvement supplémentaire]
6. Allegro (si bémol majeur)
[mouvement supplémentaire]",Harpsichord,suite # 1
HWV 435,,,"Chaconne, en sol majeur, avec 21 variations",,,"1. Version I: Chaconne et Variations (21)
sol majeur; Variation 1-8: sol majeur; Var. 9-16: sol mineur; Var. 17-21: sol majeur)
2. Version II: Ritornello, Chaconne, Variations (6) et Ritornello
(sol majeur; sol majeur; Var. 6,7,81,8b,9,17a: sol majeur; sol majeur)
3. Version III: Chaconne et Variations (6)
(sol majeur; Var. 9,10,14,17,19,20: sol majeur)",Harpsichord,[3 versions]
HWV 436,,,Suite de pièces,Suite,D minor,"1. Allemande (ré mineur)
[voir HWV 29(23), 398(4), 479]
2. Allegro (ré mineur) / Air. Lentement (ré mineur)
3. Gigue. Presto (ré mineur)
4. Menuetto avec Variations (3) (ré mineur)
[voir HWV 507]",Harpsichord,suite # 3
HWV 437,,,Suite de pièces,Suite,D minor,"1. Prélude (ré mineur)
[voir HWV 428(1), =561]
2. Allemande (ré mineur)
3. Courante (ré mineur)
4. Sarabande avec Variations (2) (ré mineur)
5. Gigue (ré mineur)",Harpsichord,suite # 4
HWV 438,,,Suite de pièces,Suite,E minor,"1. Allemande (mi mineur)
2. Sarabade (mi mineur)
3a. Gigue (mi mineur)
3b. Gigue (mi mineur)",Harpsichord,suite # 5
HWV 439,,,Suite de pièces,Suite,G minor,"1. Allemande (sol mineur)
2. Courante (sol mineur)
3. Sarabande (sol mineur)
[voir HWV 432(4)]
4. Gigue (sol mineur)
[voir HWV 493]",Harpsichord,suite # 6
HWV 440,,,Suite de pièces,Suite,B-flat major,"1. Allemande (si bémol majeur)
[2 versions]
2. Courante (si bémol majeur)
3. Sarabande (si bémol majeur)
[3 versions]
4. Gigue (si bémol majeur)",Harpsichord,suite # 7
HWV 441,,,Suite de pièces,Suite,G major,"1. Allemande (sol majeur)
2. Allegro (sol majeur)
3. Courante (sol majeur)
4. Aria. Presto (sol majeur)
5. Menuetto (sol majeur)
6. Gavotta avec Variations (8) (sol majeur)
7. Gigue (sol majeur)",Harpsichord,suite # 8
HWV 442,,,"Prélude et Chaconne, en sol majeur, avec 62 variations",,,"1a. Prélude (sol majeur)
[voir HWV 7a(28), 579]
1b. Prélude. Allegro (sol majeur)
[voir HWV 488]",Harpsichord,
HWV 443,,,Suite avec Chaconne et 26 variations,Suite,C major,"1. Prélude et fugue (do majeur)
2. Allemande (do majeur)
3. Courante (do majeur)
4. Sarabande et Double (do majeur)
5. Gigue (do majeur)
[voir HWV 447(4)]
6. Chaconne et Variations (26) (do majeur)
[voir HWV 484]",Harpsichord,
HWV 444,,,"Partita, en do mineur, pour clavecin",Partita,,"1. Prélude (do mineur)
2. Allemande (do mineur)
[voir HWV 445(2)]
3. Courante (do mineur)
4. Gavotte (do mineur)
5. Menuet (do mineur)",Harpsichord,
HWV 445,,,,Suite,C minor,"1. Prélude (do mineur)
2. Allemande (do mineur)
[voir HWV 444(2)]
3. Courante (do mineur)
[voir HWV 446(3)]",Harpsichord,
HWV 446,,,,Suite,C minor,"1. Allemande (do mineur)
2. Courante (do mineur)
3. Sarabande (do mineur)
[voir HWV 445(3)]
4. Chaconne (do mineur)
[voir HWV 34(39), 122(10), 404(1)]",2 Harpsichords,[Fragment]
HWV 447,,,,Suite,D minor,"1. Allemande (ré mineur)
2. Courante (ré mineur)
3. Sarabande (ré mineur)
4. Gigue (ré mineur)
[voir HWV 443(5)]",Harpsichord,
HWV 448,,,Suite avec Chaconne et 10 variations,Suite,D minor,"1. Ouverture. … / Allegro / Adagio (ré mineur)
2. Allemande (ré mineur)
3. Courante (ré mineur)
4. Sarabande I (ré mineur)
5. Sarabande II (ré mineur)
6. Chaconne avec Variations (10) (ré mineur)",Harpsichord,
HWV 449,,,Suite avec Air et 7 variations,Suite,D minor,"1. Prélude (ré mineur)
2. Allemande (ré mineur)
[voir HWV 451(1)]
3. Courante (ré mineur)
4. Sarabande (ré mineur)
5. Aria con Variazioni (7) (ré mineur)
[voir HWV 428(5)]
6. Gigue (ré mineur)
7. Menuet (ré mineur)",Harpsichord,
HWV 450,,,"Partita, en sol majeur, pour clavecin",Partita,,"1. Prélude (sol majeur)
2. Allemande (sol majeur)
3. Courante (sol majeur)
4. Sarabande (sol majeur)
5. Gigue (sol majeur)
6. Menuet (sol majeur)",Harpsichord,
HWV 451,,,,Suite,G minor,"1. Allemande (sol mineur)
[voir HWV 449(2)]
2. Courante (sol mineur)",Harpsichord,
HWV 452,,,,Suite,G minor,"1. Allemande (sol mineur)
[voir HWV 326(1)]
2. Courante (sol mineur)
3. Sarabande (sol mineur)
[voir HWV 8b(9), 400(5)]
4. Gigue (sol mineur)",Harpsichord,
HWV 453,,,,Suite,G minor,"1. Ouverture (sol mineur)
[voir HWV 233(Introduzione)]
2. Entrée (sol mineur)
3. Menuet I (sol mineur)
4. Menuet II (sol mineur)
5. Chaconne (sol mineur)",Harpsichord,
HWV 454,,,"Partita, en la majeur, pour clavecin",Partita,,"1. Allemande (la majeur)
2. Courante (la majeur)
3. Sarabande (la majeur)
4. Gigue (la majeur)",Harpsichord,
HWV 455,,,,Suite,B-flat major,"1. Ouverture … / Lentement (si bémol majeur)
[voir HWV 336]
2. Sarabande (fa majeur)
[voir HWV 354(3)]
3. Gavotte (sol mineur)
[voir HWV 354(4)]
4. [Menuet] (si bémol majeur)
[voir HWV 354(1)]",Harpsichord,
HWV 456,,,5 Arrangements d'ouvertures d'opéras,,,,Harpsichord,
HWV 456/1,,,Overture de HWV 8a: Il Pastor fido,Overture,D minor,,Harpsichord,
HWV 456/2,,,Overture de HWV 11: Amadigi,Overture,C minor,,Harpsichord,
HWV 456/3,,,Overture de HWV 16: Flavio,Overture,G minor,,Harpsichord,
HWV 456/4,,,Overture de HWV 19: Rodelinda,Overture,C major,,Harpsichord,
HWV 456/5,,,Overture de HWV 23: Ricardo I,Overture,D major,,Harpsichord,
HWV 457,,,,Aria,C major,,Harpsichord,
HWV 458,,,,Aria,C minor,1. Allegro (do mineur),Harpsichord,
HWV 459,,,,Aria,C major,,Harpsichord,
HWV 460,,,Aria (Marche),Aria,D major,,Harpsichord,
HWV 461,,,Aria (Hornpipe),Aria,D minor,,Harpsichord,
HWV 462,,,Aria on a Menuet,Aria,D minor,,Harpsichord,
HWV 463,,,,Aria,F major,,Harpsichord,
HWV 464,,,,Aria,F major,,Harpsichord,
HWV 465,,,Aria & 2 Doubles,Aria,F major,"1. Air (fa majeur)
2. Double I (fa majeur)
3. Double II (fa majeur)",Harpsichord,
HWV 466,,,,Aria,G minor,"1. (sol mineur)
[voir HWV 25(18)]",Harpsichord (two manuals),
HWV 467,,,,Aria,G minor,"1. Lentement (sol mineur)
[voir HWV 578(2)]",Harpsichord,
HWV 468,,,,Aria,A major,,Harpsichord,
HWV 469,,,,Aria,B-flat major,"1. (si bémol majeur)
[voir HWV 311(2), 347(3)]",Harpsichord,
HWV 470,,,,Aria,B-flat major,,Harpsichord (two manuals),
HWV 471,,,,Aria,B-flat major,,Harpsichord,
HWV 472,,,Allegro,,C major,,Harpsichord,
HWV 473,,,Allegro,,C major,,Musical Clock,
HWV 474,,,,Aria,G major,,Harpsichord,"de HWV 49a: Acis, Galatea"
HWV 475,,,Allegro,,D minor,,Harpsichord,
HWV 476,,,Allemande,,F major,"1. (fa majeur)
[voir HWV 40(43)]",Harpsichord,
HWV 477,,,Allemande,,A major,,Harpsichord,
HWV 478,,,Allemande,,A major,,Harpsichord,
HWV 479,,,Allemande,,B minor,"1. (si mineur)
[voir HWV 29(23), 398(4), 436(1)]",Harpsichord,
HWV 480,,,"Choral ""Jesu meine Freunde""",,G minor,,Harpsichord,
HWV 481,,,,Capriccio,F major,,Harpsichord,
HWV 482,,,Arrangements authentiques d'airs d'opéras,,,,Harpsichord,
HWV 482/1,,,Molto voglio,,C major,"1. (do majeur)
[voir HWV 7a(10)]",Harpsichord,de HWV 7a: Rinaldo
HWV 482/2,,,"Sventurato, godi, o core abbandonato",,E-flat major,"1. Larghetto (mi bémol majeur)
[voir HWV 14(8)]",Harpsichord,de HWV 14: Floridante
HWV 482/3,,,Ombra cara di mia sposay,,F minor,"1. (sol mineur)
[voir HWV 12a(13)]",,de HWV 12a: Radamisto
HWV 482/4,,,Pupille sdegnose! sareste pietose,,F major,"1. (fa majeur)
[voir HWV 13(3)]",Harpsichord,de HWV 13: Muzio Scevola (Acte 3)
HWV 482/5,,,"Come, se ti vedro",,G major,"1. (sol majeur)
[voir HWV 13(9)]",,de HWV 13: Muzio Scevola (Acte 3)
HWV 483,,,,Capriccio,G minor,"1. [Capriccio] (sol mineur)
[voir HWV 26(30), 75(15)]",Harpsichord,
HWV 484,,,"Chaconne, 49 variations",,C major,"1. Chaconne, Variations [voir HWV 443(6)]",Harpsichord,
HWV 485,,,Chaconne,,F major,,Harpsichord (two manuals),
HWV 486,,,Chaconne,,G minor,,Harpsichord,
HWV 487,,,,Concerto,G major,"1. Allegro (sol majeur)
[voir HWV 20(28a)]
2. Andante (sol majeur)
[voir HWV 315(2)]",Harpsichord,
HWV 488,,,Allegro (Courante),,F major,"1. [Allegro] (fa majeur)
[voir HWV 442(1b)]",Harpsichord,
HWV 489,,,Courante,,B minor,,Harpsichord,
HWV 490,,,,Fantasia,C major,,Harpsichord,
HWV 491,,,Gavotte,,G major,,Harpsichord,
HWV 492,,,Gigue,,F major,,Harpsichord,
HWV 493,,,Gigue,,G minor,"1. Gigue (sol mineur)
[voir HWV 439(4)]",Harpsichord,[2 versions]
HWV 494,,,Impertinence (Bourrée),,G minor,,Orchestra,
HWV 495,,,Lesson (Gigue),,D minor,"1. (ré mineur)
[voir HWV 428(6)]",Harpsichord,
HWV 496,,,Lesson,,A major,,Harpsichord,
HWV 497,,,,Menuet,C major,"1. (do majeur)
[voir HWV 456/4]",Harpsichord,de HWV 19: Rodelinda (Ouverture)
HWV 498,,,,Menuet,C major,,Harpsichord,
HWV 499,,,,Menuet,C minor,"1. (do mineur)
[voir HWV 18(Ouverture)]",Harpsichord,de HWV 18: Tamerlano (Ouverture)
HWV 500,,,,Menuet,D major,,Harpsichord,
HWV 501,,,,Menuet,D major,,Harpsichord,
HWV 502,,,,Menuet,D major,"1. (ré majeur)
[voir HWV 3, 344]",Harpsichord,de HWV 3: Der begluckte Florindo
HWV 503,,,,Menuet,D major,"1. (ré majeur)
[voir HWV 349(13), 546]",Harpsichord,
HWV 504,,,,Menuet,D major,"1. (ré majeur)
[voir HWV 12(32), 559]",Harpsichord,de HWV 12a: Radamisto
HWV 505,,,,Menuet,D major,,Harpsichord,
HWV 506,,,,Menuet,D major,"1. (ré majeur)
[voir HWV 228/3]",Harpsichord,
HWV 507,,,,Menuet,D minor,"1. (ré mineur)
[voir HWV 436(4)]",Harpsichord,[2 versions]
HWV 508,,,,Menuet,d/e,"1. (ré mineur)/(mi mineur)
[voir HWV 16(5)]",Harpsichord,de HWV 16: Flavio
HWV 509,,,,Menuet,F major,,Harpsichord,
HWV 510,,,,Menuet,F major,"1. (fa majeur)
[voir HWV 14(28a)]",Harpsichord,de HWV 14: Floridante
HWV 511,,,,Menuet,F major,"1. (fa majeur)
[voir HWV 348(7)]
2. Trio. Adagio (fa mineur)
[voir HWV 547]",Harpsichord,
HWV 512,,,,Menuet,F major,"1. (fa majeur)
[voir HWV 24(30)]",Harpsichord,de HWV 24: Siroe
HWV 513,,,,Menuet,F/G,,Harpsichord,
HWV 514,,,,Menuet,F/G,,Harpsichord,
HWV 515,,,,Menuet,F/G,,Harpsichord,
HWV 516,,,,Menuet,F major,,Harpsichord,[3 versions]
HWV 517,,,,Menuet,F major,,Harpsichord,
HWV 518,,,,Menuet,F major,,Harpsichord,
HWV 519,,,,Menuet,F major,,Harpsichord,
HWV 520,,,,Menuet,F major,,Harpsichord,
HWV 521,,,,Menuet,G major,,Harpsichord,
HWV 522,,,,Menuet,G major,,Harpsichord,
HWV 523,,,,Menuet,G major,"1. (sol majeur)
[voir HWV 313(4), 557]",Harpsichord,
HWV 524,,,,Menuet,G major,,Harpsichord,
HWV 525,,,,Menuet,G major,,Harpsichord,
HWV 526,,,,Menuet,G major,,Harpsichord,
HWV 527,,,,Menuet,G major,,Harpsichord,
HWV 528,,,,Menuet,G major,,Harpsichord,
HWV 529,,,,Menuet,G major,,Harpsichord,
HWV 530,,,,Menuet,G major,"1. (sol majeur)
[voir HWV 228/4]",Harpsichord,
HWV 531,,,,Menuet,G major,,Harpsichord,
HWV 532,,,,Menuet,G minor,"1. (sol mineur)
[voir HWV 70(Ouverture)]",Harpsichord,
HWV 533,,,,Menuet,G minor,"1. (sol mineur)
[voir HWV 70(5)]",Harpsichord,
HWV 534,,,,Menuet,G minor,,Harpsichord,[2 versions]
HWV 535,,,,Menuet,G minor,"1. (sol mineur)
[voir HWV 38(19)]",Harpsichord,"[2 versions]
Menuet favori de la princesse Sophia"
HWV 536,,,,Menuet,G minor,,Harpsichord,
HWV 537,,,,Menuet,G minor,,Harpsichord,[2 versions]
HWV 538,,,,Menuet,G minor,"1. (sol mineur)
[voir HWV 350(19)]",Harpsichord,[2 versions]
HWV 539,,,,Menuet,G minor,"1. (sol mineur)
[voir HWV 350(20)]",Harpsichord,[2 versions]
HWV 540,,,,Menuet,G minor,"1. (sol mineur)
[voir HWV 1(25), 228/22, 603]",Harpsichord,[2 versions]
HWV 541,,,,Menuet,G minor,,Harpsichord,
HWV 542,,,,Menuet,G minor,,Harpsichord,
HWV 543,,,,Menuet,G minor,"1. (sol mineur)
[voir HWV 228/20]",Harpsichord,
HWV 544,,,,Menuet,A major,,Harpsichord,
HWV 545,,,,Menuet,A major,"1. (la majeur)
[voir HWV 228/16]",Harpsichord,
HWV 546,,,,Menuet,A major,"1. (la majeur)
[voir HWV 349(13), 503]",Harpsichord,
HWV 547,,,,Menuet,A minor,"1. (la mineur)
[voir HWV 348(7), 511]",Harpsichord,
HWV 548,,,,Menuet,A minor,,Harpsichord,
HWV 549,,,,Menuet,A minor,,Harpsichord,
HWV 550,,,,Menuet,B-flat major,"1. (si bémol majeur)
[voir HWV 354(1)]",Harpsichord,de HWV 3: Der begluckte Florindo
HWV 551,,,,Menuet,B-flat major,,Harpsichord,
HWV 552,,,,Menuet,B-flat major,,Harpsichord,
HWV 553,,,,Menuet,B-flat major,,Harpsichord,
HWV 554,,,,Menuet,B-flat major,,Harpsichord,
HWV 555,,,,Menuet,B-flat major,,Harpsichord,[2 versions]
HWV 556,,,,Menuet,B-flat major,,Harpsichord,
HWV 557,,,,Menuet,B-flat major,"1. (si bémol majeur)
[voir HWV 313(4)]",Harpsichord,
HWV 558,,,,Menuet,B minor,"1. (si mineur)
[voir HWV 6(A44), 28(31,32), 82(5)]",Harpsichord,de HWV 28: Poro
HWV 559,,,Passepied,,C major,"1. (do majeur)
[voir HWV 504]",Harpsichord,
HWV 560,,,Passepied,,A major,,Harpsichord,
HWV 561,,,,Prelude,D minor,"1. (ré mineur)
[voir HWV 428, =437(1), 565]",Harpsichord,
HWV 562,,,Prélude (Harpeggio),Prelude,D minor,,Harpsichord,
HWV 563,,,Prelude,Prelude,D minor,,Harpsichord,
HWV 564,,,Prelude,Prelude,D minor,,Harpsichord,
HWV 565,,,,Prelude,D minor,"1. (ré mineur)
[voir HWV 428, 561]",Harpsichord,
HWV 566,,,,Prelude,E major,"1. (mi majeur)
[voir HWV 430(1)]",Harpsichord,
HWV 567,,,Prelude,Prelude,F major,,Harpsichord,
HWV 568,,,Prelude,Prelude,F minor,,Harpsichord,
HWV 569,,,"Prélude ""Arpeggio del Cook""",Prelude,F minor,,Harpsichord,
HWV 570,,,Prélude (Harpeggio),Prelude,F-sharp inor,,Harpsichord,
HWV 571,,,"Prélude, Capriccio",Prelude,G major,"1. Prélude (sol majeur)
2. Capriccio (sol majeur)",Harpsichord,
HWV 572,,,Prelude,Prelude,G minor,,Harpsichord,
HWV 573,,,Prélude (Harpeggio),Prelude,G minor,,Harpsichord,
HWV 574,,,"Prélude, Allegro (Sonate)",Prelude,G minor,"1. Prélude (sol mineur)
2. Allegro (sol mineur)",Harpsichord,
HWV 575,,,Prélude (Harpeggio),Prelude,A major,,Harpsichord,
HWV 576,,,"Prélude, Allegro",Prelude,A major,"1. Prélude (la mineur)
2. Allegro (la mineur)
[voir HWV 287(4), 291(2), 390(4)]",Harpsichord,
HWV 577,,,Sonate (Fantaisie),Sonata,C major,,Harpsichord,
HWV 578,,,"Sonate, trio, gavotte",Sonata,C major,"1. Sonate. Allegro (so majeur)
[voir HWV 277]
2. Trio. Larghetto (do majeur)
[voir HWV 467]
3. Gavotte. Non troppo presto (do majeur)
[voir HWV 318(4)]",Musical Clock,
HWV 579,,,,Sonata,G major,"1. (sol majeur)
[voir HWV 7a(28), 442(1a)]",Harpsichord (two manuals),
HWV 580,,,,Sonata,G minor,"1. Larghetto (sol mineur)
[voir HWV 250a,b(1), 288(1), 302a(3), 396(1)]",Harpsichord,
HWV 581,,,,Sonatina,D minor,,Harpsichord,
HWV 582,,,Sonatine (Fugue),Sonatina,G major,,Harpsichord,
HWV 583,,,,Sonatina,G minor,1. A tempo giusto (sol mineur),Harpsichord,
HWV 584,,,,Sonatina,A major,,Harpsichord,
HWV 585,,,,Sonatina,B-flat major,,Harpsichord,
HWV 586,,,Toccata,,G minor,,Harpsichord,
HWV 587,,,,Aria,F major,,Musical Clock,
HWV 588,,,Voluntary,,C major,,Musical Clock,
HWV 589,,,Gigue,,C major,,Musical Clock,
HWV 590,,,,Aria,C major,"1. (do majeur)
[voir HWV 30(22)]",Musical Clock,de HWV30: Sosarmes
HWV 591,,,,Aria,F major,"1. Allegro (fa majeur)
[voir HWV 13(1)]",Musical Clock,
HWV 592,,,,Aria,C major,"1. (do majeur)
[voir HWV 15(18)]",Musical Clock,de HWV15: Ottone
HWV 593,,,,Aria,C major,"1. (do majeur)
[voir HWV 32(4)]",Musical Clock,de HWV32: Ariadne
HWV 594,,,,Aria,G major,"1. Allegro (sol majeur)
[voir HWV 20(Ouverture,3), 377(1)]",Musical Clock,
HWV 595,,,,Aria,C major,"1. (do majeur)
[voir HWV 15(13)]",Musical Clock,de HWV15: Ottone
HWV 596,,,,Aria,C major,"1. (do majeur)
[voir HWV 30(21)]",Musical Clock,de HWV30: Sosarmes
HWV 597,,,,Aria,C major,"1. (do majeur)
[voir HWV 32(28)]",Musical Clock,de HWV32: Ariadne
HWV 598,,,,Sonata,C major,,Musical Clock,
HWV 599,,,Gigue,,C major,,Musical Clock,
HWV 600,,,"Voluntary ""Flight of Angels""",,A major,"1. (do majeur)
[voir HWV 588]",Musical Clock,
HWV 601,,,,Aria,C major,,Musical Clock,
HWV 602,,,,Menuet,A minor,,Musical Clock,
HWV 603,,,,Menuet,A minor,"1. (la mineur)
[voir HWV 1(25), 228/22, 540]",Musical Clock,
HWV 604,,,,Aria,A major,,Musical Clock,
HWV 605,,,Fugue ou Voluntary,,G minor,1. (sol mineur),Organ/Harpsichord,
HWV 606,,,Fugue ou Voluntary,,G major,1. (sol majeur),Organ/Harpsichord,
HWV 607,,,Fugue ou Voluntary,,B-flat major,1. (si bémol majeur),Organ/Harpsichord,
HWV 608,,,Fugue ou Voluntary,,B minor,,Organ/Harpsichord,
HWV 609,,,Fugue ou Voluntary,,A major,1. Largo (la mineur),Organ/Harpsichord,
HWV 610,,,Fugue ou Voluntary,,C minor,1. (do mineur),Organ/Harpsichord,
HWV 611,,,Fugue ou Voluntary,,F major,,Organ/Harpsichord,
HWV 612,,,Fugue ou Voluntary,,E major,,Organ/Harpsichord,