Catalogue,Title,Type,Note
LWV 1,Ballet du temps,Ballet,Text: Isaac de Benserade
LWV 2,Ballet du plaisirs,Ballet,Text: Isaac de Benserade
LWV 3,Un charmant dialogue de La Guerre avecque La Paix,Dialogue,Text: anonym
LWV 4,Le Grand Ballet des Bienvenus,Ballet,Text: Isaac de Benserade
LWV 5,Le Ballet de la Revente des habits,Ballet,Text: Isaac de Benserade
LWV 6,Ballet de Psyché ou de la puissance de l'Amour,Ballet,Text: Isaac de Benserade
LWV 7,La Galanterie du Temps,Mascarade,Text: anonym
LWV 8,Amour malade,Ballet,Text: Francesco Buti
LWV 9,Ballet royal d'Alcidiane,Ballet,Text: Isaac de Benserade
LWV 10,Premiere Marche de Mousquetaires,,
LWV 11,Ballet de la Raillerie,Ballet,Text: Isaac de Benserade
LWV 12,Xerxes,Comédie en musique,Text: Nicolo Minato
LWV 13,Ballet de Toulouse,Ballet,Text: verloren
LWV 14,Ballet royal de l'Impatience,Ballet,Text: Francesco Buti
LWV 15,Ballet de Saisons,Ballet,Text: Isaac de Benserade
LWV 16,Les Facheux,Comédie,Text: Jean Baptiste Poquelin Molière
LWV 17,Hercule amoureux,Tragédie,Text: Francesco Buti
LWV 18,Ballet des Arts,Ballet,Text: Isaac de Benserade
LWV 19,Les Nopces de vilage,Mascarade ridicule,Text: Isaac de Benserade
LWV 20,Le Mariage forcé,Ballet,Text: Jean Baptiste Poquelin Molière
LWV 21,Les Amours deguisez,Ballet,Text: Président de Périgny
LWV 22,Les Plaisirs de L'Isle enchantée,,Text: Jean Baptiste Poquelin Molière
LWV 23,Entr'actes d'Oedipe,Entr'actes,Text: Pierre Corneille
LWV 24,Mascarade du Capitaine ou L'Impromptu du Versailles,Mascarade,Text: anonym
LWV 25,Miserere,Motet,
LWV 26,O Lacrymæ,Motet,Text: Pierre Perrin
LWV 27,Ballet Royal de la Naissance de Venus,Ballet,Text: Isaac de Benserade
LWV 28,Ballet des Gardes ou les Delices de la campagne,Ballet,Text: anonym
LWV 29,L'Amour medecin,Comédie,Text: Jean Baptiste Poquelin Molière
LWV 30,Le Triompohe de Bacchus dans les Indes,Mascarade,Text: anonym
LWV 31,27 Branles de 1665,Branle,
LWV 32,Ballet des Muses,Ballet,Text: Isaac de Benserade
LWV 33,La Pastorale comique,Pastorale,Text: Jean Baptiste Poquelin Molière
LWV 34,Le Sicilien,Comédie,Text: Jean Baptiste Poquelin Molière
LWV 35,54 Trios de la Chambre oder Trios pour le coucher du roi,Trio,
LWV 36,Le Carnaval,Mascarade,Text: Isaac de Benserade
LWV 37,Plaude lætare,Motet,Text: Pierre Perrin
LWV 38,Le Grand Divertissement royal de Versailles (George Dandin),Divertissement/Comédie,Text: Jean Baptiste Poquelin Molière
LWV 39,La Grotte de Versailles,Éclogue en musique,Text: Philippe Quinault
LWV 40,Ballet royal de Flore,Ballet,Text: Isaac de Benserade
LWV 41,Le Divertissement de Chambord,Divertissement/Comédie,"Text: Jean Baptiste Poquelin Molière; ital. Texte von Luly (nach Le Cerf de la Viéville, Comparaison II, 180)"
LWV 42,Le Divertissement royal (Les Amants magifiques),Divertissement,Text: Jean Baptiste Poquelin Molière
LWV 43,Le Bourgeois Gentil-Homme,Comédie ballet,Text: Jean Baptiste Poquelin Molière
LWV 44,Marches et Batteries de tambour,,
LWV 45,Psiché,"Tragi-Comédie, Ballet","Text: Jean Baptiste Poquelin Molière, Pierre Corneille, Lully, Philippe Quinault"
LWV 46,Ballet des Ballets,Ballet,"Text: Jean Baptiste Poquelin Molière, Philippe Quinault"
LWV 47,Les Festes De l'Amour et De Bacchus,Pastorale,"Text: Philippe Quinault, Jean Baptiste Poquelin Molière, Président de Périgny"
LWV 48,Marche,,
LWV 49,Cadmus et Hermione,Tragédie,Text: Philippe Quinault
LWV 50,Alcest ou Le Triomphe d'Alcide,Tragédie,Text: Philippe Quinault
LWV 51,Thesée,Tragédie en musique,Text: Philippe Quinault
LWV 52,Le Carnaval,Mascarade,"Text: Isaac de Benserade, Jean Baptiste Poquelin Molière"
LWV 53,Atys,Tragédie en musique,Text: Philippe Quinault
LWV 54,Isis,Tragédie en musique,Text: Philippe Quinault
LWV 55,Te Deum,,
LWV 56,Psyche,Tragédie en musique,"Text: Philippe Quinault, Thomas Corneille, Bernard le Bovier de Fontenelle"
LWV 57,Bellerophon,Tragédie,"Text: Thomas Corneille, Bernard le Bovier de Fontenelle, Nicolas Boileau-Despréaux"
LWV 58,Proserpine,Tragédie en musique,Text: Philippe Quinault
LWV 59,Le Triompohe de l'Amour,Ballet,"Text: Isaac de Benserade, Philippe Quinault"
LWV 60,Persée,Tragédie en musique,Text: Philippe Quinault
LWV 61,Phaeton,Tragédie en musique,Text: Philippe Quinault
LWV 62,De profundis,Motet,
LWV 63,Amadis,Tragédie en musique,Text: Philippe Quinault
LWV 64,Motets à deux choeurs,Motet,
LWV 65,Roland,Tragédie en musique,Text: Philippe Quinault
LWV 66,5 Marches,,
LWV 67,Quare fremuerunt,Motet,
LWV 68,Idylle sur La Paix,Idylle,Text: Jean Racine
LWV 69,Le Temple de La Paix,Ballet,Text: Philippe Quinault
LWV 70,"Plusieurs pieces de symphonie, noce de village, airs pour Madame la Dauphine",,
LWV 71,Armide,Tragédie en musique,
LWV 72,4 Airs pour le Carrousel de Monseigneur,,
LWV 73,Acis et Galatée,Pastorale héroique,
LWV 74,Achille et Polixene,Tragédie en musique,Text: Jean Galbert de Campistron
LWV 75,[55 nicht datierbare instrumentalwerke],,
LWV 76,[26 nicht datierbare weltliche vokalwerke],,
LWV 77,[18 nicht datierbare geistliche werke],,
LWV 78,"[16 werke, die vermutlich von lully stammen]",,
LWV 79,70 Fragments de Monsieur de Lully,Ballet,"Bearbeiter des Text: Antoine Danchet
Bearbeter der Musik: André Campra"
LWV 80,Pourceaugnac,Divertissement comique,