SORT,Catalogue,Title,Type,Key,Instrumentation,Note
1,RCT 1,Premier Livre de pièces de clavecin,Suite,A minor,,
2,RCT 2,Deuxième Suite,Suite,E minor,,Pièces de clavecin avec une méthode # 2
3,RCT 3,Troisième Suite,Suite,D major,,Pièces de clavecin avec une méthode #3
4,RCT 4,Menuet en Rondeau,,C major,,Pièces de clavecin avec une méthode # 1
5,RCT 5,Quatrième Suite de de pièces de clavecin,Suite,A minor,,Nouvelles suites de pièces de clavecin #1
6,RCT 6,,Suite,G major,,Nouvelles suites de pièces de clavecin #2
7,RCT 7,Premier concert,,C major,,Pièces de clavecin en concerts #1
8,RCT 8,Deuxième concert,,,,Pièces de clavecin en concerts #2
9,RCT 9,Troisième Concert,,G major,,Pièces de clavecin en concerts #3
10,RCT 10,Quatrième concert,,B-flat major,,Pièces de clavecin en concerts #4
11,RCT 11,Cinquième concert,,,,Pièces de clavecin en concerts #5
12,RCT 12,La Dauphine,,,,
12,RCT 12bis,Les Petits marteaux,,,,
13,RCT 13,Deus noster refugium et virtus,,,,Psalm 45
14,RCT 14,In convertendo Dominus,,,,Psalm CXXVI
15,RCT 15,Quam dilecta tabernacula,,,,Psalm CXXXIII
16,RCT 16,Laboravi clamans,,,,Psalm LXIX
17,RCT 17,"Ah! loin de rire, pleurons",,,,
18,RCT 18bis,L'épouse entre deux draps,,,,formerly attributed to François Couperin
18,RCT 18,"Avec du vin, endormons-nous, Canon à la 4te",,E major,,
19,RCT 19,"Mes chers amis, quittez vos rouges bords",,,,
20,RCT 20,"Réveillez-vous, dormeur sans fin",,,,
20.1,RCT 2obis,Si tu ne prends garde à toi,,,,
21.1,RCT 21.1,"L'Amante préoccupée, ou A l'objet que j'adore",,,,
21.2,RCT 21.2,"Lucas, pour se gausser de nous",,,,
21.3,RCT 21.3,"Non, non, le dieu qui sait aimer",,,,
21.4,RCT 21.4,"Un Bourbon ouvre sa carrière, ou Un Héros ouvre sa carrière",,,,RCT 29
22,RCT 22,Les Amants trahis,,,,
23,RCT 23,"Aquilon et Orithie, ou Enlèvement d'Orithie",,,,
24,RCT 24,Le berger fidèle,,,,
25,RCT 25,[Cantate pour le jour de la Saint-Louïs],,,,
26,RCT 26,L'Impatience,,,,
27,RCT 27,Orphée,,,,
28,RCT 28,Thétis,,,,
29,RCT 29,"Acante et Céphise, ou La Sympathie",Pastoral héroïque,,,
30,RCT 30,Anacréon,Ballet,,,
31,RCT 31,"Les Boréades, ou Abaris",Tragédie en musique,,,
32,RCT 32,Castor et Pollux,Tragédie en musique,,,
33,RCT 33,"Les courses de Tempé, Pastorale avec un divertissement",,,,
34,RCT 34,Daphnis et Eglé,Pastoral héroïque,,,
35,RCT 35,Dardanus,Tragédie en musique,,,
36,RCT 36,L'Endriague,,,,
37,RCT 37,L'enrôlement d'Arlequin,,,,
38,RCT 38,"Les Festes de l’Hymen et de l’Amour, ou les Dieux d’Égypte",Ballet héroïque,,,
39,RCT 39,Les Fêtes de Polymnie,Opéra-ballet,,,
40,RCT 40,Les Fêtes de Ramire,Ballet,,,
41,RCT 41,"Les Fêtes d'Hébé, ou Les Talents Lyriques",Opéra-ballet,,,
42,RCT 42,"La Guirlande, ou les Fleurs enchantées",Ballet,,,
43,RCT 43,Hippolite et Aricie,Tragédie en musique,,,
44,RCT 44,Les Indes galantes,Opéra-ballet,,,
45,RCT 45,Io,Ballet,,,
46,RCT 46,Linus,Tragédie en musique,,,
47,RCT 47,Lisis et Délie,Pastoral,,,
48,RCT 48,"La Naissance d'Osiris, ou La fête Pamilie",Ballet,,,
49,RCT 49,Naïs,Pastoral héroïque,,,
50,RCT 50,Nélée et Myrthis,Ballet,,,
51,RCT 51,"Les Paladins, ou Le Vénitien",Comédie lyrique,,,
52,RCT 52,Pigmalion,Ballet,,,
53,RCT 53,"Platée, ou Junon jalouse",Comédie lyrique,,,
54,RCT 54,La Princesse de Navarre,Comédie-ballet,,,
55,RCT 55,"La Robe de dissension, ou Le Faux prodige",,,,
55,RCT 55bis,"La Rose, ou Les Jardins de l'Hymen",,,,
56,RCT 56,Samson,,,,
57,RCT 57,"Les Sibarites, ou Sibaris",,,,
58,RCT 58,Anacréon,Ballet,,,
58.3,RCT 58.3,Les Surprises de l'Amour,Opéra-ballet,,,
59,RCT 59,Le Temple de la gloire,Opéra-ballet,,,
60,RCT 60,Zaïs,Pastoral héroïque,,,
61,RCT 61,Zéphire,Ballet,,,
62,RCT 62,Zoroastre,Tragédie en musique,,,