sort,Opus,Title,Original Title,Place,Date,Section,Setting,Status,Dedication,Note
1,1,"Scherzo in F-sharp minor, op. 1","Скерцо fis-moll, Соч. 1",Petrograd,1920/7/15-1921/9/25,Allegretto · Meno mosso · Tempo I,orchestra: 3(III=picc).2.2.2-4.2.3.1-timp.perc:tgl/cyms/BD-strings,,my teacher Maximilian Oseevich Steinberg,
2,2,"8 Preludes, op. 2",Восемь прелюдий,Petrograd,1919 – 1921,"1. G minor Agitato (q = 100)
2. G mixolydian Andante (q = 76)
3. E minor Allegro non troppo e furioso (q . + q = 52) · Strepitoso (q . + q = 72) · Tempo I
4. B flat major Allegretto (q = 76)
5. A minor Allegro molto
6. F minor Andante (q . = 44)
7. D flat major Moderato · Andante amoroso · Moderato · Andante cantabile
8. D flat major Allegretto",piano,,,
3,3,"Theme with Variations in B-flat major, op. 3","Тема с вариациями для оркестра, B-dur, Соч. 3",Petrograd,1921 – 1922,"1. Theme Andantino
2. Var. I Andantino
3. Var. II Più mosso (Vivace)
4. Var. III Andante
5. Var. IV Allegretto
6. Var. V Andante
7. Var. VI Allegro
8. Var. VII Moderato · Allegro · Meno mosso · Moderato
9. Var. VIII Largo
10. Var. IX Allegro
11. Var. X Allegro molto
12. Var. XI Moderato cantabile · [Cadenza]* · [Appassionato]*
13. Finale Allegro · Maestoso · [Più mosso]* · Adagio · Andante[ino]* · Allegro
14. Coda Presto",orchestra: 3(III=picc).2.2.2-4.3.3.1-timp.perc:tgl/cyms/BD-cel(ad lib)-pft(ad lib.)-strings,,Dedicated to Nikolai Alexandrovich Sokolov,
4,4,"2 Fables of Krylov, op. 4",Две басни И. А. Крылова,Petrograd,1922 – 1924,"1. The Dragonfly and the Ant Con moto [Allegro] · Più mosso · Presto
2. The Ass and the Nightingale Moderato [Allegro] · Andante [Andantino] ·
Allegro · Poco meno mosso · Molto meno mosso · Allegro","mezzo-soprano, female choir and orchestra: 3(III=picc).2.2.3(III=dbn)-4.3.3.1-timp.perc:tgl/cyms-cel-harp-strings – mezzo
soprano (No.1). The percussion group is omitted in No. 2 and, instead of the 
mezzo-soprano, a female choir (at least 12 singers) is required.",,Dedicated to Mikhail Vladimirovich Kvadri,Texts: Ivan Krylov
5,5,"3 Fantastic Dances, op. 5","Три фантастических танца для фортепиано, Соч. 5",Petrograd,1922/5,"1. Allegretto
2. Andantino · Più mosso · Tempo I · Più mosso · Allegretto · Andantino
3. Allegretto",piano,,Dedicated to Iosif Zakharovich Schwartz,
6,6,"Suite for Two Pianos in F-sharp minor, op. 6","Сюита для двух фортепиано, Соч. 6",Petrograd,1922/3,"1. Prelude [F sharp minor] Andantino · Meno mosso · Adagio · Andantino
poco moderato · Adagio · Andantino poco moderato · Andantino
2. Fantastic Dance [A minor] Allegro vivo · Presto · Allargando
3. Nocturne [D major] Andante · Più mosso · Cadenza · Andantino · Più mosso ·
Allegro · Andante mosso · Allegro · Andante mosso · Andante · Andante
4. Finale [F sharp minor] Adagio · Allegro molto · Andante · Adagio · Andante ·
Allegro molto · Adagio · Allegro molto · Poco meno · Allegretto · Allegro · 
Tempo giusto",2 pianos,,To the memory of Dmitri Boleslavovich Shostakovich,
7,7,"Scherzo in E-flat major, op. 7","Скерцо для оркестра, Соч. 7",Leningrad-Gaspra-Leningrad,1924/10/7 – 1924/10/15,Allegro · Più mosso · Tempo I · Presto,"orchestra 
2.picc.2.2.2-4.2.3.1-timp.perc:SD/cyms-pft-strings",,Dedicated to Pyotr Borisovich Ryazanov,
8,8,"Piano Trio No. 1 in C minor, op. 8",Трио № 1,Gaspra-Moscow-Petrograd,1923/9/11 - 1923/11,"One movement: Andante [e = 92] · Molto più mosso (q = h) · Andante [e = 92] · 
Allegro [q = 116] · Più mosso [q = 120] · Adagio [q = 54] · Andante [q = 69] · Meno 
mosso · Moderato [q = 96] · Allegro [q = 116] · Prestissimo fantastico (q = h) · An
dante [e = 120] · Allegro · [Poco più mosso (e = 132)] · Coda Allegro [q = 116] · 
Allegro moderato [q = 96] · Allegro [q = 116]",,,Dedicated to Tatyana Ivanovna Glivenko,
9,9,"3 Pieces, op. 9",Три пьесы,Petrograd,1923/12/30 - 1924/1,"1. Fantasia in F sharp minor
2. Prelude in A minor
3. Scherzo in C major",violoncello and piano,lost,"Dedicated to Zoya Dmitrievna Shostakovich (No. 1), Valerian Mikhailovich Bogdanov-Berezovs
ky (No. 2) and Vladimir Ivanovich Kurchavov (No. 3)",
10,10,"Symphony No. 1 in F minor, op. 10","Симфония № 1, Соч. 10",Leningrad-Moscow-Oranienbaum-Leningrad,1924/1 - 1925/7/1,"1. Allegretto (q = 152) · Più mosso (q = 208) · Allegretto (q = 152) · Allegro non troppo
(q = 160) · q = 152 · Allegro non troppo (q = 160) · q = 152
2. Allegro (q = 192) · Meno mosso (q = 100) · L'istesso tempo (q = 100) · Allegro
(q = 192) · Meno mosso (q = 100)
3. Lento (q = 76) · Più mosso · Largo (q = 69) · q = 76 · Più mosso · q = 72 attacca
4. Allegro molto (q = 208) · Lento (q = 116) · Allegro molto (q = 176) · Meno mosso
(q = 144) · Allegro molto (q = 176) · Molto meno mosso (q = 116) · Adagio (q = 84) · 
Largo (q = 63) · Più mosso (h = 132) · Presto (h = 168)",3(III=picc).2.2.2-4.3.3.1-timp.perc:tgl/SD/BD/cym/tam-t/glsp-pft-strings,,Dedicated to Mikhail Vladimirovich Kvadri,
11,11,"2 Pieces for String Octet, op. 11","Две пьесы для струнного октета, Соч. 11",Oranienbaum-Slavyansk,1924/7–1925/8/3,"1. Prelude [D minor] Adagio (q = 72) · Più mosso (h = 104) · Più mosso (h = 160) ·
Meno mosso · Adagio (q = 72)
2. Scherzo [G minor] Allegro molto (q = 176) · Moderato · Allegro",,,Dedicated to the memory of Vladimir Ivanovich Kurchavov,
12,12,"Sonata for Piano No. 1 in C major, op. 12","Соната для фортепиано № 1, Соч. 12",Leningrad,1926/8/30–1926/10/20,"One movement: Allegro (h = 104) · Meno mosso (h = 126) · Adagio (q = 72) · 
Allegro (h = 100) · Poco meno mosso (q = 144) · Adagio (e = 176) · Lento (q = 92) ·
Allegro (q = 176) · Meno mosso (q = 138) · Moderato (q = 16) · Allegro (q = 104)",,,,
13,13,"Piano Sonata No. 8 in C minor, op. 13 “Pathétique”","Соната для фортепиано № 8, Соч. 13",Petrograd,1921 – 1922,Adagio cantabile,2.2.2.2-2.0.0.0-strings,,"State Commission for the celebrations of the 10th anniversary of the October Revolution – subtitled ‘Proletarians of the World, Unite!’","[ludwig van beethoven (1770-1827)] 
Orchestration of the second movement (in A flat major)"
13,13,"Aphorisms, op. 13","Афоризмы. Десять пьес для ффортепиано, Соч. 13",Leningrad,1927/2/27– 19274/7,"1. Recitative Moderato (q = 104)
2. Serenade Andantino amoroso (e = 168)
3. Nocturne Appasionato (q = 92) · Adagio · Più mosso
4. Elegy Largo mesto (q = 44)
5. Funeral March Molto adagio (e = 152)
6. Etude Moderato non troppo (q = 166)
7. Dance of Death Allegro non troppo (h. = 132-144)
8. Canon Moderato con moto (q = 144)
9. Legend Moderato (e = 116)
10. Lullaby Largo (e = 63)",piano,,Dedicated to Boleslav Leopoldovich Yavorsky,
14,14,"Symphony No. 2 in B major, op. 14 “To October – A Symphonic Dedication”",Симфония № 2 «Позвящение Октябрю»,Leningrad,1925/12/30 – 1927/8,One movement: Largo (q = 46) · [Allegro molto] (q = 152) · Poco meno mosso (q = 138) · Allegro molto (q = 192) · Meno mosso (q = 100) · Moderato,"orchestra with mixed choir
3(III=picc).2.2.2-4.3.3.1-timp.perc:tgl/SD/BD/cym/glsp/siren-strings",,,Text by Alexander Bezymensky
15,15,"the Nose, op. 15, Satirical Opera in 3 Acts (with an Epilogue) and 10 Scenes","Нос. Опера в трёх действиях, десяти картинах, Соч. 15",Leningrad-Detskoe Selo-Leningrad-Moscow-Leningrad,1927/6–1928/8/4,,,,,"Libretto by Dmitri Shostakovich, Alexander Preys, Evgeni Zamyatin and Georgi lonin after Nikolai Gogol’s novel"
15.1,15a,"Suite from “The Nose”, op. 15a","[Сюита из оперы «Нос», Соч. 15a",Leningrad,1928/5/6,"1. Overture Allegro (q = 132) attacca
2. Kovalyov’s Aria [Scene 5] Largo (q = 72-80) · Meno mosso
3. Entr’acte from Act I Allegro molto (q = 132-144) 
4. Entr’acte from Act II Moderato (e = 104) · Molto meno mosso (e = 72) attacca
5. Ivan’s Song [Scene 6] Allegretto (e = 132)
6. Kovalyov’s Monologue [Scene 6] Andante (q = 100)
7. Galop [Scene 3] Allegro molto (q = 176) · h = 112","tenor (No. 5), baritone (Nos. 2 and 6) and orchestra
1(=picc).1(=corA).1(=Ebcl,bcl).1(=dbn)-1.1(=crt).1(=btrbn).0-perc:tgl/cast/
flex/tom-t/tamb/SD/BD/cyms/tam-t/glsp/xyl-balalaika-domra-2hp-pft-strings
(sm section)",,,
16,16,"Tahiti Trot (Tea for Two), op. 16",В. Юманс. Таити-трот.,Leningrad,1927/9/1,Moderato,2(II=picc).2.1.1-4.2.1.0-timp.perc:tgl/SD/cym/glsp/xyl-cel-hp-strings,,To dear Nikolai Andreevich Malko as a token of my best feelings,"[vincent youmans (1898 - 1946)]
Transcription of the song ‘Tea for Two’ from the 1925 musical ‘No, no, Nanette’"
17,17,"2 Scarlatti Pieces, op. 17",Две пьесы Доменико Скарлатти,,1928/10-1928/11,"1. Pastorale Allegro non tanto
2. Capriccio Presto","wind band
3(III=picc).2.2.2-2.2.1.0-timp",,,"[domenico scarlatti (1685 - 1757)]
Orchestration of harpsichord sonatas D minor L413/K9 and E flat major L375/K20"
18,18,"New Babylon, op. 18",Новый вавилон «Эпизоды из жизни Парижской коммуны»,Leningrad,1928/12-1929/3,"Reel No. 1 ‘General Sale’Allegro non troppo · Allegro · Andantino · Allegro · Andantino · Allegro · Andante
Reel No. 2 ‘Head Over Heels’Allegro moderato · Andantino · Allegro vivo
Reel No. 3 ‘The Siege of Paris’Largo · Allegro · Largo
Reel No. 4 ‘18 March 1871’Andante · Allegro · Andante · Più mosso · Allegro · Molto meno mosso · Allegretto · [Andante semplice] · Adagio
Reel No. 5 ‘Versailles Against Paris’Allegretto · Allegro · Andante · Allegro moderato
Reel No. 6 ‘The Barricade’Adagio · Allegro moderato · Allegretto · Scherzando · Allegro [con] brio · Andante semplice · Allegro [con] brio
Reel No. 7 ‘To the Firing Squad’[Andante] · Allegro · Andante ·  Adagio · Allegro · Andante
Reel No. 8 ‘Death’Largo · Allegro appassionato","1.1.1.1-2.1.1.0-perc(3):tgl/flex/tom-t/tamb/SD/BD/cyms/susp.cym/xyl-pft- 
strings",,,Music to the silent film
18.1,18a,"Suite from “New Babylon”, op. 18a","Сюита из музыки к кинофильму «Новый вавилон» для оркестра, Соч. 18a",,,"1. War Allegro non troppo
2. Paris Allegro moderato attacca
3. The Siege of Paris Largo
4. Operetta Moderato
5. Paris Has Stood for Centuries Allegretto
6. Versailles Adagio · Allegretto","1.1.1.1-2.1.1.0-perc(3):timp/tgl/flex/tamb/SD/BD/cyms/gong/tam-t/xyl-pft
strings",,,compiled by Gennadi Rozhdestvensky (1976)
19,19,"the Bedbug, op. 19","Клоп, Соч. 19",Leningrad,1929/1-1929/2/13,"1. March Tempo di marcia
2. Foxtrot Allegro non troppo [for two bayans]
3. Galop and ‘Tryasuchka’ [‘Shaker’] / Foxtrot Allegro [for two bayans]
4. Foxtrot (Wedding) / Intermezzo Allegretto
5. — (Myzyka: Wedding Scene) Allegro [not included in the staging]
6. People lived strangely in the 19th century [not included in the staging]
7. Bayan. For the rinsing of your throat
8. Waltz Andante
9. Foxtrot (Muzyka: Scene in the Boulevard)
10. Fire
11. Fire Signals
12. Firemen’s Chorus Marciale
13. Symphonic Entr’act Allegro [music from Nos. 4 and 10, not included in the staging]
14. March of the Pioneers Allegretto [not included in the staging]
15. March of the City-Elders Tempo di marcia
16. Flourish Allegro
17. Waltz Moderato
18. Final March Giocoso","2.0.2.2ssax.0-1.2.1.1.perc:tgl/flex/tom-t/SD/BD/cyms-balalaika-gtr-strings
male choir-accordion trio and piano on scene-additional brass: ahn, barhn, 
tuba",,,"Incidental music to Vladimir Mayakovsky’s ‘magical comedy’ in five acts and ten 
scenes"
19.1,19a,"Suite from the Bedbug, op. 19a","Сюита из музыки к спектаклю «Клоп» для оркестра, Соч. 19a",,,"1. March Tempo di marcia [No. 1]
2. Galop Allegro [No. 2]
3. Foxtrot Allegro non troppo [No. 3]
4. Waltz Andante [No. 6]
5. Intermezzo Allegretto
6. Scene in the Boulevard [Allegro moderato] [No. 10]
7. Final March [Giocoso] [No. 15]",,,,"arranger of this compilation is not known. Its existence is documented by De
rek C. Hulme"
20,20,"Symphony No. 3 in E‐flat major, op. 20 “the First of May”",Симфония № 3 «Первомайская»,Leningrad-Crimea-Caucasus-Leningrad,1929/4 – 1929/10,One movement: Allegretto · Allegro · Più mosso · Meno mosso · Allegro · Andante · Allegro · Poco meno mosso · Largo · Allegro molto · Meno mosso · Andante · Largo · Moderato · Più mosso,"orchestra with mixed choir
3(III=picc).2.2.2-4.3.3.1-timp.perc:tgl/SD/cyms/BD/tam-t/glsp/xyl-strings",,,Text by Semyon Kirsanov
21,21,"6 Romances on Words by Japanese Poets, op. 21","Шесть романсов на слова японских поэтов для тенора с оркестром, Соч. 21",Leningrad,1928/10/7–1932/5,"1. Love Andante
2. Before Suicide Adagio
3. An Indiscreet Glance Allegretto
4. For the First and Last Time Andante
5. Hopeless Love Adagio
6. Death Largo","tenor and orchestra
2(II=picc).2.4(IV=Ebcl,bcl).3(III=dbn)-4.3.3.1-timp.perc:cyms/tam-t/glsp/xyl
2hp-strings",,Dedicated to Nina Vasilievna Varzar,
22,22,"the Age of Gold, op. 22","Золотой век. Балет в трёх действиях, шести картинах, Соч. 22",Leningrad,1929/7/1-1924/10/31,,"2(II=picc).2(II=corA).3(II=Ebcl,III=bcl).2sax.2(II=dbn)-4.3.3.1.euph-timp.
perc:tgl/wdbl/tamb/SD/cyms/BD/tam-t/xyl-banjo-bayan-hp-cel-strings-ban
da:2crt/2tpt/2ahn/2barhn/2tuba",,,"Libretto by Alexander Ivanovsky, revised by Vladimir Boriskovich"
22.1,22a,"Suite from “The Age of Gold”, op. 22a","Сюита из балета «Золотой век», Соч. 22a",Leningrad,"1930, revised 1935","1. Introduction [Nos. 1 and 2] Allegro non troppo (q = 112) · Allegretto (q = 168) · q = 120 · Più mosso (h = 92) · q = 168
2. Adagio [No. 9] q = 72
3. Polka [No. 30] Allegretto (q = 84) · Presto (q = 208)
4. Dance [No. 11] Allegro (q = 144)","1.picc.1.corA.1.Ebcl.bcl.ssax.1.dbn-4.barhn.3.3.1-timp.perc:tgl/wdbl/
tamb/SD/cyms/BD/tam-t/xyl-bayan-strings",,,
23,23,"Columbus, op. 23","Бедный Колумб. Две пьесы к опере Э. Дресселя для оркестра и хора, Соч. 23",Leningrad,1929/1 - 1929/3,"1. Overture Allegretto poco moderato · Molto meno mosso
2. Finale Moderato · Allegretto · Andantino · Allegro","3(II,III=picc).3(III=corA).4(III=Ebcl,IV=bcl).4(IV=dbn)-4.4.3.1-timp.perc:tgl/
cast/flex/tom-t/tamb/SD/BD/cyms/tam-t/xyl-strings-mixed choir",,,2 orchestral pieces for insertion in Erwin Dressel’s opera ‘Armer Columbus’ (1927)
24,24,"the Gunshot, op. 24","Выстрел. Музыка к комедии в стихахв в трёх действиях Александра Безыменского, 
Соч. 24",Leningrad,1929 Autumn – 1929/12/18,"1. Dundya’s Romance [Allegro moderato] [for tenor]
2. Choir [Moderato]
3. Episode No. 4 [Con moto]
4. Entry of the Heads of Departments [Marciale] [brass only]
5. Entry of the Secretaries [Tempo ad libitum] [balalaikas]
6. Episode No. 9 Allegro
7. Episode No. 10 Allegro
8. Episode No. 11 Allegretto","1.0.1.1-1.1.1.1-timp.perc:rattle/wdbl/tamb/SD/BD/cyms,tam-t-balalaika(2)
pft-str(only vlns)-mixed chorus-banda:2crt/ahn/thn/barhn",,,Incidental music to Alexander Bezymensky’s verse play comedy in three acts
25,25,"Virgin Soil, op. 25","Целина. Музыка к пьесе в трёх кругах Аркадия Горбенко и Николая Львова, Соч. 
25",Leningrad,1930 spring –  1930/5/3,,picc.0.1.1-1.1.1.1-timp-pft-strings(1.1.1.1.0),,,Incidental music to the play by Arkadi Gorbenko and Nikolai Lvov
26,26,"Alone, op. 26","Одна. Музыка к кинофильму, Соч. 26",Odessa – Leningrad,1930/9/17–1931/3/9,7 Reels,"3(III=picc).3(III=corA).4(III=Ebcl,IV=bcl).3(III=dbn)-4.2.3.1-timp.
perc:tgl/wdbl/SD/BD/cyms/tam-t/glsp/xyl)-theremin-hp-harm-org-strings
banda:2crt/2ahn/2barhn/2tuba-choir with soprano (Nos. 2 and 8), mezzo
soprano (Nos. 24, 40) and tenor (Nos. 6, 8, 14, 25) solos",,,Music to the silent film
27,27,"the Bolt, op. 27","Болт. Балет в трёх действиах, семи картинах, Соч. 27",Leningrad,1930 Autumn – 1931/1,,"2(II=picc).picc.2.corA.2.Ebcl(=bcl).2.dbn-6.3.3.1-timp.perc:tgl/tamb/SD/BD/
cyms/gong/glsp/xyl-strings-banda (Finale): Ebcrt/2Bbcrt/2tpt/2thn/2barhn/2tu
ba",,,Libretto by Viktor Smirnov
27.1,27a,"Suite from “The Bolt” (Ballet Suite No. 5), op. 27a","Сюита из балета «Болт», Соч. 27a",,"1931, revised 1934","1. Overture Adagio · Allegro [No. 1]
2. Polka Allegretto · Allegro · Moderato · Allegretto · Più mosso · Allegretto ·Allegro [No. 11]
3. Variation Moderato non troppo [No. 38]
4. Tango Allegretto · Andante · Più mosso · Più mosso · Allegretto · Allegro ·Meno mosso · Allegro [No. 29]
5. Intermezzo Allegretto [No. 10]
6. Finale Allegro [No. 43]","3(II,III=picc).3(III=corA).3(III=Ebcl).3(III=dbn)-6.3.3.1-timp.perc:tgl/tamb/
SD/BD/cym/tam-t/glsp/xyl-strings-banda:3crt/2tpt/2ahn/2thn/2barhn/2tuba",,,compiled by Alexander Gauk
28,28,"Rule, Britannia!, op. 28","Правь, Британия! Музыка к пьесе Адриана Пиотровского в четырёх дейст
виях, Соч. 28",Leningrad,1931/4,"1. The Internationale Allegro · Meno mosso 
2. Infantry March Allegretto
3. On the Soviet Road Allegretto non troppo
4. Protest Allegro · Adagio · [Allegro]
5. Lift the Flags Allegretto
6. The Flags are Stirring Allegro",1(=picc).0.0.bcl.1-1.2.1.1-timp.perc:tgl/SD/cyms/BD-pft-strings-chorus,,,Incidental music to Adrian Piotrovsky’s play in four acts
29,29,"Lady Macbeth of the Mtsensk District, op. 29","Леди Макбет Мценского уезда. Опера в четыёх действиях, девяти картинах, Соч. 29",,1930/10/14-1930/12/17,,"2.picc.2.corA.2.Ebcl.bcl.2.dbn-4.3.3.1-timp.perc:tgl/flex/wdbl,/tamb/SD/BD/
cyms/tam-t/glsp/xyl-2hp-cel-org (ad lib.)-strings; additional brass:8crt.4tpt.12
hn(4A.4T.4Bar).4tuba",,Dedicated to Nina Vasilievna Varzar,"Libretto by Alexander Preis and Dmitri Shostakovich based on the story by Nikolai 
Leskov. English translations by L. Soudakova, Vladimir Lakond, Sonia Benderoff, 
Merle Puffer, Michel Dimitri Calvocoressi, Edward Downes and David Pountney. 
German translation by Jörg Morgener and Siegfried Schoenbohm."
29.1,29a,"Suite from “Lady Macbeth of the Mtsensk District”, op. 29a","Сюита из оперы «Леди Макбет Мценского уезда» для симфонического оркестра, 
Соч. 29a",,1932/12,"1. Allegro con brio
2. Presto · Allegretto · Moderato · Presto · Moderato · Presto · Moderato ·Adagio · Allegro
3. Allegretto","orchestra
3(III=picc).3(III=corA).4(III=Ebclar,IV=bcl).3(III=dbn)-4.3.3.1-timp.perc:tgl/
wdbl/SD/BD/cym/tam-t/xyl-2hp-strings-banda:4crt/2tpt/2ahn/2thn/2barhn/
2euph",,,
30,30,"Golden Mountains, op. 30","Златые горы. Музыка к кинофильму, Соч. 30",Leningrad,1931 summer –  1931 autumn,"1. Galop (No. 1) Allegro 
2. (No. 3) Presto
3. (No. 10) Moderato
4. (No. 11) Andantino · Allegro · Adagio · Andantino
5. Pyotr sells watches (No. 26) Andante
6. [balalaika, harp and five bassoons] Andante
7. (Nos. 1-3) Moderato non troppo
8. Polka (No. 4) Allegro
9. (Nos. 1, 2) [domras and balalaikas] Moderato · Allegro · —
10. (No. 3) [voice, domras, balalaikas and two trumpets] Allegro
11. Pyotr’s run Allegro
12. Pyotr’s second run Allegro
13. (No. 44) Allegro
14. Beginning of Part 7 (No. 99) Andante · Adagio
15. [for five bassoons] Adagio","3(III=picc).3(III=corA).3(III=bcl).5(V=dbn)-4.3.3.1-timp.perc:tgl/SD/BD/cyms/
glsp/xyl-Hawaiian.gtr-hp-pft-bayan-org-strings-banda:2crt/2ahn/2barhn/
2euph-domras/balalaikas",,"Dedicated to our co-author, the Worker correspondent of «Krasny Putilovets» Plant",Music to the film
30.1,30a,"Suite from ""Golden Mountains"", op. 30a","Сюита из музыки к кинофильму «Златые горы» для оркестра, Соч. 30a",Leningrad,1931,"1. Introduction Moderato [q = 88]
2. Waltz Andante · Più mosso
3. Fugue Largo · Allegro
4. Intermezzo Andante attacca
5. Funeral March Largo attacca
6. Finale Largo","3(III=picc).3(III=corA).3(III=bcl).ssax.asax.tsax.3(III=dbn)-8.4.4.2
perc:timp/SD/BD/cyms/glsp/xyl-Hawaiian.gtr-2hp-org-strings",,,compiled by the composer
31,31,"Declared Dead, op. 31","Условно убитый. Музыка к эстрадно-цирковому представлению, Соч. 31",Leningrad,1931 summer,"1. Overture Andante · Allegro
2. Ruination of the City Allegro
3. Mashenka’s First Song ‘Oh, how pleasant of an evening ...’ [No. 3]
4. Mashenka’s Second Song ‘My dear, you see here and there ...’ [No. 4]
5. Transition to the Field Hospital [No. 6]
6.  [Untitled] [No. 7]
7. Transition to the Field [No. 8]
8. The Field [A Landscape] [No. 9]
9. Polka [No. 11]
10. March. Camouflage [No. 12]
11. The bottom of the River [No. 15]
12. Finale of Act I. Dance of the Temporary Victors [No. 16]
13. Introduction to Act II. Petrushka [No. 16a]
14. Petrushka (Garmoshka) [No. 17]
15. Couplets. [‘Look! Look! how quick and nifty we are!’] [No. 17a]
16. The Storm [No. 17b]
17. The Arrival of the Lorry [No. 18]
18. Dance [No. 18a]
19. Jugglers and Waitresses [No. 19]
20. Transition to the Kitchen [No. 21]
21. The Waitresses [No. 21a]
22. Beiburzhuev’s Monologue [No. 24]
23. Beiburzhuev’s Song ‘You sit and sing, and suddenly there’s fire ...’ [No. 24a]
24.  [Continuation of Beiburzhuev’s Monologue] [No. 24b]
25. Good Luck [No. 25]
26. Paradise. Flight of the Cherubim [No. 26]
27. Paradise. Flight of the Angels [No. 27]
28. Adagio [No. 28]
29. Bacchanalia of John of Kronstadt and Paraskeva Pyatnitsa [(No. 29)]
30. Waltz [No. 29a]
31. [Chorus: Holy! Holy!] [No. 30]
32. [Chorus: Holy! Holy!] [No. 31]
33. [Chorus: Holy! Holy!] [No. 32]
34. [Chorus ‘On the sea and on the land’] [No. 33]
35. The Twelve Apostles [No. 33a]
36. The Archangel Gabriel’s Number [No. 34]
37.  [Untitled] [No. 35]
38.  [Untitled] [No. 36]","2(II=picc).1.1.ssax.asax.tsax.1-2.2.1.1-perc:timp/SD/BD/cyms-banjo-pft
strings(4.4.2.2.2)",,,Music to a music-hall show by Vsevolod Voyevodin and Evgeni Ryss
31.1,31a,"Suite from ""Declared Dead"", op. 31a","Сюита из музыки к эстрадно-цирковому представлению «Условно убитый», 
Соч. 31a",,,"1. Transition to the Field Hospital Allegretto [No. 6] attacca
2. Galop Allegro [No. 7] 
3. Transition to the Field [Allegro  (q = 100)] [No. 8] attacca
4. The Field [A Landscape] Andantino [No. 9]
5. Introduction to Act II. Petrushka Allegro · L’istesso tempo [No. 16a] Garmoshka L’istesso tempo [No. 17]
6. The Storm Allegro [No. 17b]
7. The Arrival of the Lorry Allegro [No. 18] attacca
8. Dance Andante · Allegro [No. 18a]
9. Transition to the Kitchen (Jugglers and Waitresses) Allegretto (Allegro) [Nos.
19, 21]
10. Waitresses Allegro [No. 21a]
11. Paradise. Flight of the Cherubim Allegretto [No. 26] Flight of the Angels L’istesso tempo [No. 27]
12. Adagio [No. 28]
13. Bacchanalia of John of Kronstadt and Paraskeva Pyatnitsa Presto [(No. 29)]
14. Waltz Moderato [(No. 29a)]
15. The Archangel Gabriel’s Number Allegretto poco moderato (q = 120) [No. 34]
16. Polka Con moto [No. 11]
17. March (Camouflage) Allegretto [No. 12]
18. River-Bed Moderato · Molto più mosso [No. 15]
19. Finale to Act I: Dance of the Temporary Conquerors Moderato · Più allegro al fine [No. 16]","1.picc.1.1.bcl.2.ssax.tsax-1.2.2.1-timp.perc(4/5):tgl/SD/TD/BD/sus,cym/
cyms/cym(l)/tam.t/tamb/wdbl/xyl/glsp/police whistle/whip/lion‘s roar/flex/
claxon-pft-strings",,,compiled  and orchestrated by Gerard McBurney
32,32,"Hamlet, op. 32","Гамлет. Музыка к Трагедии Уильяма Шекспира, Соч. 32",Leningrad-Moscow,1931/12-1932/2,,"2.picc.1.1.1-2.2.1.1-timp.perc:tgl/tamb/tom-t/SD/BD/cyms/gong/tam-t/flex
strings-soprano.mezzo-soprano.bass choir",,,"Incidental music to William Shakespeare’s tragedy 
Russian translation by Mikhail Lozinsky with insertions from texts by Desiderius 
Erasmus"
32.1,32a,"Suite from ""Hamlet"", op. 32a","Сюита из музыки к трагедии В. Шекспира «Гамлет» для малого оркестра, Соч. 
32a",Leningrad-Moscow,1932,"1. Introduction and Night Patrol Allegro non troppo · Moderato. Poco allegretto [Nos. 1, 2]
2. Funeral March Adagio [No. 4]
3. Flourish and Dancing Music Allegro [Nos. 7, 8]
4. The Hunt Allegro [No. 16]
5. The Actors’ Pantomime Presto [No. 37 = ‘The Banquet’]
6. Procession Moderato [No. 25 = ‘Entrance of the Guests’]
7. Musical Pantomime Allegro [No. 29 = ‘Pantomime’]
8. The Banquet Allegro [No. 38 = ‘Can-can’]
9. Ophelia’s Song Allegro · Meno mosso · Meno mosso · Meno mosso · Presto [No. 39]
10. Lullaby Andantino [No. 41]
11. Requiem Adagio [No. 44]
12. The Tournament Allegro [No. 45]
13. Fortinbras’ March Allegretto [No. 50]",2(II=picc).1.1.1-2.2.1.1-timp.perc:tgl/tamb/SD/BD/cyms/tam-t-strings,,,compiled by the composer
33,33,"Encounter, op. 33","Встречный. Музыка к кинофильму, Соч. 33",Leningrad,1932 Autumn,"1. Presto attacca
2. Andante 
3. Andante · [Allegro]",3(III=picc).2.2.3(III=dbn)-4.3.3.1-timp.perc:tgl/SD/cyms/glsp/2xyl-2hp-strings,,Commissioned to celebrate the fifteenth anniversary of the revolution,Music to the film
34,34,"24 Preludes, op. 34","Двадцать четыре прелюдии для фортепиано, Соч. 34",Leningrad-Moscow,1932/12/30–1933/3/2,"1. C major Moderato (q = 69)
2. A minor Allegretto (h . = 63)
3. G major Andante (q = 88)
4. E minor Moderato (q = 84)
5. D major Allegro vivace (q = 200)
6. B minor Allegretto (q = 116) · Moderato
7. A major Andante (q = 96)
8. F sharp minor Allegretto (q = 96)
9. E major Presto (h . = 108)
10. C sharp minor Moderato non troppo (q = 108) · Allegretto · Moderato non
troppo
11. B major Allegretto (q = 120)
12. G sharp minor Allegro non troppo (h  = 92)
13. F sharp major Moderato (q = 100)
14. E flat minor Adagio (q = 63)
15. D flat major Allegretto (h . = 76)
16. B flat minor Andantino (q = 120)
17. A flat major Largo (q = 80)
18. F minor Allegretto (q = 126)
19. E flat major Andantino (q . = 84)
20. C minor Allegretto furioso (q = 116)
21. B flat major Allegretto poco moderato (h  + q = 52)
22. G minor Adagio (q = 76)
23. F major Moderato (q . = 76)
24. D minor Allegretto (h = 76)",piano,,,
35,35,"Concerto for Piano and Orchestra No. 1 in C minor, op. 35","Концерт для фортепиано с оркестром № 1, Соч. 35",Leningrad-Peterhof,1933/3/6–1933/7/20,"1. Allegro moderato (q = 96) · q = 108 · q = 132 · Allegro vivace (q = 160) · Allegretto
(q = 132) · Allegro (q = 144) · Moderato (q = 84)
2. Lento (q = 76) · Con moto · q = 88 · Più mosso (q = 120) · q = 100 · Largo (q = 88) ·
q = 76 attacca
3. Moderato (q = 108) · q = 84 · q = 108 attacca
4. Allegro con brio (q = 184) · q = 168 · Presto (h = 108) · q = 184 · Allegretto poco
moderato (q = 120) · Allegro con brio (q = 184) · Presto (h = 120)","Piano, String Orchestra, Trumpet",,,
36,36,"the Tale of the Priest and His Servant Balda, op. 36","Сказка о попе и о работнике его Балде. Музыка к мультипликационному фильму, 
Соч. 36",Leningrad,1933/3/6–1934/11/5,,"4(III,IV=picc).3(III=corA).4(III=Ebcl,IV=bcl).ssax.tsax.2sax.3(III=dbn)
4.3.baritone.3.1-timp.perc:tgl/whistle/glass/rattle/whip/2wdbl/pistol/tamb/
SD/BD/cyms/susp.cym/bells/glsp/xyl-balalaika-gtr(7str)-hp-accodion-strings",,,"Music to an animated cartoon film by Mikhail Tsekhanovsky, after Alexander Push- 
kin’s tale"
36.1,36a,"Suite from “The Tale of the Priest and His Servant Balda”, op. 36a","Сюита из музыки к мультипликационному фильму «Сказка о попе и о работ
нике его Балде», Соч. 36a",,,"1. Overture Allegro non troppo [No. 1]
2. The Ghouls’ Procession Moderato [No. 23] 
3. Carousel Allegretto [No. 7]
4. Bazaar. Introduction Allegro [No. 2]
5. Balda’s First Dialogue with the Imp Allegro · Moderato · Presto · Meno
mosso [No. 25]
6. The Priest’s Daughter’s Dream Moderato [No. 18]
7. Finale (repetition of the overture) Allegro non troppo [No. 1]","2.picc.3(III=corA).2(II=bcl).Ebcl.tsax.2.dbn-4.3.bar.3.1-perc:timp/wdbl/tamb/
SD/BD/cyms/xyl-gtr-hp-strings",,,"compiled by Gennadi Rozhdestvensky (1978)
According to Derek C. Hulme, Op. 36a was also compiled by the composer"
37,37,"the Human Comedy, op. 37","Человеческая комедия. Музыка к пьесе Павела Сухотина в пяти действиях для 
молого оркестра, Соч. 37",Leningrad,1933 – 1934/2,"1. Introduction Moderato (q = 132)
2. Overture Moderato
3. The Students’ Song Allegretto
4. Waltz Allegro bravura (h k = 84) Da capo al Fine [for piano]
5. Elegy Moderato (h = 69) [for piano]
6. March Allegretto
7. Merry Paris Allegretto
8. The Theatre Allegro con brio (h = 96)
9. The Theme of Paris Andantino (q = 88)
10. Cruel Paris Moderato
11. Gavotte Allegretto (h = 80) [attacca] · Trio Allegretto Gavotte da capo al Fine
12. Flourish Allegro molto
13. The Panorama of Paris Andantino (q = 88)
14. Panic on the Exchange Presto (h k = 96)
15. Barrel Organ Andantino
16. Bank of the Seine Andantino
17. The Casket with Diamonds Allegretto
18. Police March Allegretto (q = 92)
19. Flourish Allegro
20. Sarabande Moderato (q = 100)
21. Scandal Allegro molto
22. [Episode] Allegretto [for piano]",1.1.1.1-2.2.baritone.1.1-timp.perc:tgl/tamb/SD/cyms-pft-strings,,,"Incidental music to a play in 5 acts by Pavel Sukhotin adapted 
from Honoré de Balzac’s novel cycle ‘La comédie humaine’ (‘Le Père Goriot’, ‘Lost 
Illusions’, ‘The Firm of Nucingen’, ‘Splendour and Misery of Courtesans’)"
38,38,"Love and Hatred, op. 38","Любовь и ненависть. Музыка к кинофильму, Соч. 38",Leningrad-Moscow-Leningrad,1934/9-1934/10,"1. Overture
2. How Long will my Heart Ache? [for female choir with orchestral refrains] 
3. March
4. Waltz
5. Waltz [Variant of No. 4 not used in the film]
6. The inundation of the mine
7. Women at the pumps
8. Za rabochuyu krainu ... [for male choir with accompaniment]
9. Selection of the women
10. The women descent the mine shaft
11. The murder of the soldier
12. No. 5 The Burial
13. No. 6 [without title]
14. No. 7 [without title, in D major]
15. No. 8 [without title, in C sharp minor]
16. The Feast
17. Without title [Vasilisa’s Suffering]",,,,Music to the film
39,39,"the Limpid Stream, op. 39","Светлый ручей. Комедийный балет в трёх действиях, четырёх картинах, Соч. 39",Leningrad,1934 – 1935,,"2.picc.2.corA.2.Ebcl.bcl.3(III=dbn)-6.3.3.1-timp.perc:tgl/wdbl/tamb/SD/BD/
cyms/tam-t/glsp/xyl-hp-strings-banda:3crt/2tpt/2ahn/2thn/2barhn/2tubas",,,"Comedy Ballet in three acts and four scenes by Adrian Piotrovsky and Fyodor Lo
pukhov"
39.1,39a,"Suite from “The Limpid Stream”, op. 39a","Сюита из балета «Светлый ручей», Соч. 39a",,,"1. Waltz [No. 38] Andantino
2. Russian Folk Dance [No. 12] Moderato con moto
3. Galop [No. 32] Allegro
4. Adagio [No. 29]
5. Pizzicato [No. 41] Allegretto","3(III=picc).3(III=corA).3(III=Ebcl).3(III=dbn)-4.3.3.1-timp.perc:tgl/SD/cyms/
glsp-hp-strings",,,
40,40,"Sonata for Violoncello and Piano in D minor, op. 40","Соната для виолончели и фортепиано, Соч. 40",Moscow-Leningrad,1934/8/14-1934/9/19,"1. Allegro non troppo (q = 138) · Tempo I · Largo (q = 60)
2. Allegro (q = 176)
3. Largo (q = 60)
4. Allegro (q = 176)",,,Dedicated to Viktor Lvovich Kubatsky,
41,41,"Maxim’s Youth, op. 41","Юность Максима. Музыка к кинофильму, Соч. 41",Leningrad,1934 – 1935,,,,,Music to the film
41.1,41a,"Girlfriends, op. 41a","Полруги. Музыка к кинофильму, Соч. 41a",Leningrad,1934 – 1935,"1. Introduction Moderato [string quartet]
2. The Year 1914: The workers’ residential block and factory gates Allegretto [string quartet]
3. The families wait for the strikers to return Allegretto [string quartet, trumpet, piano]
4. ‘The Keys to Happiness’ Allegretto moderato [string quartet, trumpet, piano]
5. The children attempt to sing their ‘poppy song’ Allegretto [ensemble]*
6. By the river: Revolutionary song ‘Tormented by Lack of Freedom’ [solo voices]*
7. Fanfare [trumpet solo]*
8. The story of Silych’s son, Ivan Allegretto [trumpet, string quartet, harp, piano]
9. ‘Tormented by Lack of Freedom’ [male choir, children]*
10. The Year 1919: Russian Civil War [three trumpets, organ]*
11. Internationale – The girls leave for war [banda]*
12. The girls attend to the wounded soldiers Largo, Adagio [timpani, harp organ]*
13. The town of Pushkin has been taken by the enemy Alla Marcia [banda]*
14. Internationale – The girls’ and the wounded soldiers’ retreat by train [Theremin]
15. Zoya in the snowy forest Andante sostenuto [string trio]*
16. The Forester’s Hut Andante [piano, string quartet]
17. Fanfare: Andrei arrives with news from the front [2 trumpets, side drum]*
18. Fanfare [two trumpets]*
19. The girls find a chicken Allegro [piano, trumpet, string quartet, music not used in the film, which may represent the original opening music]
20. Natasha and Zoya sing: ‘Where are those warm nights?’*
21. Natasha and Zoya are rescued Allegro molto [full orchestra]*
22. Fanfare: Andrei and Senka arrive [2 trumpets]*
23. Andrei’s closing words Adagio [full orchestra]     
* reconstruction","3(III=picc).2.2(II=Ebcl).3(III=dbn)-4.3.3.1-timp.perc:SD/BD/cym/xyl-hp-org
theremin-strings-male choir-3female voices-string quartet-banda:4crt/2ahn/2
barhn/2euph",,Dedicated to Romain Rolland,
42,42,"5 Fragments, op. 42","Пять фрагментов для оркестра, Соч. 42",Leningrad,1935/6/9,"1. Moderato
2. Andante
3. Largo
4. Moderato
5. Allegretto","small orchestra
1.picc.1.corA.3(II=Ebcl,III=bcl).2(II=dbn)-2.1.1.1-perc:SD/xyl-hp-strings",,,
43,43,"Symphony No. 4 in C minor, op. 43","Симфония № 4, Соч. 43",Leningrad,1935/9/13–1936/4/26,"1. Allegro poco moderato (q = 92) · q = 54 · e = 108 · e = 138 · e = 60 · e = 108 · Presto (q = 168) · q = 184 · q = 69 · q = 92 · e = 60 · q = 108 · q = 72 · e = 69
2. Moderato con moto (e = 144)
3. Largo (q = 69) · Allegro (h k = 84) · q = 126 · q = 184 · q = 100 · h k = 100 · h k = 50","4.2picc.4(IV=corA).4.Ebcl.bcl.3.dbn-8.4.3.2-timp.perc(6):tgl/cast/wdbl/SD/
BD/cyms/tam-t/glsp/xyl-2hp-cel-strings",,,
44,44,"Salute to Spain!, op. 44","Салют, Испания! Музыка к спектаклю, Соч. 44",Leningrad,1936/10/26–1936/11/7,"1. Fanfares (three short items)
2. Song of Rosita Moderato
3. Funeral March Andante
4. Fragment Andante
5. March Allegro non troppo",2.2.2.2-4.4.3.1-timp.perc:SD/cyms/glsp-strings,,,Incidental music to a play by Alexander Afinogenov
45,45,"Maxim’s Return, op. 45","Возвращение Максима. Музыка к кинофильму, Соч. 45",Leningrad,1936/12–1937,"1. A Blue Balloon
2. Fourteenth year – running! Allegro
3. March Marciale maestoso [No. 3]
4. Fascinating Eyes Tempo di valse [No. 4]
5. Allegro con brio
6. Waltz Allegro molto [No. 6]
7. Polka Allegro [No. 7]
8. Allegretto [No. 8]
9. Waltz Allegro [No. 9]
10. Waltz Allegro [No. 10]
11. Assault Allegro con brio [No. 11]
12. Moderato [No. 13]
13. Demonstration Allegro [No. 15]
14. Funeral March Maestoso [No. 16]
15. Finale Allegretto [No. 17]
16. Moderato con moto [No. 20]
17. Waltz [No. 30]
18. [No. 31]","3(III=picc).2.3(III=Ebcl).2-4.3.3.1-timp.perc:SD/BD/cyms/glsp/xyl-hp-cel-pft
strings-banda:8hn/2crt/2tpt-7domras-6balalaika-gtr-bayan-solo voice-male 
choir",,,Music to the film
46,46,"4 Romances on Poems by Alexander Pushkin, op. 46","Четыре романса на слова Александра Пушкина для баса и фортепиано, Соч. 46",,1936 – 1937,"1. Renaissance Moderato (q = 72)
2. A Jealous Maiden, Sobbing Bitterly ... Allegretto (q = 144) · q = 116 · Andante (q = 88)
3. Premonition Allegro (h k = 92) · Meno mosso (h k = 72) · Adagio · Tempo I (h k = 92)
4. Stanzas Adagio (q = 76) · Poco più mosso (q = 96) · Più mosso (q = 112) · Moderato (q = 92) · Tempo I (q = 76) · Meno mosso",bass and piano,,,Composed in commemoration of the one-hundredth anniversary of the poet’s death
46.1,46a,"3 Romances on Poems by Alexander Pushkin, op. 46a","Три романса на слова Александра Пушкина для баса и камерного оркестра, Соч. 46a",,1936,"1. Renaissance Moderato (q = 72)
2. A Jealous Maiden, Sobbing Bitterly ... Allegretto (q = 144) · q = 116 · Andante (q = 88)
3. Premonition Allegro (h k = 92) · Meno mosso (h k = 72) · Adagio · Tempo I (h k = 92)","bass and small orchestra
0.0.1.0-0.0.0.0-hp-strings",,,arranged by the composer
47,47,"Symphony No. 5 in D minor, op. 47","Симфония № 5, Соч. 47",Gaspra-Leningrad,1937/4/18–1937/7/20,"1. Moderato (q = 76, q = 104) · Allegro non troppo (q = 126, q = 132) · Poco sostenuto (q = 126, q = 138) · Largamente (q = 66) · Più mosso (q = 84) · Moderato (q = 42)
2. Allegretto (q = 138)
3. Largo (q = 50) · Largamente · Poco più mosso (q = 72, q = 50, q = 72, q = 50)
4. Allegro non troppo (q = 88, q = 104, q = 108, q = 120, q = 126) · Allegro (q = 132) · Più mosso (h = 72, h = 92, h = 80) · Poco animato (— , q = 100-108, q = 116, e = 184)","2.picc.2.2.Ebcl.2.dbn-4.3.3.1-timp.perc:SD/tgl/cyms/BD/tam-t/xyl/glsp-2hp
cel-pft-strings",,,"[pierre de geyter (1848 – 1932)] 
Orchestration"
48,48,"Volochayevka Days, op. 48","Волочаевские дни. Музыка к кинофильму, Соч. 48",Leningrad,1936 – 1937,"1. Overture Allegretto
2. [No. 2]
3. Japanese Attack Allegretto [No. 14]
4. [Fragment] Allegro [No. 16]
5. Song of the Far East ‘Thro’ the Dales and o’er the Hills’ Moderato con moto
6. [Variant of No. 14] [No. 45]
7. Finale
8. [No. 46]
9. Two Russian Folksongs [in piano score] to accordionist Comrade Gvozdev
I. Moderato
II. Largo",3(III=picc).2.2.2-4.3.3.1-timp.perc:SD/BD/cyms-strings-male choir,,,Music to the film
49,49,"String Quartet No. 1 in C major, op. 49","Квартет № 1 для двух скрипок, альта и виолончели, Соч. 49",Leningrad,1938/5/30–1938/7/17,"1. Moderato (q = 80) · Meno mosso
2. Moderato (q = 80)
3. Allegro molto (h k = 96)
4. Allegro (h = 152)",,,,
50,50,"Vyborg District, op. 50","Выборгская сторона. Музыка к кинофильму, Соч. 50",Leningrad,1938/12,,,,,"Music to the film (part III in the ‘Maxim’ trilogy, which was awarded the Stalin Prize, 
First Class, in 1941 together with part I and II of the trilogy.)"
50.1,50a,"Suite From the ‘Maxim’ Film Trilogy, op. 50a","Сюита из музыки к кинотрилогии «Максим» для смешанного хора и оркестра, 
Соч. 50a",,,"1. Prelude (‘Boldly, Friends, on we March!’) Moderato · Allegro non troppo · Adagio
2. Attack Sequence Allegro
3. Death of the Old Worker Adagio
4. Waltz Allegro sostenuto
5. Demonstration ‘Varshavyanka’ Allegretto
6. Fight at the Barricades Allegro con brio · Presto
7. Funeral March Tempo di marcia funebre
8. Finale","2.picc.3.5(IV=Ebcl,V=bcl).3(III=dbn)-4.3.3.1-timp.perc:tgl/SD/BD/cyms/tam-t/
glsp/xyl-2hp-strings-mixed choir ad lib. in No. 1-banda in Nos. 7 and 8: 2tpt/
2asax/2tsax/2barsax/2tubas",,,"Compilation from ‘Maxim’s Youth’, Op. 41, ‘Maxim’s Return’, Op. 45, and ‘Vyborg 
District’, Op. 50, by Levon Atovmyan (1961)"
51,51,"Friends, op. 51","Друзья. Музыка к кинофильму, Соч. 51",Leningrad,1938/8,,,,,Music to the film
52,52,"the Great Citizen, op. 52","Великий гражданин. Музыка к кинофильму, Соч. 52",Leningrad,1938/12,,,,,Music to the film (part I)
53,53,"the Man With a Gun, op. 53","Человек с ружьём. Музыка к кинофильму, Соч. 53",Leningrad,1938/9,"1. Overture Allegretto [No. 1]
2. October Allegro moderato [No. 2]
3. Smolny Presto [No. 3]
4. Smolny Allegretto [No. 3a]
5. Finale Moderato [No. 4]","2.picc.2.2.2.dbn-4.3.3.1-timp.perc:tgl/SD/BD/cyms/glsp-strings-banda:2crt/2tpt/
2ahn/2thn/2barhn/2tubas",,,Music to the film
54,54,"Symphony No. 6 in B minor, op. 54","Симфония № 6, Соч. 54",Leningrad,1939/7–1939/10,"1. Largo (e = 72) · q = 44 · Poco più mosso e poco rubato (q = 52) · Moderato (q = 66) · Sostenuto · q = 52 · Sostenuto · Largo (q = 44)
2. Allegro (q = 88-96)
3. Presto (h = 152)","3(III=picc).3(III=corA).4(III=Ebcl,IV=bcl).3(III=dbn)-4.3.3.1-timp.perc:tgl/
tamb/SD/BD/cym/tam-t/xyl-hp-cel-strings",,,
55,55,"the Great Citizen, op. 55","Великий гражданин. Музыка к кинофильму, Соч. 55",Leningrad,1938/8–1939,,,,,music to the film (part II)
56,56,"the Story of a Silly Baby Mouse, op. 56","Сказка о глупом мышонке. Музыка к мультипликационному фильму, Соч. 56",Leningrad,1939 Spring,Allegretto (q = 80) · Moderato (q = 60) · Allegro (q = 152) · Moderato con moto (q = 76) · Presto (h = 120) · Moderato (q = 60) · Allegro (h = 60) · Moderato (q = 60) · Allegro (q = h) · Moderato (q = 60) · q = 120 · q = 60,"2(II=picc).2(II=corA).2(II=bcl).2(II=dbn)-4.2.2.0-timp.perc:tgl/wdbl/tamb/SD/
BD/cyms/susp.cyms/glsp/xyl-hp-cel-strings(2.2.2.2.2)",,,"Music to an animated cartoon, devoid of separate numbers, for eight singers and 
small orchestra"
57,57,"Piano Quintet in G minor, op. 57","Квинтет для двух скрипок, альта, виолончели и фортепиано, Соч. 57",Shalovo-Leningrad,1940/7–1940/9/14,"1. Prelude Lento (q = 72) · Poco più mosso (q . = 72) · Lento (q = 58) attacca
2. Fugue Adagio (q = 84)
3. Scherzo Allegretto (h . = 84)
4. Intermezzo Lento (q = 72) attacca
5. Finale Allegretto (h  = 96)",,,,
58,58,"Boris Godunov, op. 58",М. Мусоргский. Борис Годунов.,Leningrad-Gaspra,1939/11/24–1940/5/10,"prologue
1. Scene 1 ‘Courtyard of the Moscow Novodevichy Convent’
2. Scene 2 ‘Yard in the Moscow Kremlin. Entrance of the Tsar’s appartments. solemn sound of the bells’
act i
3. Scene 3 ‘Cell in the Chudovi Monastery. Night’
4. Scene 4 ‘Inn at the Lithuanian border’
act ii
5. Scene 5 ‘The Tsar’s appartment in the Moscow Kremlin’ (first and second redaction)
act iii
6. Scene 6 ‘Sandomir Castle. Marina Mnishek at the dressing table. Girls’
7. Scene 7 ‘Sandomir Castle. Garden. Fountain. Moonlit night’
act iv
8. Scene 8 ‘Square in front of St. Basil’s Cathedral. Crowd of the poor.
9. Scene 9 ‘The Granovitaya Palata in the Moscow Kremlin: The boyars’ extraordinary meeting’
10. Scene 10 ‘Clearing near Kromy. Night’","3(III=picc).3(III=corA).2.Ebcl.bcl.3(III=dbn)-4.3.3.1-timp.perc:tgl/tamb/SD/
BD/cyms/tam-t/t.bells/glsp/xyl-2-4hp-pft-cel-strings-banda on stage:2-4crt/3-6
hn/4tpt/6hn/4barsaxhn/2-4tubas-balalaikas.domras(opt)",,,"[modest musorgsky (1839 – 1881)] 
Reorchestration of Musorgsky’s opera in four acts with prologue (10 tableaux) based on the piano score edited by Pavel Lamm"
58.1,58a,"King Lear, op. 58a","Король Лир. Музыка к трагедии В. Шекспира, Соч. 58a",Leningrad,1940,"1. Introduction and Cordelia’s Ballad Andante
2. Returning from the Hunt Allegretto
3. Ten Songs of the Fool
I He who decides … Allegro [based on the tune ‘Jingle Bells’]
II Fools had ne’er less grace in a year Allegretto
III He that keeps nor crust nor crumb Allegro
IV The hedge-sparrow fed the cuckoo so long Moderato
V Fathers that wear rags … Allegretto
VI When priests are more in word than matter Presto
VII A fox when one has caught her Moderato
VIII The cod piece that will house … Moderato
IX He that has a tiny little wit Allegretto
X That sir which serves and seeks for gain Moderato
4. Finale of Act I Andante
5. The Storm is Coming up Andante
6. Scene on the Steppe Moderato
7. Gloster’s Blinding Moderato
8. Military Camp Andante
9. March Allegretto poco moderato
10. Fanfares I-V Allegro",1.picc.1.1.2-2.2.1.1-timp.perc:tgl/wdbl/tamb/SD/BD/cyms/gong-pft-strings,,,"Incidental music to William Shakespeare’s tragedy
Translations by Mikhail Kuzmin, Anna Radlova and Samuil Marshak (‘Ten Songs 
of the Fool’)"
59,59,"Korzinkina’s Adventures, op. 59","Приключения Корзинкиной. Музыка к кинофильму, Соч. 59",Leningrad,1940 Autumn,"1. Overture Allegretto
2. March Allegretto
3. The Chase Presto
4. Music at the Restaurant Moderato non troppo
5. Finale Andantino","2.picc.2.3(III=Ebcl).2-4.2.2.1-timp.perc:tgl/tamb/SD/BD/cyms/xyl-hp-pft(No. 
3 for piano solo, four hands)-strings-mixed choir",,,Music to the film
60,60,"Symphony No. 7 in C major, ‘Leningrad’, op. 60","Симфония № 7, Соч. 60",Leningrad-Kuibyshev,1941/7/19 – 1941/12/27,"1. Allegretto (q = 116) · Poco più mosso (q = 126) · Poco più mosso (q = 108) · Meno mosso (q = 69) · Poco più mosso (q = 92) · Allegretto (q = 126)
2. Moderato (poco allegretto) (q = 96)
3. Adagio (q = 112) · Largo (q = 92) · Adagio (q = 112) · Largo (q = 92) · Adagio (q = 112) · Largo (q = 92) · Moderato risoluto (q = 120) · Largo (q = 92) · q = 120 · Largo (q = 92) · Adagio (q = 112) · Largo (q = 92) · Adagio (q = 112) attacca
4. Allegro non troppo (h = 132) · Moderato (q = 100)","3(III=picc,afl).3(III=corA).4(III=Ebcl,IV=bcl).3(III=dbn)-4.3.3.1-timp.
perc(5):tgl/tamb/2-3SD/BD/cyms/tam-t/xyl-2hp-pft-strings(16-20.14-18.12
16.10-14.8-12)-banda:4hn/3tpt/3trbn",,Dedicated to the City of Leningrad,
,,The Devils,Бесы,,1905/4/19,,Romance for high voice and piano,,,"sketches, Text: Alexander Pushkin"
,,5 Piano Pieces,Пять фортепианных пьес,Petrograd,1914 –1915,"1. The Soldier
2. Fiery Sonata
3. The Noise of a Train
4. The Storm
5. The Tempest",piano,lost,,
,,Taras Bulba,Тарас Бульба. Опера по одноименной повести Н. В. Гоголя,Petrograd,1915 –1916,,,lost,,Opera on the eponimous novella by Nikolai Gogol
,,Hymn to Freedom,Гимн свободе для фортепиано,Petrograd,1915 –1916,,piano,lost,,
,,Revolutionary Symphony,Революционная симфония,Petrograd,1917 – 1918/4,,"orchestra, 1.1.1.1-0.0.1.0-SD-strings",fragments,,
,,Nostalgia,Тоска,Petrograd,1918,,piano,,,
,,"Funeral March, in Memory of the Victims of the Revolution",Траурный марш памяти жертв революции,Petrograd,1918/1,,piano,,,
,,"2 Preludes, ""op. 1""",Две прелюдии «op. 1»,Petrograd,1919,"1. Prelude in G minor Agitato
2. Prelude in G major Prestissimo",piano,,Dedicated to Boris Mikhailovich Kustodiev (No. 1),
,,Bagatelle,Багатель,Petrograd,1919,,piano,,Dedicated to Marianna Fyodorovna Gramenitskaya,
,,Variations on Mikhail Glinka’s Song “The Lark”,Вариации на тему романса Михаила Глинки «Жаворонок»,Petrograd,1919,,piano,unfinished,,
,,Piano Pieces From the Exercise Book “1919”,Фортепианные пьесы из тетради «1919»,Petrograd,1919,"1. Piece in C major Moderato
2. Prelude-March Adagio maestoso
3. In the Forest Presto · Tempo di valse · Tempo I",piano,,,
,,Exercise Piece,Учебная пьеса,Petrograd,1919 – 1920,,2 pianos,incomplete,,
,,3 Piano Pieces,Три рьесы,Petrograd,1919 – 1920,"1. Menuet Allegretto
2. Prelude Lento, ma non troppo
3. Intermezzo Allegretto",piano,,,
,,Exercise Pieces,Учебные пьесы,Petrograd,1919 – 1920,"1. Piece in F Major Moderato · Presto
2. Piece in F Major Andantino · Allegro
3. Piece in C sharp Minor Adagio · Presto, molto agitato con fuoco · Prestissimo
4. Movimento in C Major
5. Piece in C Major [Presto] incomplete
6. Piece in C Major incomplete",piano,,,
,,the Gypsies,Цыгане. Опера по поэме А. С. Пушкина,Petrograd,1920 – 1921,"1. Choir of the Gypsies Allegro [No. 1]
2. Trio of the Old Man, Zemfira and Aleko Moderato [No. 2]
3. Intermezzo Moderato [No. 3]
4. Recitativo (of the Old Man) and Dance Moderato [No. 4]
5. Song Andante con moto [No. 5]
6. Duet (of Zemfira and Aleko) Presto [No. 11]
7. The Old Man’s Arietta [No. 12]
8. Trio of Zemfira, Aleko and the Old Man Moderato [No. 13]",,incomplete,,Opera after Alexander Pushkin
,,Prelude,Прелюдия,Petrograd,1920 – 1921,,violoncello,incomplete,,
,,Sonata for Piano in B‐sharp minor,Соната для фортепиано,Petrograd,1920 – 1921,"1. [Allegro]
2. Andante con moto
3. [Scherzo]
4. [?]",,incomplete,,
,,"Military March in D major, op. 51/1, D. 733",Военный марш № 1,Petrograd,1921 – 1922,Allegro vivace,3(picc).2.2.2-4.2.3.1-timp.perc:tgl/BD-strings,not fully preserved,,"[franz schubert (1797-1828)] 
Arrangement for large orchestra"
,,"Fugue No. 7 in E‐flat major, Das Wohltemperierte Clavier II, BWV 876",Фуга № 7,Petrograd,1921 – 1922,,2.2.2.2-1.0.0.0-strings,,,"[johann sebastian bach (1685-1750)]
Arrangement for small orchestra"
,,"Rhapsody No. 4 in E‐flat major, op. 119","Рапсодия № 4, Соч. 119",Petrograd,1921 – 1922,Allegro risoluto,3(III=picc).2(II=corA).2.2-4.3.3.1-timp.perc:tamb/BD/cyms-strings,not fully preserved,,"[johannes brahms (1833-1897)]
Orchestration"
,,"Piano Sonata No. 32 in C minor, op. 111","Соната для фортепиано № 32, Соч. 111",Petrograd,1921 – 1922,Maestoso – Allegro con brio ed appassionato,3(III=picc).2.2.2-4.2.3.1-timp.perc:tgl/BD/cyms/tam-t-strings,not fully preserved,,"[ludwig van beethoven (1770-1827)] 
Orchestration of the first movement"
,,I Waited for Thee in the Grotto,»Я в гроте ждал тебя в урочный час ...«. Романс.,Petrograd,1921 – 1922,Text: Apollon Maikov,2.2.2.2-4.0.0.0-timp-hp-strings,,,"[nikolai rimsky-korsakov (1844-1908)]
Arrangement for soprano and orchestra from Rimsky-Korsakov’s op. 40, 4"
,,"Bilder aus dem Osten, op. 66/5",Восточная картина № 5,Petrograd,1921 – 1922,Lebhaft,3(picc).2.2.2-4.2.3.1-timp.perc:BD/cyms-strings,not fully preserved,,"[robert schumann (1810-1856)] 
Arrangement for large orchestra"
,,In the Beginning Was...,В начале было ...,Petrograd,1921 – 1922,,"soprano, contralto, tenor and bass or mixed choir",fragment,,
,,3 Piano Pieces,Три рьесы,Petrograd,1921 – 1922,"1. Humoreske in C major
2. Fugicha in F minor
3. Chromatic Fugue in D minor",piano,fragments,,
,,5 Preludes,Пять прелюдий,Petrograd,1921(?),"1. A minor Allegro moderato e scherzando [No. 5 from op. 2]
2. G major Andante [No. 2 from op. 2]
3. E minor Allegro moderato [No. 3 from op. 2]
4. D flat major Moderato · Andante amoroso · Moderato · Andante cantabile [No. 7 from op. 2]
5. F minor Andantino [No. 6 from op. 2]",piano,,,
,,the Little Mermaid,Морская царевна,Petrograd,1922 – 1923,,,lost,,Ballet on a libretto by Yuri Iosifovich Slonimsky and Dmitri Shostakovich after Hans Christian Anderen’s eponymous fairy tale
,,7 Fugues,Семь фуг,Petrograd,1922 – 1923,"| 1 | C major | 2            |
| 2 | F major | 4            |
| 3 | E minor | 4            |
| 4 | D minor | 4            |
| 5 | C minor | 4 incomplete |
| 6 | D major | 4 incomplete |
| 7 | C minor | 4 incomplete |",piano,,,
,,Piano Piece in G major,Фортепианная пьеса,Petrograd,1922 – 1924,Mistico,,,,
,,Piano Quintet,Квинтет,Petrograd,1923,"1. lost
2. Fantastic Scherzo [beginning]",,unfinished,,
,,Suite for Violin and Piano,Сюита для скрипки и фортепиано,Petrograd,1923 – 1924,,,lost,Dedicated to Veniamin Iosifovich Sher,
,,Sonata for Piano,Соната для фортепиано,Petrograd,1923 – 1924,,,lost,,
,,Scherzo,Скерцо,Petrograd,1923 – 1924/2,,orchestra,lost,,
,,Dance in C minor,Танец,Petrograd,1923/11/30,Moderato quasi Allegretto,piano,,Dedicated to Zoya Dmitrievna Shostakovich,
,,Symphony No. 10,Симфония № 10.,,1925 – 1929,Andante · Adagio · Andante come prima · Tempo Adagio,piano four hands,unfinished,,"[gustav mahler (1860 - 1911)] 
Arrangement for piano four hands of the second movemet"
,,Concerto for Piano and Orchestra,Концерт для фортепиано с оркестром,Leningrad,1926,,,,,sketches only
,,Main Street,М. К. Михайлов. Главная улица.,Leningrad,1927/10-1927/11,,2.picc.2.corA.2.Ebclbcl.2.dbn-6.3.3.1-timp.prc:tamb/SD/BD/tam-t-hp-strings,,,Synesthetic stage composition in 2 acts on a text by Demyan Bedny
,,"Hey, Let’s Bang!","Эй, ухнем.",Leningrad,1929 (?),,3(III=picc).2.2.0-4.2.3.1-timp.perc:BD/cyms/tam-t-strings,,,Folk song arrangement (‘Song of the Volga Boatmen’)
,,Cudgel,Дубинушка,,1930s (late),,2.2.2.2-4.2.3.1-timp-strings,,,"Folks song arrangement for bass and orchestra
Text: Vasili Bogdanov"
,,2 Pieces for String Quartet,Две пьесы для струнного квартета,Batumi,1931/10/31–1931/11/1,"1. Elegy [F sharp minor] Adagio · Più mosso · Tempo I
2. Polka [B flat major] Allegretto · Allegro",,,Dedicated to the Jean-Baptiste Villaume Quartet,
,,Impromptu,Экспромт,Leningrad,1931/5/2,Adagio · Allegro,viola and piano,,Dedicated to Alexander Mikhailovich Ryvkin,
,,Overture to “The Green Company”,Увертюра к оперетте И. И. Дзержинского «Зелёный цех»,Leningrad,1932,,,lost,,"[ivan dzerzhinsky (1909 - 1978)]
Orchestration of the overture to Ivan Dzerzhinsky’s operetta ‘The Green Company’"
,,Passacaglia,Пассакалия,,1932 (late),Largo (q = 69),organ,,,arrangement of the entr’acte between scenes 4 and 4 from op. 29
,,On Combat Course,Боевым курсом,Leningrad,1932 summer – 1932/8,,,,,"Incidental music to the eponymous TRAM production by Arkadi Gorbenko, Nikolai Lvov and Mikhail Sokolovsky. 
Music jointly composed by Feodosi Rubtsov and Dmitri Shostakovich"
,,the Great Lightning,Большая молния.,Leningrad,1932/3-1932/6/11,"1. Overture Allegro attacca 
2. Scene Allegro
3. The Architect’s Song Allegretto
4. Scene with an American Allegro
5. Maiofel’s Song (The Factory Owner’s Song) Andantino
6. Telephone Calls Allegretto
7. Semyon’s Song Andantino
8. Duet of Egor and Semyon Allegro
9. March of the Models Allegro","2.picc.2.corA.2.Ebcl.ssax.2.dbn-4.3.3.1-timp.perc:tgl/wdbl/SD/cyms/BD/
gong/glsp/xyl/flex/tam-t-harp-strings",unfinished,,Libretto by Nikolai Aseev
,,Orango,Оранго,Moscow-Leningrad,1932/6-1932/7,"1. Overture Adagio · Allegro
2. [for bass, choir and orchestra] L’istesso tempo · Alla marcia
3. [Foreigners I and II, Veselchak Andantino · Alla marcia
4. [Nastya’s Dance] Andante
5. [Nastya’s Dance] Allegro
6. [Foreigners I and II, Veselchak, choir] Moderato
7. [Zoologist] Alla marcia
8. [Susanna, Foreigners I and II, Zoologist, Orango, Veselchak, choir] Allegro moderato · Meno mosso · Allegro
9. [Nastya’s taming dance] Allegretto · Adagio · Adagio · Allegretto · Allegretto
10. [Susanna, Zoologist, Orango, Veselchak, Voice from the crowd, choir Adagio · Andantino · Allegretto · Meno mosso
11. [Renée, Armand, Paul, Veselchak, choir Allegretto · Tempo di valse · L’istesso tempo · Alla marcia · Presto","2.picc.2.corA.2.Ebcl.ssax.asax.2.dbn-6.3.3.1-perc:timp/tgl/rattle/wdbl/cast/
ratchet/tamb/SD/BD/cyms/tam-t/whistle/claxon-charleston/SD/tD/BD/susp.
cym-swanee whistle/flex/glsp/xyl)-banjo-strings",unfinished,,Libretto by Count Alexei Tolstoy and Alexander Starchakov
,,From Karl Marx to Our Own Days,От Карла Маркса до наших дней,,1932/8,,,"unfinished, lost",,Text by Nikolai Aseev
,,Madrigal (Impromptu),Мадригал (Экспромт),Leningrad,1933/2/22,Allegretto maestoso,tenor and piano,,,Text: Mikhail Pravdin
,,I Love…,Я люблю ...,Gaspra,1933/9/6,,tenor and piano,,,Text: Dmitri Shostakovich (?)
,,Suite for Bassoon and Piano,Сюита для фагота и фортепиано,,1934(?),,,,,sketches only
,,Unfinished Symphony,Неоконченная симфония (1934),Leningrad,1934/11 – early 1935,Adagio · Allegro non troppo,"4(III=picc).4(IV=corA).4(III=Ebcl,IV=bcl).4(IV=dbn)-8.4.3.1-timp.tam-t-strings",,,"Symphonic fragment of 137 bars which may have been conceived as the first mo
vement of a Fourth Symphony"
,,Suite for Jazz Orchestra No. 1,[Сюита № 1 для джаз-оркестра,Leningrad,1934/1-1934/2,"1. Waltz Moderato
2. Polka Allegretto
3. Foxtrot (Blues) Moderato","0.0.ssax(=asax).asax.tsax.0-0.2.1.0-perc:wdbl/SD/cyms/glsp/xyl-banjo-ha
waiian gtr-pft-vln.db",,,
,,Funeral March on Sergei Kirov’s Death,Похоронный марш на смерть С. М. Кирова,Leningrad,1934/12/,,,lost,,
,,Four Fugues,Четыре фуги,Polenovo,1934/7/22-1934/7/28,"1. C major  4 voci
2. A minor 3 voci
3. G major 4 voci
4. E minor 2 voci unfinished",piano,,,
,,Narodovoltsy,,Polenovo – Leningrad,1934/7-1934/8,,,unfinished,,Libretto (probably) by Alexander Preis and Dmitri Shostakovich based on Anton Chekhov and Mikhail Saltykov-Shchedrin
,,Moderato,Moderato,Polenovo,1934/7-1934/8/15,,violoncello and piano,,,
,,Symphony of Psalms,Симфория псалмов,,1937,"1. q = 92 attacca
2. e = 60 attacca
3. q = 48 · h = 80 · q = 48 · h = 80 · Doppio movimento (q = 48)",piano four hands,,,"[igor stravinsky (1882 – 1971)]  
Arrangement    
Psalm 38, Verses 13 and 14 (No.1), Psalm 39, Verses 2, 3 and 4 (No. 2) and Psalm 150 (No. 3)"
,,Internationale,Интернационал,,1937,,"3.3.4.3-4.3.3.1-timp.perc:tgl/chimes/tamb/SD/BD/cyms-strings-banda:crt/2s
sax/2tsax/2barsax/2bsax",,,
,,Suite for Jazz Orchestra No. 2,Сюита № 2 для джаз-оркестра,Leningrad,1938 summer- 1938 early autumn,"1. Scherzo Allegretto alla marcia
2. Lullaby Andante
3. Serenade Allegretto","0.0.2asax.2tsax.barsax-0.4.2.1-perc(2):wdbl/SD/BD/2susp.cyms;tgl/cast/flex/
tam-t/glsp/xyl-3gtr-3banjos-pft-strings(6.0.0.0.2)",,Commissioned by the USSR State Jazz Orchestra,Reconstructed and orchestrated by Gerard McBurney
,,Romance,Романс,,1938/1941,,voice and piano,lost,,Text by Heinrich Heine
,,Lenin Symphony,Ленинская симфония,,1938/4/15–1940(?),,"soloists, choir and orchestra",lost,,Text: Vladimir Mayakovsky’s poem ‘Vladimir Ilyich Lenin’ and verses by folk poets Suleiman Stalsky and Dzhambul Dzhabayev
,,the 12 Chairs,Двенадцать стульев,Leningrad,1939,,,unfinished,,"Libretto by Evgeni Petrov and V. Vladimirov after the like-named story by Ilya Ilf and Evgeni Petrov
Most likely Shostakovich only sketched a few portions of the work."
,,Suite on Finnish Themes,Семь обработок финских народных песен (Сюита на финские темы),,1939/12/3,"1. Introduction. Feast days are for lads like these ... Energico [instrumental] 
2. The blue sky above me ... Giocoso · Meno mosso · Tempo I
3. I went out into the grove on a summer’s night ... Lento non troppo [instrumental]
4. Here in our village ... Andante
5. Dark red woodland berry ... Moderato, tempo giusto
6. Oh, would I be free ... Allegretto
7. Like a rose petal ... Allegretto",1.1.1.0-0.1.0.0.0-perc:tgl/tamb/SD-pft-strings,,Commissioned by the Political Department of the Leningrad Military District,"Seven arrangements of Finnish folk songs for soprano (Nos. 2, 4, 6 and 7), tenor 
(Nos. 4, 5, 6 and 7) and chamber orchestra
Russian texts: Nos. 2, 4, 5 and 6 by Manashir Yakubov on the basis of the original 
Finnish lyrics – No. 7 by Vladimir Garlitsky based on N. Borovko-Lange’s transla
tion."
,,Mephistopheles’s Song in Auerbach’s Cellar,М. П. Мусоргский. Песня Мефистофеля в погребке Ауэрбаха,,1940,,bass and orchestra,,,"(SONG OF THE FLEA) 
[modest musorgsky (1839 - 1881)] 
Arrangement for bass and orchestra from Musorgsky’s song for contralto and piano (1879)"
,,Vergnügungszug,И. Штраус. Поезд удовольствий,Leningrad,1940,,2(II=picc).2.2.2-4.2.3.0-timp.perc:tgl/tamb/SD/cyms-strings,,,"[johann strauss ii (1825 - 1899)] 
(EXCURSION TRAIN POLKA)
Polka-Galop, Op. 281 orchestrated for insertion in a production of ‘Der Zigeunerbaron’ [The Gipsy Baron]"
,,3 Pieces,Три пьесы,Leningrad,1940,"1. Prelude
2. Gavotte
3. Waltz",solo violin,lost,,Originally Op. 59.
,,Ceremonial March in D‐Flat Major,Торжественный марш,,1940 (late) - 1941 (early),Allegro non troppo,"military band
2(II=picc).2.4(IV=Ebcl).2-4.2.3.2-perc:SD/BD/cyms-banda:2crt/2ahn/2thn/
barhn/2tubas
picc, ob, bn, horns III and IV, trbn ad lib.",,,
,,Wiener Blut (Vienna Blood),,Leningrad,1941,,,,,"[johann strauss ii (1825 - 1899) · adolf müller (1839 - 1901)]
Reorchestration by Shostakovich
Russian text by Viktor Tipot"
,,A Great Day Has Come,Великий день настал,Leningrad,1941,Moderato,"bass, choir and piano",,,Text by Vissarion Sayanov – written for the NKVD Ensemble
,,Polka in F‐Sharp Minor,М. Балакирев. Полька. Переложение для двух арф,kuibyshev,1941  (late),Introduzione Allegretto · Polka Scherzando · Coda,2 harps,,Commissioned by the harpist Vera Dulova,"[mili balakirev (1836 - 1910)] 
for two harps – arrangement of one of Balakirev’s piano pieces"
,,Katyusha Maslova,Катюша Маслова,Leningrad,1941 spring,,,unfinished,,"Libretto by Anatoli Mariengof after Lev Tolstoy’s novel ‘Resurrection’
Sketches only"
,,27 Songs for the Front,Двадцать семь песен фронтовых дорог,Leningrad,1941/7/12 – 1941/7/14,"1. ‘Farewell’ Сдержанно [Sostenuto] [dmitri pokrass]
2. ‘Those Are No Ordinary Clouds But Thunderclouds’ Не спеша [Andante] [dmitri and daniil pokrass (1899 - 1978/1905 - 1954), from the music to the film ‘Sons of a Working People’]
3. ‘Song About Shchors’ Довольно скоро. Ритмично [Allegretto. Ritmico] [matvei blanter (1903 - 1990)]
4. ‘Do Not Touch Us!’ Moderato [yuri milyutin (1903 - 1968)], from the music to the film ‘Mitka-Lelyuk’]
5. ‘The Girl’s Song’ Темп медленного вальса [Tempo di valse lento] [david pritsker (1900 - 1978)
6. ‘Oh, How Great’ Довольно быстро и очень весело [Allegro e gaio] [Isaak dunaevsky (1900 - 1955), March of the Pioneers from the music to the film ‘The Beethoven Concerto’]
7. ‘Sing For Us, Wind’ Маршеобразно и добро [Tempo di marcia] [isaak du naevsky, from the music to the film ‘The Children of Captain Grant’]
8. ‘Song of the Sea’ Темп марша. Мужественно [Tempo di marcia. Risoluto] [isaak dunaevsky]
9. ‘Anyuta’s Song’ Медленно [Adagio] · Темп медленного вальса [Tempo di valse lento] [isaak dunaevsky, from the music to the film ‘Jolly Fellows’]
10. ‘Maman, dites-moi’ Un poco allegretto · Poco meno [jean-baptiste weckerlin (1821 - 1910), from ‘Bergerettes, romances et chansons du XVIII siècle’]
11. ‘Come Fill, Fill, My Good Fellow’ [Spirituoso ma non troppo presto] [ludwig van beethoven (1770 - 1828), from ‘25 Scottish Songs’, Op. 108, 13]
12. ‘La pastorella dell’alpi’ Allegretto [gioachino rossini (1792 - 1868), from ‘Soirées musicales’]
13. ‘Habanera’ Allegretto quasi andantino [georges bizet (1838 - 1875), from ‘Carmen’, Act I]
14. ‘Serenata d’Arlecchino’ Allegretto un poco moderato [ruggero leoncavallo (1857 - 1919), from ‘Pagliacci’, Act II]
15. ‘Zemfira’s Gipsy Song’ Vivace · Un poco meno mosso · Tempo I [alexei verstovsky (1799 - 1862)]
16. ‘The Little Sarafan’ Allegretto [alexander gurilyov (1803 - 1858)]
17. ‘Really, I Shall Tell Mama’ Allegretto [alexander gurilyov]
18. ‘Feverishness’ Allegretto [alexander dargomyzhsky (1813 - 1869)]
19. ‘Granada Clothed in Mist’ Allegro · Più lento · A tempo [alexander dargomyzhsky, from ‘The Stone Guest’]
20. ‘Like in Our Street’ Allegretto [alexander dargomyzhsky, from ‘Rusalka’]
21. ‘Comic Song’ [Allegretto] [alexander dargomyzhsky, from ‘Rogdana’]
22. ‘Gopak’ Allegro · Meno mosso · Ancora meno mosso · Poco à poco accelerando · Più accelerando · Tempo I · Più mosso · Più vivo [modest musorgsky (1839 - 1881)]
23. ‘Khivrya’s Song’ Moderato assai · Andante mosso · Più mosso · Agitato · Più tranquillo · Allegretto scherzando · Meno mosso · Poco più mosso · Tempo I · Andantino [modest musorgsky, from ‘Sorochintsy Fair’, Act II]
24. ‘Parasya’s Dumka’ Andantino · Allegretto grazioso · Poco meno mosso · Più mosso · Più animato [modest musorgsky, from ‘Sorochintsy Fair’, Act III]
25. Song of the Varangian Guest Andante non troppo [nikolai rimsky-korsakov (1844 - 1908), from ‘Sadko’, Scene 4]
26. ‘I am Sitting on a Rock’ Умеренно скоро [Poco allegro] [mikhail ippolitovivanov (1859 - 1935)]
27. ‘Where Did You Come From?’ Allegro · Un poco meno mosso · Vivace · Allegretto · Meno mosso assai [semyon gulak-artemovsky (1813 - 1873), from ‘A Cossack Beyond the Danube’, Duet of Odarka and Ivan Karas, Act I]",,,,Arrangements for voice(s) with violin and violoncello accompaniment
,,Song of the Regiment of the Guards,Песня гвардейской дивизии,Leningrad,1941/7/15,Allegro comodo,"bass, mixed choir and piano for the music ensemble of the People’s Volunteer 
Corps Theatre in Leningrad",,,Text by Lev Rakhmilevich
,,the Tale of the Priest and His Servant Balda,Сказка о попе и о работнике его Балде,,,,"4(II,III=picc).3(III=corA).4(II=Ebcl,III=bcl).2ssax.2tsax.3(III=dbn)
4.3.Bar.3.1-timp.perc:tgl/rattle/wdbl/tamb/SD/BD/cyms/t.bells/pistol/glsp/
xyl/vib-hp-accordion-bayan.gtr.balalaika-strings",,Commissioned by the RSFSR Ministry of Culture,Opera in two acts compiled by Sofia Khentova (1980)
,next,https://www.boosey.com/downloads/schostakowitsch_werkverzeichnis.pdf,p.158,,,,,,,